User ID,Full Name,Email Address,Phone Number,Age,Total Sales ($),Department,City,Join Date
10000,Michael Martin,michael.martin870@example.com,+1-470-206-6191,42.0,27622.7,Marketing,Austin,2024-01-22
10001,Mary Lopez,mary.lopez423@example.com,+1-585-291-6051,42.0,94534.82,Engineering,Boston,2020-09-09
10002,Linda Thomas,linda.thomas792@example.com,+1-389-786-4005,,129691.36,Finance,New York,2020-06-15
10003,William Johnson,william.johnson349@example.com,+1-291-466-8099,28.0,93449.52,Marketing,Boston,2023-01-09
10004,Jennifer Martinez,jennifer.martinez781@example.com,+1-676-802-7873,55.0,62296.78,HR,Boston,2022-03-26
10005,Elizabeth Thomas,elizabeth.thomas758@example.com,+1-537-978-5887,47.0,144962.02,HR,Seattle,2021-05-07
10006,Michael Rodriguez,michael.rodriguez353@example.com,+1-328-747-6258,38.0,108144.58,Marketing,New York,2021-01-13
10007,Michael Rodriguez,michael.rodriguez849@example.com,+1-979-132-8215,44.0,101981.98,Finance,Austin,2021-11-14
10008,Robert Anderson,robert.anderson471@example.com,+1-842-868-2028,47.0,39217.81,Product,Austin,2021-01-27
10009,Charles Miller,charles.miller250@example.com,+1-763-195-7019,51.0,25203.06,Finance,Austin,2021-06-24
10010,Mary Martinez,mary.martinez566@example.com,+1-773-745-4627,41.0,134421.05,Marketing,San Francisco,2023-10-03
10011,Sarah Gonzalez,sarah.gonzalez754@example.com,+1-458-458-9901,29.0,82442.97,Product,Chicago,2023-06-02
10012,William Martin,william.martin122@example.com,+1-696-541-2291,60.0,77101.03,Sales,Chicago,2024-07-06
10013,Robert Smith,robert.smith394@example.com,+1-602-737-6249,47.0,147919.32,HR,Austin,2023-04-22
10014,Sarah Johnson,sarah.johnson207@example.com,+1-710-851-7287,,26854.04,Marketing,Boston,2021-04-08
10015,Charles Williams,charles.williams520@example.com,+1-346-247-3911,28.0,30283.13,Sales,San Francisco,2022-05-21
10016,Linda Williams,linda.williams272@example.com,+1-963-243-9815,23.0,149456.79,Product,Seattle,2021-03-28
10017,John Jackson,john.jackson825@example.com,+1-407-230-5499,45.0,63653.68,Sales,Seattle,2021-08-09
10018,John Thomas,john.thomas519@example.com,+1-672-198-3200,50.0,46168.54,Product,San Francisco,2024-09-25
10019,James Brown,james.brown810@example.com,+1-597-376-5911,41.0,58137.97,Marketing,New York,2021-10-01
10020,Barbara Garcia,barbara.garcia239@example.com,+1-564-662-6895,48.0,67987.18,Finance,Boston,2024-06-20
10021,Susan Jackson,susan.jackson525@example.com,+1-746-291-8679,38.0,149209.82,,Chicago,2022-12-05
10022,Thomas Wilson,thomas.wilson190@example.com,+1-806-198-1699,54.0,15925.21,Finance,Chicago,2022-07-16
10023,Linda Williams,linda.williams881@example.com,+1-885-891-8455,43.0,57003.78,Marketing,San Francisco,2023-11-10
10024,Susan Miller,susan.miller486@example.com,+1-881-858-1537,,42150.01,Finance,Seattle,2024-03-09
10025,Elizabeth Wilson,elizabeth.wilson409@example.com,+1-853-982-7614,36.0,59459.53,Engineering,Boston,2020-02-20
10026,Thomas Martin,thomas.martin691@example.com,+1-982-153-3491,58.0,80725.27,Finance,Seattle,2022-09-30
10027,Sarah Anderson,sarah.anderson876@example.com,+1-855-368-5465,63.0,51828.69,Sales,Austin,2024-06-15
10028,William Lopez,william.lopez650@example.com,+1-257-733-1512,55.0,39769.17,Product,New York,2021-05-02
10029,Robert Williams,robert.williams85@example.com,+1-353-755-4506,,,Finance,Boston,2023-05-28
10030,Sarah Jones,sarah.jones213@example.com,+1-417-573-3479,42.0,,Sales,Boston,2024-10-23
10031,Patricia Johnson,patricia.johnson189@example.com,+1-422-861-3489,53.0,129191.03,Finance,Chicago,2021-05-30
10032,Sarah Lopez,sarah.lopez699@example.com,+1-874-479-5000,64.0,141512.4,Marketing,New York,2023-12-11
10033,Elizabeth Wilson,elizabeth.wilson907@example.com,+1-452-598-9945,,53800.36,Engineering,Chicago,2022-08-27
10034,Patricia Moore,patricia.moore502@example.com,+1-274-512-8543,57.0,65602.17,Finance,New York,2021-11-06
10035,Thomas Williams,thomas.williams557@example.com,+1-295-763-7806,53.0,129469.85,Sales,Chicago,2020-10-05
10036,Sarah Thomas,sarah.thomas738@example.com,+1-541-496-1698,40.0,61434.24,HR,Chicago,2023-06-10
10037,Sarah Jackson,sarah.jackson515@example.com,+1-566-243-5980,26.0,47515.56,Sales,Seattle,2022-06-09
10038,Michael Gonzalez,michael.gonzalez702@example.com,+1-241-285-7541,52.0,13101.32,Marketing,Chicago,2020-08-22
10039,Elizabeth Taylor,elizabeth.taylor262@example.com,+1-429-618-6293,34.0,37273.58,Sales,San Francisco,2022-03-05
10040,Charles Davis,charles.davis505@example.com,+1-564-932-2365,38.0,142351.04,Sales,Chicago,2023-03-01
10041,Elizabeth Miller,elizabeth.miller100@example.com,+1-913-957-5268,34.0,63754.3,Product,San Francisco,2024-08-10
10042,James Williams,james.williams982@example.com,+1-547-289-1504,46.0,130946.87,Product,Chicago,2020-05-13
10043,Joseph Thomas,joseph.thomas895@example.com,+1-412-302-6348,57.0,85308.87,HR,New York,2023-11-26
10044,James Williams,james.williams665@example.com,+1-670-111-2353,53.0,13390.27,Product,Seattle,2023-12-02
10045,Elizabeth Moore,elizabeth.moore549@example.com,+1-931-968-5835,48.0,106233.45,Sales,New York,2022-07-17
10046,Richard Wilson,richard.wilson556@example.com,+1-452-489-6713,26.0,93945.2,Engineering,San Francisco,2022-04-03
10047,James Smith,james.smith155@example.com,+1-423-338-8449,46.0,,Marketing,New York,2024-01-24
10048,Susan Garcia,susan.garcia485@example.com,+1-908-962-6989,24.0,85537.6,Finance,Chicago,2021-11-07
10049,William Wilson,william.wilson10@example.com,+1-250-784-1716,25.0,,Sales,San Francisco,2023-10-03
10050,John Moore,john.moore277@example.com,+1-253-335-9580,51.0,132114.77,Sales,New York,2021-09-15
10051,Barbara Johnson,barbara.johnson84@example.com,+1-634-202-7881,59.0,93172.74,Engineering,Boston,2023-09-20
10052,Jennifer Smith,jennifer.smith993@example.com,+1-534-641-5854,63.0,130042.74,Finance,Chicago,2022-06-18
10053,Sarah Jones,sarah.jones555@example.com,+1-973-152-6569,34.0,35323.96,Marketing,Austin,2020-04-20
10054,Susan Davis,susan.davis909@example.com,+1-559-795-9472,24.0,131776.05,Marketing,Chicago,2021-11-02
10055,Robert Moore,robert.moore613@example.com,+1-881-928-7677,42.0,84563.72,Finance,New York,2021-06-07
10056,Richard Rodriguez,richard.rodriguez803@example.com,+1-448-146-6240,43.0,,Product,Austin,2022-04-10
10057,Elizabeth Taylor,elizabeth.taylor876@example.com,+1-452-791-1302,43.0,39236.9,HR,Boston,2023-05-24
10058,Charles Miller,charles.miller12@example.com,+1-822-849-7506,39.0,69874.79,Marketing,Austin,2022-11-04
10059,Michael Taylor,michael.taylor240@example.com,+1-285-573-1125,46.0,134126.46,HR,New York,2024-05-22
10060,Patricia Anderson,patricia.anderson479@example.com,+1-233-722-8943,61.0,67590.63,Marketing,San Francisco,2021-02-28
10061,Richard Garcia,richard.garcia750@example.com,+1-576-388-2460,43.0,37673.26,Product,Seattle,2023-10-05
10062,William Williams,william.williams252@example.com,+1-742-139-5324,57.0,149602.05,Product,San Francisco,2021-04-12
10063,Thomas Garcia,thomas.garcia956@example.com,+1-773-540-5289,36.0,82580.33,Engineering,Austin,2020-06-21
10064,Charles Martin,charles.martin234@example.com,+1-731-212-7283,22.0,93539.91,Product,Chicago,2020-05-18
10065,Jennifer Moore,jennifer.moore19@example.com,+1-460-749-3219,23.0,,Engineering,Seattle,2020-11-16
10066,Joseph Garcia,joseph.garcia428@example.com,+1-805-194-8984,26.0,125439.81,HR,San Francisco,2020-11-29
10067,John Williams,john.williams522@example.com,+1-495-419-6951,50.0,25266.99,Sales,Chicago,2020-09-26
10068,Charles Wilson,charles.wilson419@example.com,+1-773-231-1600,63.0,61904.54,Product,Austin,2024-07-18
10069,Thomas Smith,thomas.smith512@example.com,+1-815-203-5018,60.0,21950.22,Product,Austin,2021-01-25
10070,Joseph Smith,joseph.smith487@example.com,+1-430-519-3204,59.0,,Finance,Chicago,2023-12-05
10071,Linda Jones,linda.jones644@example.com,+1-317-905-7028,52.0,59929.13,Finance,Seattle,2024-09-15
10072,Patricia Lopez,patricia.lopez694@example.com,+1-329-510-1094,57.0,83695.04,Marketing,Austin,2020-03-09
10073,Jennifer Davis,jennifer.davis32@example.com,+1-545-401-9554,33.0,137218.6,Product,San Francisco,2022-09-11
10074,Elizabeth Brown,elizabeth.brown333@example.com,+1-332-987-4876,29.0,99448.25,Sales,Seattle,2023-11-02
10075,William Hernandez,william.hernandez416@example.com,+1-968-913-6732,42.0,29000.47,HR,Boston,2022-09-09
10076,Elizabeth Anderson,elizabeth.anderson670@example.com,+1-630-408-9393,47.0,53357.38,HR,New York,2024-06-13
10077,Mary Taylor,mary.taylor649@example.com,+1-962-278-2205,45.0,88756.63,HR,Boston,2024-03-04
10078,Jessica Taylor,jessica.taylor976@example.com,+1-283-460-1688,41.0,65120.5,HR,Chicago,2023-10-15
10079,Charles Jackson,charles.jackson327@example.com,+1-231-769-5524,50.0,73449.71,Marketing,San Francisco,2022-02-07
10080,Thomas Moore,thomas.moore231@example.com,+1-877-930-7016,29.0,129958.92,Marketing,San Francisco,2024-01-21
10081,Jessica Miller,jessica.miller358@example.com,+1-207-932-6954,45.0,33436.4,Finance,Boston,2022-01-30
10082,Joseph Davis,joseph.davis427@example.com,+1-295-187-3538,37.0,62591.61,Finance,Boston,2021-04-13
10083,Linda Miller,linda.miller682@example.com,+1-350-184-5242,40.0,89541.03,HR,San Francisco,2021-05-28
10084,Mary Williams,mary.williams480@example.com,+1-318-495-2555,26.0,55052.86,Product,New York,2023-06-03
10085,Elizabeth Taylor,elizabeth.taylor723@example.com,+1-357-731-3106,44.0,120979.01,Sales,San Francisco,2023-02-12
10086,Michael Rodriguez,michael.rodriguez767@example.com,+1-477-334-3541,25.0,,Finance,Chicago,2021-09-01
10087,Linda Brown,linda.brown50@example.com,+1-233-116-6796,46.0,77132.41,HR,Chicago,2020-12-07
10088,Elizabeth Johnson,elizabeth.johnson277@example.com,+1-948-920-9646,31.0,137589.73,Engineering,Chicago,2024-02-08
10089,David Smith,david.smith828@example.com,+1-892-391-6490,47.0,14896.21,Marketing,Austin,2024-03-15
10090,Mary Anderson,mary.anderson673@example.com,+1-957-505-7212,54.0,44137.13,HR,Austin,2024-10-28
10091,David Johnson,david.johnson210@example.com,+1-353-549-2524,30.0,15894.98,Sales,New York,2023-05-25
10092,John Williams,john.williams507@example.com,+1-428-207-9363,51.0,5761.8,HR,Austin,2024-06-24
10093,Linda Taylor,linda.taylor824@example.com,+1-211-417-9407,40.0,111172.61,Finance,New York,2024-10-16
10094,Jessica Lopez,jessica.lopez664@example.com,+1-770-588-9044,47.0,10716.89,Engineering,New York,2022-09-07
10095,Michael Rodriguez,michael.rodriguez892@example.com,+1-887-939-2521,44.0,120324.57,Product,Seattle,2022-07-23
10096,Barbara Williams,barbara.williams629@example.com,+1-387-912-1130,58.0,81888.44,Engineering,Seattle,2020-02-08
10097,Richard Moore,richard.moore170@example.com,+1-215-592-9502,56.0,131164.34,Product,Austin,2022-01-28
10098,Michael Wilson,michael.wilson38@example.com,+1-676-417-9436,37.0,131683.18,Sales,San Francisco,2022-07-14
10099,Thomas Williams,thomas.williams438@example.com,+1-341-475-3033,,108755.23,Finance,New York,2021-03-07
10100,Thomas Brown,thomas.brown149@example.com,+1-386-904-5805,60.0,132472.15,Product,Austin,2022-12-21
10101,Elizabeth Martin,elizabeth.martin870@example.com,+1-774-409-4564,31.0,11807.08,Sales,San Francisco,2022-07-25
10102,Robert Anderson,robert.anderson736@example.com,+1-888-620-2913,63.0,79710.95,Engineering,Boston,2023-03-14
10103,Joseph Rodriguez,joseph.rodriguez589@example.com,+1-556-709-2290,62.0,61719.62,Marketing,Seattle,2024-04-13
10104,William Anderson,william.anderson49@example.com,+1-736-360-1954,55.0,64225.72,Product,Austin,2023-04-14
10105,Richard Jones,richard.jones982@example.com,+1-792-213-1317,50.0,136444.49,Marketing,San Francisco,2020-02-09
10106,Charles Thomas,charles.thomas177@example.com,+1-291-452-2704,34.0,126366.93,Sales,Chicago,2023-04-08
10107,Robert Hernandez,robert.hernandez566@example.com,+1-960-130-8561,53.0,53592.23,Product,San Francisco,2020-12-21
10108,Mary Gonzalez,mary.gonzalez55@example.com,+1-866-212-3064,61.0,42671.52,,Chicago,2021-11-05
10109,William Johnson,william.johnson840@example.com,+1-611-671-3382,51.0,114286.33,Product,Seattle,2022-07-04
10110,Thomas Lopez,thomas.lopez927@example.com,+1-600-985-3752,43.0,95032.75,Marketing,San Francisco,2020-11-01
10111,John Martin,john.martin390@example.com,+1-659-106-9220,,124119.38,Marketing,Austin,2021-07-23
10112,Patricia Taylor,patricia.taylor108@example.com,+1-596-588-1038,36.0,120247.38,Finance,Austin,2022-06-02
10113,David Williams,david.williams858@example.com,+1-581-847-1988,42.0,136881.05,Finance,Austin,2020-03-24
10114,James Garcia,james.garcia536@example.com,+1-361-262-4056,46.0,108663.99,Engineering,Seattle,2020-07-26
10115,Elizabeth Anderson,elizabeth.anderson36@example.com,+1-885-661-7342,24.0,120535.69,HR,Chicago,2024-04-08
10116,Barbara Miller,barbara.miller282@example.com,+1-435-951-2763,30.0,34076.09,Sales,Seattle,2021-12-26
10117,David Gonzalez,david.gonzalez730@example.com,+1-271-888-9465,51.0,61911.57,Product,Boston,2024-04-16
10118,William Davis,william.davis788@example.com,+1-413-790-7731,53.0,7663.31,,Boston,2020-04-01
10119,James Johnson,james.johnson234@example.com,+1-944-688-8833,43.0,51703.73,Product,San Francisco,2024-09-05
10120,Elizabeth Taylor,elizabeth.taylor881@example.com,+1-516-734-2925,30.0,140750.78,Sales,San Francisco,2021-12-16
10121,Joseph Miller,joseph.miller468@example.com,+1-283-307-1899,27.0,123508.18,Engineering,Austin,2023-02-24
10122,Elizabeth Lopez,elizabeth.lopez918@example.com,+1-736-400-2266,40.0,146500.46,HR,Chicago,2024-10-22
10123,Jessica Garcia,jessica.garcia923@example.com,+1-922-761-5644,53.0,83659.4,Marketing,Austin,2022-07-12
10124,Joseph Smith,joseph.smith912@example.com,+1-531-916-8005,42.0,110439.52,Finance,Seattle,2022-03-15
10125,Jessica Taylor,jessica.taylor956@example.com,+1-807-716-7563,55.0,75567.0,Engineering,San Francisco,2022-07-20
10126,Elizabeth Williams,elizabeth.williams246@example.com,+1-729-651-3958,54.0,24077.31,HR,Boston,2024-06-10
10127,Robert Jones,robert.jones943@example.com,+1-752-417-2525,35.0,79648.52,Sales,Seattle,2020-05-09
10128,Mary Williams,mary.williams238@example.com,+1-460-548-6543,33.0,23976.68,Finance,Austin,2022-10-30
10129,Linda Lopez,linda.lopez871@example.com,+1-560-356-7276,41.0,90243.23,HR,New York,2020-11-08
10130,Robert Anderson,robert.anderson213@example.com,+1-364-404-4568,49.0,130311.35,Product,Seattle,2023-06-28
10131,Robert Martin,robert.martin291@example.com,+1-996-100-7262,56.0,70568.86,Finance,Austin,2022-04-16
10132,Sarah Moore,sarah.moore225@example.com,+1-450-910-1125,55.0,51853.95,Finance,New York,2022-11-28
10133,Elizabeth Garcia,elizabeth.garcia861@example.com,+1-350-483-6757,37.0,141273.87,HR,San Francisco,2023-09-26
10134,Robert Anderson,robert.anderson95@example.com,+1-374-901-6238,47.0,59273.03,Product,San Francisco,2023-03-14
10135,Elizabeth Wilson,elizabeth.wilson973@example.com,+1-200-246-4124,26.0,88691.86,Product,Seattle,2022-10-06
10136,Susan Gonzalez,susan.gonzalez594@example.com,+1-956-688-4230,62.0,20820.9,Engineering,Chicago,2023-01-30
10137,Jessica Gonzalez,jessica.gonzalez288@example.com,+1-564-430-4712,45.0,48046.04,Sales,Chicago,2024-08-05
10138,Charles Smith,charles.smith314@example.com,+1-935-596-7059,59.0,15613.41,Marketing,Boston,2022-08-31
10139,Elizabeth Thomas,elizabeth.thomas459@example.com,+1-653-728-2177,46.0,60128.36,Engineering,Chicago,2022-09-01
10140,Jennifer Wilson,jennifer.wilson507@example.com,+1-563-990-7570,42.0,33387.81,Finance,Seattle,2021-02-02
10141,Richard Jackson,richard.jackson811@example.com,+1-533-992-1963,48.0,139792.85,HR,Austin,2024-07-29
10142,Thomas Gonzalez,thomas.gonzalez653@example.com,+1-289-444-5445,32.0,22867.28,HR,San Francisco,2022-11-28
10143,Linda Martinez,linda.martinez961@example.com,+1-235-183-2798,22.0,59158.9,Finance,San Francisco,2021-07-12
10144,William Rodriguez,william.rodriguez792@example.com,+1-209-477-6752,63.0,135503.35,Sales,San Francisco,2022-05-08
10145,Michael Martinez,michael.martinez866@example.com,+1-345-775-4040,26.0,29362.06,Marketing,Seattle,2023-06-03
10146,Robert Anderson,robert.anderson428@example.com,+1-654-259-9841,30.0,61681.37,Finance,New York,2023-07-01
10147,Jessica Williams,jessica.williams563@example.com,+1-573-736-7602,60.0,54458.05,Product,Austin,2024-05-22
10148,Barbara Brown,barbara.brown753@example.com,+1-940-452-8843,24.0,63172.25,Sales,Austin,2022-12-29
10149,Mary Jones,mary.jones437@example.com,+1-738-259-8397,29.0,99377.22,Product,Seattle,2021-01-15
10150,Elizabeth Johnson,elizabeth.johnson623@example.com,+1-408-902-5211,29.0,89168.88,Engineering,Seattle,2021-03-28
10151,Susan Martinez,susan.martinez455@example.com,+1-869-732-4083,38.0,48623.7,HR,Austin,2024-08-06
10152,Robert Martin,robert.martin881@example.com,+1-447-463-3368,51.0,80538.91,Product,Boston,2022-09-04
10153,Elizabeth Garcia,elizabeth.garcia509@example.com,+1-937-608-4725,57.0,48953.61,Engineering,Chicago,2024-05-20
10154,James Hernandez,james.hernandez844@example.com,+1-379-801-8574,47.0,92086.18,Product,Austin,2021-02-09
10155,Linda Lopez,linda.lopez248@example.com,+1-760-141-9785,56.0,102774.05,Engineering,Boston,2024-01-25
10156,William Anderson,william.anderson414@example.com,+1-874-677-8002,23.0,37424.09,Product,Seattle,2024-11-26
10157,James Brown,james.brown104@example.com,+1-981-932-5917,24.0,143155.64,Product,New York,2024-08-03
10158,Joseph Brown,joseph.brown182@example.com,+1-211-899-9734,35.0,132035.25,Finance,Seattle,2021-03-22
10159,Charles Jackson,charles.jackson526@example.com,+1-666-877-7488,23.0,75267.23,Engineering,Chicago,2022-12-15
10160,William Wilson,william.wilson892@example.com,+1-462-179-9591,54.0,78866.21,Sales,Chicago,2023-10-14
10161,Jennifer Miller,jennifer.miller699@example.com,+1-262-584-8870,56.0,58325.11,HR,Boston,2024-03-29
10162,Mary Garcia,mary.garcia600@example.com,+1-860-749-8638,60.0,94747.49,Finance,Chicago,2020-08-29
10163,Patricia Taylor,patricia.taylor506@example.com,+1-899-494-5798,42.0,127431.78,Finance,San Francisco,2021-05-24
10164,Elizabeth Williams,elizabeth.williams754@example.com,+1-932-535-4493,63.0,118827.4,Finance,New York,2020-04-14
10165,Mary Thomas,mary.thomas38@example.com,+1-296-109-9433,61.0,71914.23,Marketing,San Francisco,2022-02-14
10166,Richard Jackson,richard.jackson590@example.com,+1-615-548-7230,58.0,11935.47,,Austin,2023-11-09
10167,Robert Martin,robert.martin286@example.com,+1-431-925-1365,57.0,55706.97,Marketing,Austin,2021-06-23
10168,Elizabeth Martinez,elizabeth.martinez559@example.com,+1-822-467-8504,52.0,,Sales,New York,2022-08-19
10169,Patricia Wilson,patricia.wilson626@example.com,+1-368-316-9569,31.0,120813.56,HR,Austin,2024-02-20
10170,Susan Johnson,susan.johnson532@example.com,+1-721-882-8569,30.0,58964.22,Marketing,Boston,2020-05-03
10171,Sarah Lopez,sarah.lopez297@example.com,+1-634-785-3160,42.0,46456.48,Product,New York,2022-02-18
10172,Elizabeth Wilson,elizabeth.wilson369@example.com,+1-437-746-9789,43.0,147777.11,Product,Seattle,2024-01-29
10173,Jessica Anderson,jessica.anderson416@example.com,+1-287-143-9652,43.0,83624.39,Finance,New York,2021-11-26
10174,Michael Lopez,michael.lopez376@example.com,+1-480-227-4300,29.0,71925.83,Sales,Seattle,2023-07-08
10175,Linda Johnson,linda.johnson500@example.com,+1-672-109-2428,60.0,94171.84,,New York,2020-04-21
10176,Elizabeth Taylor,elizabeth.taylor983@example.com,+1-213-732-4489,41.0,52405.08,Marketing,Boston,2023-05-19
10177,Sarah Martinez,sarah.martinez545@example.com,+1-426-253-2828,59.0,64830.17,Finance,San Francisco,2020-02-07
10178,Thomas Miller,thomas.miller525@example.com,+1-420-625-4586,45.0,20099.92,Engineering,Seattle,2022-06-18
10179,Charles Jackson,charles.jackson826@example.com,+1-518-977-7354,43.0,105835.27,HR,Boston,2023-08-30
10180,Susan Gonzalez,susan.gonzalez749@example.com,+1-549-282-7256,54.0,17847.06,HR,New York,2022-02-01
10181,Richard Smith,richard.smith410@example.com,+1-397-359-1659,48.0,104457.13,Product,Seattle,2020-03-15
10182,Sarah Martinez,sarah.martinez59@example.com,+1-970-718-7397,27.0,80121.42,Finance,Austin,2022-01-26
10183,Robert Jones,robert.jones989@example.com,+1-248-173-9895,26.0,107372.76,Engineering,Seattle,2021-09-29
10184,Patricia Garcia,patricia.garcia818@example.com,+1-381-785-8531,52.0,138780.34,Sales,Seattle,2021-12-25
10185,Michael Williams,michael.williams960@example.com,+1-419-369-1631,31.0,44432.71,Product,San Francisco,2024-10-18
10186,David Martin,david.martin859@example.com,+1-449-974-6560,42.0,82201.0,Sales,Austin,2024-03-22
10187,David Martin,david.martin481@example.com,+1-854-298-2449,47.0,65725.03,Product,New York,2020-06-13
10188,Robert Taylor,robert.taylor924@example.com,+1-570-956-7588,62.0,8195.1,Finance,Seattle,2022-06-13
10189,Thomas Johnson,thomas.johnson37@example.com,+1-242-780-7566,43.0,84581.61,Engineering,Boston,2024-02-26
10190,Mary Thomas,mary.thomas66@example.com,+1-265-941-1097,37.0,64706.0,Finance,Boston,2021-08-10
10191,Linda Williams,linda.williams713@example.com,+1-442-930-6055,53.0,42500.02,,San Francisco,2021-01-17
10192,Elizabeth Anderson,elizabeth.anderson735@example.com,+1-827-703-1781,48.0,142262.5,Engineering,Seattle,2022-11-15
10193,John Davis,john.davis53@example.com,+1-296-653-3274,27.0,58930.24,Sales,Austin,2023-04-16
10194,Elizabeth Martinez,elizabeth.martinez17@example.com,+1-707-575-6416,57.0,45084.05,Sales,Boston,2023-02-01
10195,Mary Miller,mary.miller857@example.com,+1-586-976-1258,48.0,45151.15,Product,New York,2020-08-07
10196,Susan Hernandez,susan.hernandez622@example.com,+1-459-465-6906,53.0,22058.38,Marketing,Boston,2022-11-05
10197,Richard Johnson,richard.johnson269@example.com,+1-301-605-9438,48.0,104594.84,Marketing,New York,2020-07-14
10198,Robert Williams,robert.williams710@example.com,+1-675-576-1264,59.0,83415.09,Marketing,Seattle,2023-11-01
10199,Mary Williams,mary.williams597@example.com,+1-675-897-5079,42.0,21376.77,Engineering,Boston,2023-12-11
10200,Joseph Moore,joseph.moore323@example.com,+1-274-378-7416,,121898.4,Product,Austin,2022-07-19
10201,John Davis,john.davis257@example.com,+1-355-146-2958,27.0,129081.9,HR,New York,2022-08-25
10202,Joseph Garcia,joseph.garcia152@example.com,+1-390-632-7370,35.0,136023.14,Sales,New York,2024-11-22
10203,Mary Wilson,mary.wilson559@example.com,+1-341-711-5596,29.0,,Marketing,Boston,2024-03-10
10204,Jennifer Thomas,jennifer.thomas92@example.com,+1-821-998-6394,30.0,126721.83,Finance,Boston,2022-12-22
10205,Charles Anderson,charles.anderson407@example.com,+1-319-536-3723,61.0,43180.79,Sales,New York,2023-10-31
10206,William Wilson,william.wilson231@example.com,+1-240-807-9259,49.0,128578.26,Sales,Chicago,2024-07-03
10207,Susan Taylor,susan.taylor441@example.com,+1-869-367-6154,32.0,149338.44,Engineering,Chicago,2024-11-25
10208,Elizabeth Smith,elizabeth.smith210@example.com,+1-644-423-5577,45.0,143594.55,Finance,Seattle,2021-03-13
10209,Sarah Davis,sarah.davis542@example.com,+1-749-887-4740,25.0,103081.82,HR,Seattle,2022-02-10
10210,Mary Johnson,mary.johnson356@example.com,+1-560-868-5005,27.0,,Engineering,New York,2021-07-26
10211,Linda Smith,linda.smith450@example.com,+1-292-720-3800,56.0,,,Chicago,2024-09-08
10212,Elizabeth Hernandez,elizabeth.hernandez413@example.com,+1-801-906-1340,63.0,47555.88,Product,New York,2023-09-29
10213,Charles Miller,charles.miller192@example.com,+1-240-650-5492,32.0,11503.77,Marketing,Chicago,2020-05-06
10214,Elizabeth Davis,elizabeth.davis465@example.com,+1-308-367-7588,,124449.61,HR,San Francisco,2024-01-16
10215,Richard Anderson,richard.anderson736@example.com,+1-888-786-2875,39.0,42220.66,HR,Boston,2024-08-23
10216,Elizabeth Martin,elizabeth.martin122@example.com,+1-936-431-8922,36.0,113728.36,Engineering,Chicago,2020-04-14
10217,Barbara Moore,barbara.moore572@example.com,+1-317-812-8544,60.0,131686.3,HR,Boston,2021-10-28
10218,Elizabeth Johnson,elizabeth.johnson90@example.com,+1-467-518-3282,22.0,17236.9,Engineering,Chicago,2023-05-21
10219,Jennifer Hernandez,jennifer.hernandez667@example.com,+1-619-710-4500,30.0,49415.46,Engineering,Boston,2023-04-26
10220,Elizabeth Anderson,elizabeth.anderson50@example.com,+1-262-122-1359,32.0,89418.82,Engineering,Austin,2023-02-15
10221,Robert Miller,robert.miller205@example.com,+1-620-667-5928,22.0,142263.44,Marketing,Chicago,2023-05-10
10222,David Taylor,david.taylor890@example.com,+1-775-424-1929,33.0,,HR,New York,2023-12-28
10223,David Gonzalez,david.gonzalez781@example.com,+1-865-254-8597,64.0,61258.08,Engineering,Austin,2020-09-18
10224,Robert Jones,robert.jones179@example.com,+1-323-968-7789,25.0,149254.41,Sales,New York,2022-03-07
10225,Richard Thomas,richard.thomas287@example.com,+1-267-168-4236,62.0,85288.17,Engineering,Chicago,2022-03-31
10226,Richard Jackson,richard.jackson771@example.com,+1-696-440-1382,42.0,145130.52,HR,Austin,2023-11-09
10227,Joseph Johnson,joseph.johnson148@example.com,+1-634-608-7416,56.0,132645.64,Product,New York,2024-08-14
10228,Robert Taylor,robert.taylor622@example.com,+1-363-985-4730,48.0,,Marketing,Boston,2024-09-04
10229,Michael Jones,michael.jones986@example.com,+1-383-119-2960,33.0,145593.12,Marketing,Austin,2021-10-27
10230,Patricia Garcia,patricia.garcia596@example.com,+1-616-315-3454,36.0,92834.52,Sales,Austin,2024-11-12
10231,Charles Anderson,charles.anderson760@example.com,+1-971-464-5258,30.0,13623.38,Finance,New York,2020-12-02
10232,Jennifer Williams,jennifer.williams452@example.com,+1-212-593-2724,,111434.32,Engineering,Boston,2023-10-04
10233,Susan Lopez,susan.lopez203@example.com,+1-880-763-1695,51.0,143829.96,Marketing,Austin,2023-10-25
10234,Michael Williams,michael.williams74@example.com,+1-491-124-7144,36.0,25713.29,Finance,Seattle,2023-02-25
10235,Elizabeth Rodriguez,elizabeth.rodriguez811@example.com,+1-583-359-9605,52.0,14571.43,Marketing,Austin,2022-06-28
10236,Charles Garcia,charles.garcia537@example.com,+1-265-756-8913,37.0,74347.68,Engineering,San Francisco,2024-02-06
10237,Michael Williams,michael.williams913@example.com,+1-414-731-4965,48.0,8193.9,Finance,New York,2022-07-01
10238,Charles Taylor,charles.taylor192@example.com,+1-222-643-6565,31.0,89950.39,Product,Seattle,2021-10-21
10239,Sarah Anderson,sarah.anderson31@example.com,+1-229-802-3307,34.0,137934.8,Engineering,Seattle,2024-07-12
10240,David Rodriguez,david.rodriguez725@example.com,+1-760-690-6086,50.0,11793.53,,Boston,2020-07-27
10241,Robert Lopez,robert.lopez898@example.com,+1-356-767-8818,22.0,23839.84,Sales,Austin,2024-08-24
10242,Richard Jackson,richard.jackson186@example.com,+1-397-723-7091,58.0,21823.29,Engineering,Chicago,2022-07-17
10243,Joseph Hernandez,joseph.hernandez22@example.com,+1-300-635-9043,32.0,142862.04,Sales,Boston,2024-10-02
10244,Linda Taylor,linda.taylor110@example.com,+1-701-403-3587,62.0,74015.32,Engineering,Boston,2020-08-14
10245,Jessica Jones,jessica.jones406@example.com,+1-299-130-5424,59.0,73480.86,Product,New York,2023-01-28
10246,Elizabeth Miller,elizabeth.miller813@example.com,+1-473-102-7469,42.0,103918.11,Product,Boston,2022-12-24
10247,Thomas Martinez,thomas.martinez574@example.com,+1-243-914-3100,,7130.54,Finance,Boston,2024-11-28
10248,John Anderson,john.anderson623@example.com,+1-216-879-4253,45.0,110104.19,Sales,Seattle,2023-11-02
10249,Susan Anderson,susan.anderson474@example.com,+1-303-703-3745,33.0,23204.78,Finance,San Francisco,2024-09-18
10250,Michael Smith,michael.smith64@example.com,+1-718-855-4709,33.0,5196.28,Marketing,Chicago,2021-04-28
10251,David Davis,david.davis234@example.com,+1-928-603-9835,61.0,14525.75,Sales,Chicago,2021-09-01
10252,Elizabeth Brown,elizabeth.brown611@example.com,+1-303-492-1630,26.0,81956.92,HR,San Francisco,2023-09-16
10253,Elizabeth Miller,elizabeth.miller371@example.com,+1-640-125-8468,40.0,26309.59,Finance,Seattle,2022-10-03
10254,Joseph Martin,joseph.martin111@example.com,+1-415-537-3606,52.0,107619.6,Engineering,San Francisco,2024-11-11
10255,James Moore,james.moore431@example.com,+1-937-114-3783,42.0,144534.98,Product,Boston,2024-05-16
10256,Richard Williams,richard.williams527@example.com,+1-292-619-1492,64.0,102780.6,Sales,Austin,2020-11-28
10257,William Thomas,william.thomas589@example.com,+1-451-659-3743,47.0,80768.26,HR,Austin,2020-12-22
10258,Jessica Garcia,jessica.garcia269@example.com,+1-819-982-9988,55.0,106255.12,Marketing,Chicago,2022-04-27
10259,Elizabeth Brown,elizabeth.brown504@example.com,+1-805-932-8594,60.0,,,San Francisco,2020-04-02
10260,Robert Martinez,robert.martinez264@example.com,+1-370-827-3217,61.0,127966.1,Marketing,Boston,2021-09-04
10261,Richard Martinez,richard.martinez749@example.com,+1-464-537-8927,48.0,143452.81,Sales,New York,2021-08-27
10262,John Williams,john.williams634@example.com,+1-558-702-4929,35.0,95195.74,Finance,Seattle,2022-05-10
10263,Jessica Smith,jessica.smith67@example.com,+1-353-976-4699,44.0,78363.9,Marketing,New York,2020-04-14
10264,Richard Rodriguez,richard.rodriguez742@example.com,+1-779-808-8423,32.0,86682.07,Finance,Austin,2021-08-10
10265,Joseph Miller,joseph.miller163@example.com,+1-751-744-5557,25.0,124358.32,HR,San Francisco,2021-09-19
10266,Susan Miller,susan.miller567@example.com,+1-693-604-5570,25.0,47810.06,Marketing,Chicago,2021-12-07
10267,Patricia Johnson,patricia.johnson998@example.com,+1-735-635-4075,24.0,79770.61,Sales,Chicago,2023-06-25
10268,William Garcia,william.garcia366@example.com,+1-849-779-7534,60.0,49108.81,Finance,Seattle,2024-03-18
10269,Elizabeth Garcia,elizabeth.garcia520@example.com,+1-619-850-4240,26.0,115065.0,Engineering,San Francisco,2024-04-14
10270,Barbara Thomas,barbara.thomas388@example.com,+1-246-985-4811,60.0,36970.82,Product,Chicago,2020-11-05
10271,Linda Martinez,linda.martinez41@example.com,+1-642-261-9712,38.0,143072.16,Engineering,Boston,2021-05-19
10272,Robert Garcia,robert.garcia762@example.com,+1-390-828-3610,57.0,146000.9,Engineering,Austin,2023-05-06
10273,Thomas Johnson,thomas.johnson772@example.com,+1-880-576-3120,34.0,35942.04,HR,Seattle,2020-09-01
10274,Joseph Gonzalez,joseph.gonzalez192@example.com,+1-391-164-8106,,28640.12,,San Francisco,2021-01-03
10275,James Wilson,james.wilson683@example.com,+1-900-858-7871,50.0,123483.58,Sales,New York,2023-04-06
10276,Jennifer Davis,jennifer.davis534@example.com,+1-439-931-9125,56.0,143107.73,Marketing,Austin,2024-01-21
10277,Mary Jackson,mary.jackson322@example.com,+1-718-305-9566,24.0,128348.64,Marketing,Austin,2023-05-18
10278,Elizabeth Hernandez,elizabeth.hernandez910@example.com,+1-482-239-2424,27.0,53437.25,Sales,Seattle,2022-04-25
10279,Jessica Thomas,jessica.thomas498@example.com,+1-218-825-7340,23.0,34783.2,HR,New York,2023-03-10
10280,Charles Martin,charles.martin38@example.com,+1-991-437-3761,62.0,147153.47,Engineering,Boston,2024-08-19
10281,William Jones,william.jones91@example.com,+1-673-567-4802,33.0,15736.12,Marketing,San Francisco,2020-04-07
10282,Linda Garcia,linda.garcia31@example.com,+1-353-538-2518,59.0,14908.45,Sales,Boston,2020-05-27
10283,Mary Williams,mary.williams143@example.com,+1-918-382-4849,30.0,107461.33,Product,New York,2024-01-06
10284,James Jackson,james.jackson163@example.com,+1-465-920-5757,42.0,34381.73,Product,Seattle,2021-09-01
10285,Richard Brown,richard.brown16@example.com,+1-336-263-1082,22.0,36970.14,Sales,Chicago,2020-02-15
10286,Thomas Martinez,thomas.martinez379@example.com,+1-994-153-4490,42.0,137609.56,HR,Seattle,2024-06-16
10287,Thomas Hernandez,thomas.hernandez386@example.com,+1-240-269-5017,41.0,34583.58,Sales,Chicago,2020-05-30
10288,James Wilson,james.wilson78@example.com,+1-498-901-9252,24.0,36224.94,Sales,Austin,2024-03-31
10289,Jennifer Jackson,jennifer.jackson173@example.com,+1-642-418-2993,59.0,112717.82,Marketing,Boston,2024-12-04
10290,Jennifer Hernandez,jennifer.hernandez866@example.com,+1-494-468-5027,49.0,137712.29,Finance,New York,2021-07-21
10291,Jennifer Davis,jennifer.davis429@example.com,+1-825-351-6738,58.0,118678.17,Engineering,San Francisco,2020-03-03
10292,Patricia Miller,patricia.miller582@example.com,+1-287-935-4278,22.0,115843.91,Product,Boston,2024-11-12
10293,Robert Taylor,robert.taylor723@example.com,+1-220-341-3668,41.0,69699.18,HR,Chicago,2023-02-26
10294,Sarah Gonzalez,sarah.gonzalez320@example.com,+1-743-666-7121,63.0,44367.32,Sales,New York,2023-05-21
10295,Michael Rodriguez,michael.rodriguez639@example.com,+1-460-525-1086,,54993.31,Marketing,Boston,2022-04-04
10296,Richard Wilson,richard.wilson381@example.com,+1-694-723-7038,38.0,112390.79,Finance,San Francisco,2021-04-29
10297,James Taylor,james.taylor647@example.com,+1-434-515-8081,35.0,22616.83,HR,Austin,2022-07-20
10298,Michael Anderson,michael.anderson767@example.com,+1-326-246-4453,49.0,87927.27,Marketing,Chicago,2020-05-16
10299,Linda Davis,linda.davis184@example.com,+1-648-453-6618,34.0,131226.41,Engineering,Chicago,2020-08-26
10300,Michael Taylor,michael.taylor80@example.com,+1-468-424-6126,60.0,65794.39,Sales,Boston,2021-06-12
10301,David Thomas,david.thomas34@example.com,+1-867-172-3679,22.0,72433.01,Product,New York,2021-05-13
10302,Charles Jackson,charles.jackson971@example.com,+1-628-882-5994,,15976.46,Product,New York,2023-06-09
10303,Elizabeth Garcia,elizabeth.garcia725@example.com,+1-950-284-6991,57.0,127949.54,HR,New York,2022-12-08
10304,Joseph Martin,joseph.martin969@example.com,+1-420-734-1002,35.0,59017.32,Marketing,Boston,2021-10-05
10305,David Hernandez,david.hernandez907@example.com,+1-261-355-1670,55.0,117057.39,Sales,Seattle,2023-03-05
10306,Michael Martin,michael.martin730@example.com,+1-554-584-6330,50.0,61059.93,HR,New York,2022-06-13
10307,John Brown,john.brown499@example.com,+1-684-856-4645,63.0,49501.15,Finance,Chicago,2020-09-23
10308,Elizabeth Gonzalez,elizabeth.gonzalez964@example.com,+1-585-705-7859,31.0,78523.65,Sales,San Francisco,2021-05-28
10309,Thomas Garcia,thomas.garcia514@example.com,+1-438-294-3725,24.0,97274.27,Sales,Boston,2021-11-15
10310,Patricia Miller,patricia.miller799@example.com,+1-785-536-2230,25.0,71920.82,Product,Seattle,2020-12-05
10311,Jennifer Williams,jennifer.williams600@example.com,+1-716-927-4191,27.0,67202.82,Product,Austin,2024-03-07
10312,Jennifer Moore,jennifer.moore267@example.com,+1-463-430-2205,59.0,18763.1,HR,Seattle,2020-10-25
10313,John Gonzalez,john.gonzalez868@example.com,+1-874-450-7396,34.0,23861.7,,Austin,2024-09-18
10314,Susan Williams,susan.williams607@example.com,+1-365-514-1919,53.0,49798.62,Marketing,San Francisco,2023-10-10
10315,Charles Brown,charles.brown582@example.com,+1-740-482-9210,64.0,103038.18,Finance,Austin,2024-08-15
10316,Barbara Johnson,barbara.johnson704@example.com,+1-739-808-4262,26.0,149366.51,HR,San Francisco,2024-11-16
10317,David Hernandez,david.hernandez198@example.com,+1-354-666-7837,39.0,20959.18,Marketing,Chicago,2022-07-28
10318,William Martinez,william.martinez927@example.com,+1-263-938-8427,22.0,31006.62,HR,Boston,2024-10-15
10319,Jessica Martin,jessica.martin443@example.com,+1-311-474-8226,64.0,70768.95,Product,Seattle,2023-05-30
10320,Richard Gonzalez,richard.gonzalez843@example.com,+1-941-933-4875,47.0,112381.88,HR,Austin,2023-03-19
10321,Thomas Martin,thomas.martin637@example.com,+1-638-243-6866,28.0,77728.48,Marketing,Austin,2023-04-19
10322,Charles Martin,charles.martin814@example.com,+1-433-564-4294,29.0,141412.13,Finance,Boston,2020-12-31
10323,Thomas Taylor,thomas.taylor73@example.com,+1-549-593-2546,55.0,15300.06,HR,San Francisco,2022-02-01
10324,Sarah Anderson,sarah.anderson494@example.com,+1-283-998-8972,61.0,21592.57,HR,Austin,2020-04-19
10325,Linda Miller,linda.miller549@example.com,+1-248-519-9828,34.0,14071.9,Finance,San Francisco,2023-01-14
10326,Mary Hernandez,mary.hernandez997@example.com,+1-501-195-8357,,74381.94,Engineering,Boston,2023-10-10
10327,James Martinez,james.martinez834@example.com,+1-638-205-7324,55.0,71472.56,Finance,New York,2021-11-18
10328,Linda Anderson,linda.anderson984@example.com,+1-702-778-8692,38.0,115948.25,HR,San Francisco,2024-10-20
10329,Elizabeth Lopez,elizabeth.lopez47@example.com,+1-410-543-1226,39.0,22868.72,HR,Austin,2020-12-10
10330,Thomas Jones,thomas.jones399@example.com,+1-788-287-2881,35.0,98488.06,HR,Seattle,2024-04-23
10331,Jennifer Williams,jennifer.williams421@example.com,+1-842-336-7901,55.0,135962.66,Finance,Boston,2021-12-12
10332,John Martinez,john.martinez396@example.com,+1-967-798-8243,52.0,88117.36,Finance,Boston,2020-11-03
10333,Sarah Miller,sarah.miller392@example.com,+1-605-487-5620,63.0,119926.25,HR,Seattle,2021-12-17
10334,Richard Taylor,richard.taylor929@example.com,+1-257-427-7129,48.0,10808.57,,Austin,2024-02-06
10335,Susan Johnson,susan.johnson767@example.com,+1-921-610-4357,60.0,140599.95,Engineering,Chicago,2020-08-25
10336,Susan Taylor,susan.taylor945@example.com,+1-666-727-1142,30.0,72907.88,HR,Chicago,2021-04-15
10337,William Anderson,william.anderson10@example.com,+1-243-838-4791,30.0,53721.02,HR,New York,2023-06-14
10338,Elizabeth Smith,elizabeth.smith116@example.com,+1-431-141-8850,52.0,117051.86,Engineering,Chicago,2024-10-14
10339,Jessica Garcia,jessica.garcia942@example.com,+1-692-291-9690,29.0,117410.39,Marketing,Austin,2020-05-18
10340,Elizabeth Jackson,elizabeth.jackson880@example.com,+1-867-372-2051,23.0,94844.31,Finance,Austin,2023-06-21
10341,Richard Martin,richard.martin579@example.com,+1-487-204-2251,40.0,50222.52,Marketing,Boston,2024-09-15
10342,Elizabeth Smith,elizabeth.smith456@example.com,+1-659-571-7513,25.0,33781.21,Marketing,New York,2021-01-01
10343,Barbara Gonzalez,barbara.gonzalez546@example.com,+1-710-901-6698,45.0,73289.24,Engineering,New York,2023-07-29
10344,Robert Williams,robert.williams963@example.com,+1-482-563-1270,56.0,35804.86,Finance,Seattle,2023-07-29
10345,Elizabeth Brown,elizabeth.brown96@example.com,+1-887-282-7511,22.0,68808.42,Engineering,Boston,2023-11-02
10346,James Martin,james.martin303@example.com,+1-964-242-9185,36.0,67907.37,Finance,New York,2022-06-08
10347,Joseph Brown,joseph.brown100@example.com,+1-729-760-5059,56.0,,Marketing,San Francisco,2020-05-17
10348,Robert Gonzalez,robert.gonzalez702@example.com,+1-510-648-5538,59.0,36130.9,Sales,Austin,2022-01-21
10349,David Lopez,david.lopez853@example.com,+1-801-816-1890,29.0,47971.85,Finance,Chicago,2024-01-01
10350,Joseph Johnson,joseph.johnson256@example.com,+1-742-663-8000,33.0,80920.04,Product,Chicago,2020-04-20
10351,Linda Anderson,linda.anderson218@example.com,+1-221-777-3028,37.0,57571.17,Sales,New York,2021-08-24
10352,Richard Garcia,richard.garcia172@example.com,+1-565-625-1071,36.0,124425.42,,Chicago,2024-11-11
10353,Robert Taylor,robert.taylor416@example.com,+1-416-125-8982,26.0,50211.31,Product,Boston,2021-07-24
10354,Barbara Wilson,barbara.wilson22@example.com,+1-583-655-8566,40.0,117167.95,HR,Austin,2023-09-22
10355,Susan Lopez,susan.lopez881@example.com,+1-516-480-2073,22.0,69396.71,HR,Chicago,2022-04-05
10356,Patricia Davis,patricia.davis196@example.com,+1-919-831-5524,47.0,29389.53,Finance,San Francisco,2023-08-03
10357,William Miller,william.miller566@example.com,+1-975-682-4575,60.0,97135.08,Sales,Austin,2022-03-08
10358,Michael Johnson,michael.johnson180@example.com,+1-581-272-3710,26.0,6168.57,Engineering,Chicago,2021-05-08
10359,Linda Moore,linda.moore792@example.com,+1-623-989-1607,30.0,49727.9,HR,Boston,2021-09-15
10360,David Taylor,david.taylor105@example.com,+1-587-551-1808,40.0,55141.88,Product,Boston,2023-08-07
10361,David Gonzalez,david.gonzalez772@example.com,+1-714-492-8483,33.0,100628.37,Sales,San Francisco,2020-04-22
10362,Joseph Jones,joseph.jones56@example.com,+1-455-826-3971,55.0,29785.78,Sales,San Francisco,2021-12-18
10363,William Wilson,william.wilson364@example.com,+1-315-147-8905,31.0,38902.86,Marketing,Chicago,2021-02-08
10364,Mary Lopez,mary.lopez130@example.com,+1-253-430-9975,,129403.49,Marketing,San Francisco,2021-10-17
10365,Susan Martinez,susan.martinez85@example.com,+1-899-432-6877,23.0,13973.43,Marketing,Austin,2021-08-13
10366,Barbara Davis,barbara.davis901@example.com,+1-211-240-2789,64.0,121819.08,Finance,New York,2021-01-10
10367,Patricia Anderson,patricia.anderson85@example.com,+1-812-762-7543,35.0,114107.91,Finance,Seattle,2023-02-21
10368,Joseph Wilson,joseph.wilson445@example.com,+1-986-560-5713,42.0,121787.69,Marketing,Seattle,2020-10-11
10369,Susan Moore,susan.moore974@example.com,+1-229-144-2810,44.0,121413.43,Marketing,Boston,2020-08-08
10370,William Miller,william.miller924@example.com,+1-749-681-7382,36.0,124779.38,Sales,Seattle,2022-12-09
10371,Robert Brown,robert.brown998@example.com,+1-499-901-6929,30.0,27649.22,HR,Austin,2021-05-04
10372,Charles Johnson,charles.johnson196@example.com,+1-337-229-7337,45.0,86813.61,Product,Chicago,2022-07-15
10373,Patricia Miller,patricia.miller419@example.com,+1-505-706-8392,32.0,148834.6,Sales,Seattle,2023-04-19
10374,Elizabeth Jackson,elizabeth.jackson419@example.com,+1-495-917-8498,24.0,52027.76,,Austin,2022-05-30
10375,Sarah Garcia,sarah.garcia805@example.com,+1-992-195-5873,63.0,38833.26,Finance,New York,2023-10-29
10376,Sarah Moore,sarah.moore372@example.com,+1-482-652-6593,46.0,139684.63,Sales,Seattle,2020-07-19
10377,Michael Johnson,michael.johnson330@example.com,+1-634-735-2409,52.0,121801.26,Engineering,Chicago,2021-06-10
10378,Linda Wilson,linda.wilson855@example.com,+1-857-827-4981,55.0,138003.87,HR,Boston,2024-01-17
10379,Susan Brown,susan.brown449@example.com,+1-928-195-8697,59.0,47894.49,Finance,Austin,2023-11-24
10380,Barbara Miller,barbara.miller727@example.com,+1-909-495-8148,44.0,85703.87,Product,Seattle,2023-11-25
10381,Richard Martin,richard.martin864@example.com,+1-815-867-7010,35.0,22141.7,Sales,Chicago,2023-08-03
10382,Elizabeth Gonzalez,elizabeth.gonzalez260@example.com,+1-923-390-1325,46.0,60686.18,Engineering,Chicago,2022-04-16
10383,Sarah Lopez,sarah.lopez864@example.com,+1-807-686-5078,45.0,63685.13,Product,San Francisco,2021-06-11
10384,Joseph Smith,joseph.smith858@example.com,+1-905-951-8493,29.0,50709.72,Marketing,New York,2020-05-10
10385,Sarah Gonzalez,sarah.gonzalez285@example.com,+1-272-778-1242,40.0,110886.13,Finance,Austin,2021-10-14
10386,Joseph Gonzalez,joseph.gonzalez863@example.com,+1-242-310-5039,29.0,144704.59,Marketing,San Francisco,2020-10-25
10387,Susan Miller,susan.miller444@example.com,+1-979-306-7582,,11973.39,Engineering,Austin,2024-03-26
10388,Barbara Martin,barbara.martin751@example.com,+1-568-319-6696,56.0,122439.04,Marketing,Seattle,2021-01-10
10389,Elizabeth Garcia,elizabeth.garcia887@example.com,+1-851-662-2652,58.0,8035.45,Sales,Chicago,2021-08-23
10390,Patricia Hernandez,patricia.hernandez489@example.com,+1-504-106-9557,32.0,58653.56,Sales,Chicago,2022-03-01
10391,Charles Smith,charles.smith173@example.com,+1-981-433-4618,51.0,77398.93,Marketing,Boston,2023-12-08
10392,Charles Garcia,charles.garcia627@example.com,+1-706-658-7719,59.0,71030.55,Sales,San Francisco,2024-03-22
10393,Linda Miller,linda.miller505@example.com,+1-580-405-7106,,23389.48,Finance,Seattle,2022-07-18
10394,Patricia Smith,patricia.smith80@example.com,+1-677-277-5386,29.0,55094.72,Marketing,Seattle,2022-01-25
10395,Jessica Thomas,jessica.thomas364@example.com,+1-758-862-8354,52.0,91373.57,Sales,Boston,2022-11-28
10396,Mary Lopez,mary.lopez277@example.com,+1-421-903-1692,28.0,103381.22,Engineering,San Francisco,2021-08-21
10397,Charles Jones,charles.jones923@example.com,+1-806-865-6476,51.0,102476.35,Sales,San Francisco,2023-06-06
10398,Elizabeth Smith,elizabeth.smith756@example.com,+1-901-216-9462,23.0,98373.7,Finance,Seattle,2020-09-30
10399,Robert Smith,robert.smith373@example.com,+1-806-477-5675,39.0,43348.41,Engineering,Chicago,2020-01-22
10400,Susan Wilson,susan.wilson688@example.com,+1-611-323-9411,30.0,8048.06,Product,Chicago,2021-12-27
10401,Michael Anderson,michael.anderson976@example.com,+1-322-978-6506,40.0,112632.56,Finance,Austin,2024-03-21
10402,John Davis,john.davis529@example.com,+1-321-439-5270,25.0,6063.45,Marketing,Chicago,2023-03-05
10403,Barbara Gonzalez,barbara.gonzalez336@example.com,+1-214-938-5321,,135900.75,Sales,Chicago,2023-12-22
10404,Thomas Moore,thomas.moore21@example.com,+1-544-564-2689,35.0,40647.88,Sales,Austin,2020-05-13
10405,Richard Hernandez,richard.hernandez855@example.com,+1-995-757-2342,49.0,98063.83,Marketing,New York,2020-08-19
10406,Mary Thomas,mary.thomas332@example.com,+1-717-891-3653,34.0,29578.09,HR,Boston,2022-04-29
10407,Jessica Anderson,jessica.anderson840@example.com,+1-787-594-8116,32.0,127344.48,Finance,San Francisco,2022-01-19
10408,James Jackson,james.jackson948@example.com,+1-925-762-8607,40.0,53457.94,HR,Seattle,2021-11-29
10409,Thomas Jones,thomas.jones419@example.com,+1-810-709-1126,56.0,71648.47,Product,Chicago,2024-07-19
10410,Susan Williams,susan.williams453@example.com,+1-884-657-3887,43.0,132542.22,Finance,New York,2024-02-21
10411,David Hernandez,david.hernandez928@example.com,+1-551-257-6708,64.0,55728.89,Sales,Chicago,2020-11-08
10412,Charles Anderson,charles.anderson689@example.com,+1-634-781-6254,41.0,106404.22,Marketing,New York,2020-09-01
10413,Susan Gonzalez,susan.gonzalez598@example.com,+1-376-442-7772,49.0,91898.4,Sales,San Francisco,2024-04-09
10414,Jennifer Garcia,jennifer.garcia950@example.com,+1-274-753-3881,61.0,23646.49,Finance,Austin,2023-06-02
10415,Richard Williams,richard.williams711@example.com,+1-200-252-3476,64.0,90273.58,Engineering,Chicago,2021-12-23
10416,Linda Jackson,linda.jackson490@example.com,+1-947-971-2462,39.0,49430.24,Finance,Chicago,2024-07-27
10417,David Miller,david.miller296@example.com,+1-209-641-7899,39.0,46076.24,HR,Chicago,2023-09-14
10418,Richard Rodriguez,richard.rodriguez163@example.com,+1-587-308-1271,36.0,27298.64,HR,Chicago,2020-09-03
10419,Richard Brown,richard.brown947@example.com,+1-820-429-6214,62.0,132564.1,Product,New York,2022-09-16
10420,Richard Brown,richard.brown385@example.com,+1-852-367-1548,31.0,137200.25,Sales,Seattle,2020-07-17
10421,Elizabeth Miller,elizabeth.miller862@example.com,+1-350-768-1178,26.0,116049.5,Sales,San Francisco,2022-02-26
10422,Richard Miller,richard.miller741@example.com,+1-305-474-2605,24.0,50267.51,Engineering,Austin,2022-06-04
10423,Charles Anderson,charles.anderson327@example.com,+1-343-483-3263,62.0,58683.67,Sales,Seattle,2022-08-08
10424,Patricia Miller,patricia.miller551@example.com,+1-666-404-2167,61.0,122796.66,Engineering,Seattle,2024-06-03
10425,Richard Miller,richard.miller164@example.com,+1-721-645-7691,46.0,137213.7,Engineering,Boston,2020-10-11
10426,David Jackson,david.jackson903@example.com,+1-681-383-5994,32.0,129905.62,Product,Austin,2024-06-13
10427,Elizabeth Jackson,elizabeth.jackson797@example.com,+1-311-835-4797,28.0,24094.6,Sales,Chicago,2020-07-09
10428,John Gonzalez,john.gonzalez625@example.com,+1-718-382-2754,37.0,128119.21,HR,New York,2023-02-20
10429,Patricia Jones,patricia.jones708@example.com,+1-582-308-2412,53.0,140210.89,Product,Austin,2020-04-25
10430,Thomas Martin,thomas.martin672@example.com,+1-249-601-5813,36.0,15282.81,Marketing,San Francisco,2022-03-14
10431,Richard Rodriguez,richard.rodriguez875@example.com,+1-687-451-2907,34.0,146487.93,Product,Seattle,2020-11-29
10432,Jennifer Wilson,jennifer.wilson401@example.com,+1-546-409-5435,42.0,64552.84,Product,Austin,2024-02-17
10433,Thomas Thomas,thomas.thomas451@example.com,+1-702-229-1596,60.0,51523.91,,New York,2022-09-25
10434,Charles Rodriguez,charles.rodriguez174@example.com,+1-687-812-7852,63.0,36847.06,Sales,Austin,2021-09-03
10435,Jennifer Wilson,jennifer.wilson618@example.com,+1-729-426-8104,54.0,107306.59,HR,Seattle,2020-05-04
10436,Linda Rodriguez,linda.rodriguez448@example.com,+1-427-799-3365,,38732.31,Engineering,San Francisco,2021-04-16
10437,Richard Taylor,richard.taylor238@example.com,+1-370-394-5284,,132230.56,Engineering,Boston,2021-05-13
10438,Michael Moore,michael.moore627@example.com,+1-974-395-5565,22.0,133542.87,Sales,Seattle,2022-05-31
10439,Joseph Lopez,joseph.lopez307@example.com,+1-634-795-4199,41.0,124990.94,Product,New York,2024-09-13
10440,Charles Williams,charles.williams583@example.com,+1-485-633-3173,50.0,111924.44,Engineering,San Francisco,2024-04-15
10441,Jennifer Wilson,jennifer.wilson480@example.com,+1-406-209-8607,43.0,109100.24,Marketing,New York,2024-02-14
10442,Jennifer Jones,jennifer.jones330@example.com,+1-378-996-7362,42.0,129648.58,HR,Austin,2020-03-01
10443,Patricia Martinez,patricia.martinez713@example.com,+1-370-372-1534,28.0,33886.85,HR,San Francisco,2022-03-24
10444,Charles Johnson,charles.johnson19@example.com,+1-633-224-2104,58.0,125324.08,Product,New York,2023-09-25
10445,Charles Moore,charles.moore911@example.com,+1-244-196-6398,44.0,44728.27,HR,Austin,2022-03-04
10446,Robert Johnson,robert.johnson576@example.com,+1-808-947-9997,37.0,117409.01,Engineering,Austin,2020-03-19
10447,William Miller,william.miller524@example.com,+1-513-131-7430,39.0,138990.58,Sales,New York,2024-05-15
10448,Michael Johnson,michael.johnson679@example.com,+1-939-225-8099,38.0,66769.64,Marketing,San Francisco,2024-10-05
10449,Thomas Wilson,thomas.wilson196@example.com,+1-697-541-9321,57.0,80007.55,Finance,New York,2023-05-23
10450,David Martinez,david.martinez546@example.com,+1-300-275-5522,59.0,34311.66,Product,New York,2021-10-18
10451,William Brown,william.brown346@example.com,+1-472-216-7961,51.0,34840.18,Marketing,Chicago,2021-10-22
10452,Thomas Moore,thomas.moore563@example.com,+1-695-823-3148,39.0,34183.25,Product,New York,2020-06-05
10453,Joseph Hernandez,joseph.hernandez629@example.com,+1-464-304-8246,48.0,72430.27,Finance,Austin,2022-05-07
10454,Thomas Moore,thomas.moore489@example.com,+1-892-230-1786,38.0,48388.64,HR,New York,2024-09-15
10455,John Davis,john.davis317@example.com,+1-829-874-3349,57.0,121739.11,Finance,Boston,2023-02-26
10456,Elizabeth Miller,elizabeth.miller869@example.com,+1-333-247-3713,47.0,91482.92,Sales,San Francisco,2023-02-18
10457,David Johnson,david.johnson407@example.com,+1-819-385-6680,33.0,144504.81,Sales,Chicago,2024-06-01
10458,Susan Brown,susan.brown945@example.com,+1-777-845-2480,44.0,40141.29,Sales,Boston,2020-10-30
10459,John Lopez,john.lopez817@example.com,+1-521-611-9269,37.0,49864.86,HR,Chicago,2020-08-25
10460,Elizabeth Martin,elizabeth.martin132@example.com,+1-445-833-4122,61.0,73648.17,Marketing,Boston,2020-03-24
10461,Robert Hernandez,robert.hernandez152@example.com,+1-391-486-1534,58.0,22270.45,Marketing,Chicago,2021-06-12
10462,Jennifer Davis,jennifer.davis627@example.com,+1-671-992-9738,35.0,43436.79,Engineering,Seattle,2020-12-29
10463,Thomas Taylor,thomas.taylor972@example.com,+1-934-982-4840,33.0,13309.99,Engineering,Chicago,2022-05-15
10464,Robert Jackson,robert.jackson651@example.com,+1-211-180-9521,55.0,31648.78,Finance,Austin,2023-07-14
10465,Elizabeth Hernandez,elizabeth.hernandez645@example.com,+1-508-839-2545,42.0,121750.29,HR,Chicago,2022-05-23
10466,Elizabeth Moore,elizabeth.moore487@example.com,+1-878-119-7998,,46742.55,Engineering,Boston,2023-08-10
10467,Jennifer Taylor,jennifer.taylor60@example.com,+1-441-393-6682,31.0,102549.62,Finance,Boston,2020-02-26
10468,Sarah Lopez,sarah.lopez825@example.com,+1-497-382-6705,63.0,13982.25,Engineering,New York,2022-04-22
10469,Michael Davis,michael.davis298@example.com,+1-412-357-8072,58.0,10788.77,Marketing,Austin,2022-05-31
10470,Elizabeth Lopez,elizabeth.lopez318@example.com,+1-542-535-9368,32.0,130940.77,Engineering,Seattle,2023-03-30
10471,Charles Moore,charles.moore750@example.com,+1-474-378-4381,37.0,51115.74,Engineering,Chicago,2022-10-13
10472,Richard Jackson,richard.jackson806@example.com,+1-458-189-3663,33.0,136403.86,HR,Seattle,2021-08-16
10473,Robert Miller,robert.miller291@example.com,+1-287-303-7159,44.0,89349.62,HR,New York,2021-06-27
10474,Sarah Gonzalez,sarah.gonzalez178@example.com,+1-892-465-1654,63.0,74066.74,HR,Austin,2020-09-11
10475,Patricia Hernandez,patricia.hernandez629@example.com,+1-225-520-4734,50.0,70290.14,Finance,Chicago,2022-10-05
10476,Susan Brown,susan.brown625@example.com,+1-535-770-7964,63.0,,HR,San Francisco,2020-12-22
10477,Robert Martin,robert.martin703@example.com,+1-483-411-1098,26.0,146660.0,Engineering,Chicago,2021-09-06
10478,Linda Garcia,linda.garcia845@example.com,+1-380-644-2223,58.0,139763.51,Engineering,Austin,2021-01-11
10479,Charles Martinez,charles.martinez405@example.com,+1-203-962-4985,37.0,109063.04,Sales,Seattle,2024-06-21
10480,Jessica Hernandez,jessica.hernandez940@example.com,+1-709-162-9417,62.0,90993.15,Finance,New York,2023-07-02
10481,Elizabeth Martin,elizabeth.martin78@example.com,+1-945-612-8334,53.0,56445.61,Marketing,Austin,2022-05-05
10482,Thomas Garcia,thomas.garcia928@example.com,+1-349-231-9624,30.0,89868.04,Engineering,New York,2021-04-16
10483,Joseph Davis,joseph.davis569@example.com,+1-250-910-5022,45.0,72697.32,Engineering,New York,2023-10-22
10484,Elizabeth Brown,elizabeth.brown716@example.com,+1-413-468-7997,33.0,84709.0,HR,Seattle,2023-12-09
10485,Susan Jones,susan.jones926@example.com,+1-344-136-5428,40.0,49210.95,Engineering,Boston,2020-03-02
10486,Elizabeth Miller,elizabeth.miller770@example.com,+1-627-216-1579,55.0,123978.97,Engineering,San Francisco,2023-08-13
10487,Jennifer Jackson,jennifer.jackson414@example.com,+1-591-292-7747,,97207.06,Product,Chicago,2020-02-18
10488,Sarah Davis,sarah.davis687@example.com,+1-370-674-4555,54.0,21230.51,Sales,Boston,2020-08-08
10489,Jennifer Smith,jennifer.smith80@example.com,+1-418-632-9283,37.0,144498.48,HR,Seattle,2021-04-30
10490,Jessica Anderson,jessica.anderson719@example.com,+1-256-704-2407,54.0,149824.98,Marketing,San Francisco,2020-10-03
10491,Richard Garcia,richard.garcia64@example.com,+1-635-783-5052,44.0,,Finance,Chicago,2024-02-29
10492,Charles Miller,charles.miller127@example.com,+1-902-653-1314,41.0,119289.13,Marketing,San Francisco,2021-07-28
10493,Jessica Miller,jessica.miller90@example.com,+1-750-647-7567,25.0,146731.2,Finance,Boston,2020-07-22
10494,Barbara Jones,barbara.jones155@example.com,+1-256-822-9971,39.0,58791.19,Marketing,Austin,2023-07-26
10495,Joseph Williams,joseph.williams735@example.com,+1-994-310-2099,41.0,39552.0,Sales,Chicago,2021-10-02
10496,Michael Moore,michael.moore889@example.com,+1-226-831-7673,60.0,131515.39,Engineering,Seattle,2024-05-26
10497,Jessica Garcia,jessica.garcia964@example.com,+1-710-492-7856,29.0,145176.46,Marketing,San Francisco,2021-01-23
10498,Elizabeth Johnson,elizabeth.johnson244@example.com,+1-917-249-5911,41.0,,HR,New York,2020-01-01
10499,Elizabeth Moore,elizabeth.moore819@example.com,+1-557-479-6003,60.0,64611.45,Engineering,Boston,2023-02-05
10500,Charles Miller,charles.miller128@example.com,+1-873-809-4557,55.0,127035.19,Product,Boston,2024-09-09
10501,Linda Jackson,linda.jackson588@example.com,+1-708-431-9879,38.0,94934.05,Engineering,Seattle,2023-03-07
10502,Robert Martinez,robert.martinez914@example.com,+1-930-816-4557,25.0,131379.95,Marketing,Austin,2020-11-19
10503,Elizabeth Davis,elizabeth.davis470@example.com,+1-523-913-1845,34.0,57152.96,Sales,Seattle,2024-11-02
10504,Richard Martin,richard.martin75@example.com,+1-547-270-3581,64.0,122685.92,Marketing,Seattle,2021-03-17
10505,Richard Rodriguez,richard.rodriguez834@example.com,+1-892-592-8435,34.0,137689.28,,New York,2020-02-09
10506,Robert Hernandez,robert.hernandez903@example.com,+1-316-283-4945,55.0,69471.01,Marketing,Chicago,2022-04-18
10507,Sarah Johnson,sarah.johnson955@example.com,+1-663-495-2574,38.0,70985.97,Product,Chicago,2023-01-19
10508,Sarah Anderson,sarah.anderson773@example.com,+1-568-960-9240,54.0,71462.7,Finance,San Francisco,2023-04-04
10509,Linda Anderson,linda.anderson691@example.com,+1-834-787-9273,44.0,28686.4,Product,Boston,2020-06-11
10510,Susan Jones,susan.jones384@example.com,+1-291-280-3790,41.0,95777.93,Marketing,Boston,2023-08-30
10511,Joseph Garcia,joseph.garcia462@example.com,+1-670-837-4636,36.0,70819.29,Marketing,New York,2024-05-18
10512,Patricia Williams,patricia.williams73@example.com,+1-228-471-7240,59.0,106019.9,Marketing,New York,2020-01-21
10513,Patricia Hernandez,patricia.hernandez120@example.com,+1-537-222-9638,56.0,83182.71,HR,New York,2020-10-07
10514,Mary Moore,mary.moore135@example.com,+1-691-608-4007,31.0,12989.72,Engineering,San Francisco,2023-04-26
10515,Patricia Taylor,patricia.taylor504@example.com,+1-888-486-1969,26.0,56516.18,Finance,Chicago,2022-10-01
10516,Robert Anderson,robert.anderson132@example.com,+1-855-356-4727,58.0,25255.39,Finance,Austin,2020-05-28
10517,Jennifer Wilson,jennifer.wilson226@example.com,+1-655-875-6728,28.0,32911.51,Finance,Austin,2022-10-10
10518,Barbara Moore,barbara.moore258@example.com,+1-804-876-6785,31.0,89453.09,HR,Seattle,2023-10-20
10519,Elizabeth Thomas,elizabeth.thomas623@example.com,+1-611-531-5773,52.0,123826.87,Sales,New York,2023-01-01
10520,Charles Taylor,charles.taylor948@example.com,+1-419-939-1726,50.0,102908.47,Engineering,Seattle,2022-05-22
10521,James Martinez,james.martinez435@example.com,+1-864-793-1066,27.0,88919.69,Product,Chicago,2024-05-20
10522,Robert Martin,robert.martin112@example.com,+1-735-467-2235,,7779.34,Marketing,New York,2020-04-26
10523,Barbara Hernandez,barbara.hernandez225@example.com,+1-691-912-9089,34.0,35698.58,Engineering,Austin,2024-04-08
10524,Thomas Jackson,thomas.jackson959@example.com,+1-406-370-5065,32.0,125740.59,Engineering,Austin,2024-05-22
10525,Jessica Johnson,jessica.johnson112@example.com,+1-496-277-4787,28.0,132418.25,Sales,Chicago,2020-06-24
10526,Patricia Martin,patricia.martin507@example.com,+1-828-775-2823,49.0,80528.44,HR,Austin,2023-02-09
10527,Susan Jackson,susan.jackson586@example.com,+1-524-739-5402,43.0,70593.18,Finance,Seattle,2020-12-22
10528,Jessica Moore,jessica.moore473@example.com,+1-880-633-3113,42.0,36653.95,HR,Chicago,2022-04-01
10529,Charles Rodriguez,charles.rodriguez488@example.com,+1-760-200-7657,35.0,147093.54,Marketing,San Francisco,2022-05-20
10530,William Jackson,william.jackson132@example.com,+1-428-693-8823,25.0,96442.12,Product,Seattle,2023-11-13
10531,Thomas Jones,thomas.jones822@example.com,+1-561-748-5067,57.0,131974.34,Product,New York,2022-11-18
10532,Linda Anderson,linda.anderson870@example.com,+1-459-181-6560,60.0,39079.54,,Austin,2021-09-17
10533,Jessica Martin,jessica.martin579@example.com,+1-311-412-8141,34.0,43449.76,Product,New York,2023-01-20
10534,Robert Jones,robert.jones936@example.com,+1-756-748-8456,24.0,19522.47,HR,Chicago,2021-10-04
10535,Mary Williams,mary.williams439@example.com,+1-779-636-2164,60.0,147995.64,Sales,San Francisco,2024-01-08
10536,Joseph Johnson,joseph.johnson361@example.com,+1-821-680-9249,63.0,107744.61,Marketing,New York,2023-03-31
10537,John Gonzalez,john.gonzalez524@example.com,+1-225-412-7269,45.0,67649.76,Marketing,Seattle,2021-11-28
10538,David Miller,david.miller363@example.com,+1-857-696-3147,61.0,9176.17,HR,Boston,2024-09-12
10539,Elizabeth Johnson,elizabeth.johnson834@example.com,+1-528-214-5376,40.0,63982.19,Marketing,Austin,2021-07-05
10540,Jessica Martinez,jessica.martinez422@example.com,+1-366-799-5264,54.0,69190.59,Marketing,New York,2021-01-01
10541,Elizabeth Jones,elizabeth.jones115@example.com,+1-931-984-8856,47.0,91656.7,Finance,Seattle,2021-11-03
10542,Susan Gonzalez,susan.gonzalez560@example.com,+1-865-787-1752,59.0,47194.91,Product,Boston,2020-02-19
10543,Elizabeth Martinez,elizabeth.martinez794@example.com,+1-958-545-4257,27.0,125600.07,Product,Boston,2024-04-10
10544,Susan Miller,susan.miller113@example.com,+1-800-752-7376,31.0,117807.82,Marketing,New York,2020-03-19
10545,Mary Williams,mary.williams751@example.com,+1-330-731-8610,27.0,57019.59,Sales,Austin,2020-11-18
10546,John Hernandez,john.hernandez130@example.com,+1-805-551-1964,22.0,102645.86,Finance,San Francisco,2024-03-27
10547,Susan Williams,susan.williams415@example.com,+1-555-238-1028,56.0,97113.42,HR,San Francisco,2020-10-25
10548,Charles Johnson,charles.johnson673@example.com,+1-414-933-2906,61.0,,Marketing,San Francisco,2023-09-19
10549,Jessica Rodriguez,jessica.rodriguez815@example.com,+1-798-248-2428,48.0,142337.18,Product,Seattle,2020-12-21
10550,Sarah Williams,sarah.williams85@example.com,+1-430-815-6057,43.0,,Finance,New York,2023-01-13
10551,James Miller,james.miller615@example.com,+1-373-776-7363,,,Sales,San Francisco,2021-09-08
10552,Robert Martin,robert.martin950@example.com,+1-540-960-8422,59.0,101763.12,Sales,San Francisco,2024-07-14
10553,James Smith,james.smith828@example.com,+1-972-112-8727,46.0,17149.69,Marketing,Seattle,2024-06-17
10554,Joseph Williams,joseph.williams901@example.com,+1-667-514-4543,61.0,114253.96,Engineering,Seattle,2021-05-22
10555,Linda Miller,linda.miller610@example.com,+1-455-865-1727,30.0,19774.3,Engineering,Chicago,2021-11-30
10556,Robert Thomas,robert.thomas178@example.com,+1-529-379-6424,39.0,130656.37,Engineering,Chicago,2020-02-29
10557,Barbara Anderson,barbara.anderson442@example.com,+1-352-888-9592,44.0,79460.09,Sales,San Francisco,2021-02-01
10558,Richard Moore,richard.moore672@example.com,+1-645-849-7944,60.0,85357.21,Sales,New York,2024-09-20
10559,Robert Johnson,robert.johnson605@example.com,+1-907-941-5439,42.0,20408.56,Engineering,Chicago,2024-11-23
10560,John Thomas,john.thomas433@example.com,+1-723-902-9106,57.0,45326.26,Sales,Boston,2023-07-30
10561,Jennifer Williams,jennifer.williams989@example.com,+1-302-666-5864,58.0,34721.99,Engineering,Chicago,2022-11-15
10562,Linda Taylor,linda.taylor919@example.com,+1-431-519-4513,45.0,,Product,Austin,2020-01-25
10563,Robert Rodriguez,robert.rodriguez517@example.com,+1-426-419-6959,41.0,,Product,Austin,2022-07-14
10564,Thomas Thomas,thomas.thomas109@example.com,+1-798-502-1395,36.0,46277.84,Finance,Chicago,2021-04-07
10565,Sarah Anderson,sarah.anderson253@example.com,+1-587-313-4237,44.0,128172.34,Marketing,Austin,2022-07-12
10566,Robert Moore,robert.moore448@example.com,+1-761-217-2737,56.0,149068.84,Marketing,Seattle,2024-01-23
10567,David Miller,david.miller802@example.com,+1-220-270-6330,43.0,76554.6,HR,Seattle,2024-02-12
10568,Barbara Davis,barbara.davis530@example.com,+1-832-470-6538,58.0,99183.73,Engineering,New York,2022-08-25
10569,Mary Garcia,mary.garcia223@example.com,+1-917-166-5491,57.0,87893.44,Engineering,San Francisco,2023-11-23
10570,Barbara Lopez,barbara.lopez167@example.com,+1-615-425-6463,27.0,,Finance,Boston,2023-08-06
10571,James Moore,james.moore565@example.com,+1-512-462-5763,61.0,106975.61,Finance,San Francisco,2024-02-02
10572,Jessica Wilson,jessica.wilson475@example.com,+1-931-379-9809,29.0,40311.61,HR,Chicago,2022-09-19
10573,Joseph Jones,joseph.jones747@example.com,+1-206-738-3983,49.0,122358.58,HR,Boston,2020-02-22
10574,Susan Miller,susan.miller751@example.com,+1-867-296-7035,40.0,98410.89,Marketing,Austin,2024-02-03
10575,Linda Jackson,linda.jackson67@example.com,+1-720-403-1209,62.0,29184.16,Engineering,New York,2024-06-01
10576,Susan Davis,susan.davis83@example.com,+1-390-423-8314,49.0,101206.1,Product,New York,2022-01-21
10577,William Moore,william.moore468@example.com,+1-631-869-4845,64.0,54437.43,HR,Chicago,2021-01-13
10578,James Martinez,james.martinez747@example.com,+1-435-282-1711,58.0,95180.83,Sales,Boston,2023-06-13
10579,James Hernandez,james.hernandez509@example.com,+1-488-609-2823,26.0,19861.97,Sales,San Francisco,2024-06-21
10580,Joseph Martin,joseph.martin763@example.com,+1-480-422-5859,45.0,58900.41,Product,Austin,2024-09-07
10581,Jennifer Davis,jennifer.davis831@example.com,+1-620-318-9539,61.0,57615.54,HR,New York,2023-03-30
10582,William Smith,william.smith453@example.com,+1-312-304-1404,42.0,17233.78,Product,Austin,2023-02-18
10583,Elizabeth Martinez,elizabeth.martinez978@example.com,+1-568-332-3242,32.0,72669.06,Sales,New York,2020-06-25
10584,Barbara Miller,barbara.miller833@example.com,+1-559-484-5151,25.0,135545.27,HR,Austin,2022-04-24
10585,Sarah Thomas,sarah.thomas656@example.com,+1-221-576-4641,50.0,149903.76,HR,Austin,2021-07-20
10586,William Rodriguez,william.rodriguez363@example.com,+1-532-538-6494,57.0,128029.92,HR,New York,2020-05-09
10587,Joseph Davis,joseph.davis472@example.com,+1-744-375-2736,,140650.84,Product,Austin,2021-10-26
10588,Susan Hernandez,susan.hernandez831@example.com,+1-588-752-1667,64.0,9036.95,Marketing,Boston,2024-02-12
10589,Jessica Davis,jessica.davis986@example.com,+1-251-702-3384,63.0,69227.9,Product,Boston,2024-08-17
10590,Thomas Moore,thomas.moore29@example.com,+1-727-244-2231,40.0,80792.87,Product,Boston,2023-04-19
10591,Elizabeth Taylor,elizabeth.taylor88@example.com,+1-784-787-5491,53.0,137735.35,Engineering,Boston,2021-09-25
10592,Robert Moore,robert.moore665@example.com,+1-591-956-3803,43.0,111540.46,Engineering,New York,2022-04-23
10593,William Thomas,william.thomas447@example.com,+1-245-889-3835,35.0,91315.14,Engineering,San Francisco,2023-09-16
10594,Elizabeth Johnson,elizabeth.johnson251@example.com,+1-312-417-7166,,14059.57,Finance,Austin,2022-10-15
10595,Elizabeth Taylor,elizabeth.taylor836@example.com,+1-593-966-5607,39.0,128535.54,Marketing,Austin,2020-11-10
10596,David Garcia,david.garcia847@example.com,+1-578-588-1686,55.0,114296.39,Sales,Boston,2020-07-22
10597,Charles Jackson,charles.jackson312@example.com,+1-461-883-6319,39.0,76398.26,Marketing,New York,2021-01-30
10598,Thomas Brown,thomas.brown798@example.com,+1-492-727-9728,28.0,37158.03,Sales,Chicago,2020-04-03
10599,William Lopez,william.lopez44@example.com,+1-646-551-2763,49.0,137695.13,Marketing,San Francisco,2020-08-16
10600,Michael Hernandez,michael.hernandez680@example.com,+1-327-801-3956,52.0,110438.61,Sales,Austin,2024-04-18
10601,Susan Miller,susan.miller598@example.com,+1-792-504-6755,40.0,16602.65,Finance,Chicago,2022-08-19
10602,Michael Miller,michael.miller988@example.com,+1-525-462-4740,64.0,71691.58,Marketing,Seattle,2024-09-17
10603,Michael Rodriguez,michael.rodriguez162@example.com,+1-936-226-9384,27.0,25943.29,HR,Austin,2021-04-25
10604,John Moore,john.moore727@example.com,+1-998-574-1604,57.0,143500.4,Finance,New York,2021-08-20
10605,Patricia Brown,patricia.brown15@example.com,+1-699-760-1716,58.0,54466.65,Engineering,Seattle,2020-06-09
10606,Susan Wilson,susan.wilson793@example.com,+1-831-439-5508,49.0,139209.54,Marketing,New York,2020-10-01
10607,Jessica Wilson,jessica.wilson122@example.com,+1-290-240-9780,48.0,56656.23,Product,Austin,2022-01-20
10608,Barbara Lopez,barbara.lopez165@example.com,+1-883-576-3986,38.0,69721.41,Finance,New York,2021-03-23
10609,David Garcia,david.garcia365@example.com,+1-415-654-3934,,17578.55,Sales,Chicago,2022-03-15
10610,Joseph Davis,joseph.davis60@example.com,+1-927-275-9444,27.0,75335.57,Engineering,New York,2023-09-01
10611,Elizabeth Martinez,elizabeth.martinez560@example.com,+1-654-750-6411,52.0,101535.96,Engineering,New York,2020-11-09
10612,William Martinez,william.martinez709@example.com,+1-585-329-1270,24.0,92287.3,Product,Austin,2022-12-15
10613,Linda Garcia,linda.garcia824@example.com,+1-256-661-7214,36.0,130424.27,HR,New York,2021-08-22
10614,Michael Garcia,michael.garcia615@example.com,+1-332-494-5864,40.0,55274.22,HR,Chicago,2021-04-15
10615,Sarah Moore,sarah.moore650@example.com,+1-485-481-1864,45.0,122116.84,Finance,Austin,2020-01-24
10616,Richard Johnson,richard.johnson345@example.com,+1-621-849-1946,56.0,49858.44,Finance,New York,2024-09-17
10617,John Martin,john.martin147@example.com,+1-386-815-7574,63.0,121465.76,Engineering,San Francisco,2023-10-26
10618,Thomas Miller,thomas.miller976@example.com,+1-507-190-1109,22.0,139838.66,Finance,Austin,2020-12-21
10619,Jessica Lopez,jessica.lopez883@example.com,+1-498-266-9837,40.0,107276.67,Finance,New York,2021-01-05
10620,Thomas Davis,thomas.davis966@example.com,+1-580-772-1238,41.0,5595.4,Marketing,New York,2020-07-20
10621,Richard Moore,richard.moore774@example.com,+1-905-275-3592,40.0,119546.3,Marketing,New York,2024-07-18
10622,Joseph Anderson,joseph.anderson450@example.com,+1-816-605-3367,62.0,90165.43,HR,New York,2022-09-13
10623,Thomas Smith,thomas.smith828@example.com,+1-899-681-8972,52.0,146015.76,Product,Chicago,2024-01-05
10624,Patricia Thomas,patricia.thomas606@example.com,+1-227-807-5541,,28885.98,Marketing,Boston,2021-03-01
10625,Michael Moore,michael.moore778@example.com,+1-476-164-7331,41.0,131838.33,Sales,San Francisco,2021-01-14
10626,Linda Martin,linda.martin74@example.com,+1-532-612-9974,49.0,144433.66,Finance,Austin,2024-08-07
10627,Linda Williams,linda.williams326@example.com,+1-322-419-7942,38.0,112223.82,Engineering,Chicago,2021-12-17
10628,Thomas Hernandez,thomas.hernandez29@example.com,+1-759-229-4203,57.0,140213.07,Sales,Austin,2020-09-21
10629,Linda Garcia,linda.garcia763@example.com,+1-329-449-1583,34.0,61205.57,HR,San Francisco,2024-04-30
10630,David Hernandez,david.hernandez285@example.com,+1-988-949-3889,55.0,17384.23,Sales,Boston,2023-02-12
10631,Jennifer Wilson,jennifer.wilson717@example.com,+1-801-722-5240,40.0,118287.14,Sales,Boston,2021-04-21
10632,Michael Jackson,michael.jackson168@example.com,+1-737-525-1680,57.0,48987.82,Finance,New York,2024-09-25
10633,Richard Johnson,richard.johnson465@example.com,+1-496-211-4167,61.0,107105.46,Finance,New York,2024-09-24
10634,Linda Anderson,linda.anderson852@example.com,+1-469-649-5491,38.0,26662.91,Engineering,Austin,2023-06-30
10635,Barbara Johnson,barbara.johnson954@example.com,+1-509-130-4175,63.0,121223.22,Engineering,Boston,2023-07-28
10636,John Williams,john.williams245@example.com,+1-664-327-6773,30.0,75044.61,Finance,Seattle,2024-08-27
10637,Barbara Hernandez,barbara.hernandez957@example.com,+1-847-103-3731,,19336.63,Product,Seattle,2021-07-13
10638,Patricia Hernandez,patricia.hernandez214@example.com,+1-580-172-4587,33.0,45859.79,Engineering,Boston,2020-04-15
10639,Charles Taylor,charles.taylor86@example.com,+1-276-541-1244,23.0,77202.55,,Chicago,2024-05-12
10640,Joseph Smith,joseph.smith922@example.com,+1-351-257-2469,34.0,108079.68,Engineering,New York,2023-06-01
10641,Sarah Thomas,sarah.thomas343@example.com,+1-663-158-6108,64.0,78796.56,Product,New York,2022-08-12
10642,Barbara Smith,barbara.smith822@example.com,+1-662-298-6390,63.0,92244.56,Product,Boston,2020-09-05
10643,Sarah Jackson,sarah.jackson75@example.com,+1-861-119-1032,29.0,56140.21,Sales,San Francisco,2022-04-04
10644,Susan Thomas,susan.thomas637@example.com,+1-516-882-3709,24.0,17089.96,Product,Seattle,2024-10-11
10645,Michael Anderson,michael.anderson330@example.com,+1-930-668-5890,32.0,125530.64,,New York,2021-01-10
10646,Elizabeth Martin,elizabeth.martin942@example.com,+1-842-428-7265,,45552.71,Engineering,Austin,2021-04-13
10647,Sarah Taylor,sarah.taylor559@example.com,+1-811-804-6310,30.0,106565.96,Finance,Austin,2023-08-16
10648,William Martinez,william.martinez365@example.com,+1-347-464-7507,32.0,126237.2,Engineering,Boston,2024-02-24
10649,David Rodriguez,david.rodriguez135@example.com,+1-505-801-8522,53.0,7949.46,Sales,New York,2020-10-07
10650,Charles Rodriguez,charles.rodriguez639@example.com,+1-805-533-7287,54.0,70993.01,Product,New York,2023-10-01
10651,Elizabeth Thomas,elizabeth.thomas279@example.com,+1-420-251-7766,36.0,9973.2,,San Francisco,2023-07-30
10652,Patricia Wilson,patricia.wilson456@example.com,+1-572-461-7236,22.0,13449.92,Sales,New York,2020-12-11
10653,Joseph Gonzalez,joseph.gonzalez203@example.com,+1-579-502-9855,45.0,81002.43,Product,San Francisco,2023-08-13
10654,James Taylor,james.taylor360@example.com,+1-627-749-2789,,11330.83,Product,New York,2024-05-24
10655,Linda Martin,linda.martin344@example.com,+1-230-234-4129,62.0,40488.04,Finance,Seattle,2023-03-27
10656,Sarah Jones,sarah.jones65@example.com,+1-531-935-2774,30.0,6565.77,Finance,Seattle,2021-03-22
10657,Charles Smith,charles.smith537@example.com,+1-477-668-8741,64.0,114088.6,Engineering,San Francisco,2024-05-26
10658,Linda Hernandez,linda.hernandez322@example.com,+1-564-876-6958,30.0,23311.1,Marketing,Austin,2022-02-27
10659,John Anderson,john.anderson897@example.com,+1-295-873-5460,42.0,94582.91,HR,Austin,2023-06-02
10660,Joseph Wilson,joseph.wilson668@example.com,+1-306-481-7533,30.0,89240.45,Engineering,Boston,2024-04-10
10661,Jennifer Wilson,jennifer.wilson869@example.com,+1-385-955-6372,34.0,123588.35,Marketing,Austin,2020-05-28
10662,Barbara Moore,barbara.moore501@example.com,+1-555-372-4052,50.0,75397.16,Sales,Austin,2023-02-08
10663,Elizabeth Williams,elizabeth.williams548@example.com,+1-800-245-2717,22.0,30579.73,Marketing,Seattle,2022-03-19
10664,Charles Anderson,charles.anderson995@example.com,+1-558-749-6733,35.0,137687.08,Marketing,Boston,2023-07-08
10665,Michael Johnson,michael.johnson32@example.com,+1-759-208-1295,27.0,26380.82,,Austin,2020-07-21
10666,Joseph Anderson,joseph.anderson631@example.com,+1-212-479-1364,47.0,134787.35,Finance,New York,2024-11-04
10667,Susan Smith,susan.smith870@example.com,+1-814-223-4081,30.0,133703.21,HR,Seattle,2024-11-19
10668,Joseph Johnson,joseph.johnson545@example.com,+1-917-931-6830,57.0,82130.28,Marketing,Chicago,2022-09-24
10669,James Brown,james.brown166@example.com,+1-960-868-5490,,62267.05,Sales,Seattle,2024-05-10
10670,David Hernandez,david.hernandez79@example.com,+1-584-729-5300,,121854.22,Product,Chicago,2024-09-06
10671,Robert Brown,robert.brown297@example.com,+1-425-163-3985,31.0,131876.26,Product,Chicago,2020-02-29
10672,Richard Smith,richard.smith366@example.com,+1-582-908-8600,29.0,142725.23,Sales,Seattle,2020-03-09
10673,James Martinez,james.martinez755@example.com,+1-842-148-2682,64.0,57797.55,Engineering,New York,2023-03-14
10674,Elizabeth Martin,elizabeth.martin443@example.com,+1-842-654-7200,25.0,63347.07,Finance,Boston,2023-04-08
10675,Jennifer Thomas,jennifer.thomas615@example.com,+1-937-164-5183,45.0,130808.03,HR,New York,2023-11-06
10676,Linda Lopez,linda.lopez823@example.com,+1-614-131-6279,62.0,32315.83,Marketing,Chicago,2021-07-11
10677,Sarah Hernandez,sarah.hernandez121@example.com,+1-491-921-1382,38.0,79323.55,Product,Austin,2024-02-18
10678,Robert Wilson,robert.wilson634@example.com,+1-746-743-2359,37.0,147812.64,Sales,Seattle,2020-05-26
10679,James Lopez,james.lopez877@example.com,+1-626-520-9080,61.0,59115.07,Finance,New York,2021-04-05
10680,Linda Lopez,linda.lopez81@example.com,+1-626-737-8372,38.0,16411.16,Marketing,Boston,2022-10-08
10681,Elizabeth Moore,elizabeth.moore582@example.com,+1-798-869-8345,32.0,46018.46,Product,Austin,2023-12-11
10682,Susan Wilson,susan.wilson56@example.com,+1-917-575-3666,37.0,28562.27,Marketing,San Francisco,2020-05-13
10683,Elizabeth Jones,elizabeth.jones244@example.com,+1-258-263-6890,45.0,30478.71,Sales,San Francisco,2020-11-06
10684,Sarah Moore,sarah.moore180@example.com,+1-266-724-1671,31.0,94356.84,Finance,Seattle,2024-03-09
10685,Joseph Taylor,joseph.taylor629@example.com,+1-785-786-7327,44.0,,Marketing,Chicago,2020-07-04
10686,Robert Jackson,robert.jackson294@example.com,+1-800-516-5284,50.0,97693.12,HR,New York,2024-10-20
10687,William Brown,william.brown286@example.com,+1-428-270-6241,56.0,103161.63,Marketing,New York,2021-06-24
10688,Charles Wilson,charles.wilson954@example.com,+1-989-433-7000,35.0,135709.79,Sales,Chicago,2022-09-24
10689,James Smith,james.smith806@example.com,+1-524-809-6790,37.0,7906.67,Product,New York,2021-12-17
10690,Richard Williams,richard.williams708@example.com,+1-763-532-4483,40.0,76966.8,Finance,New York,2022-09-20
10691,Michael Gonzalez,michael.gonzalez710@example.com,+1-862-385-9123,39.0,35845.41,Finance,New York,2022-08-22
10692,Patricia Johnson,patricia.johnson974@example.com,+1-320-296-8973,55.0,37659.79,Sales,Seattle,2022-11-28
10693,Sarah Thomas,sarah.thomas926@example.com,+1-884-602-4319,47.0,93372.83,Product,Seattle,2022-12-01
10694,Charles Rodriguez,charles.rodriguez115@example.com,+1-890-627-2495,35.0,119460.0,Engineering,New York,2024-11-12
10695,Charles Anderson,charles.anderson927@example.com,+1-402-516-1415,42.0,119410.89,HR,San Francisco,2022-09-23
10696,Barbara Martin,barbara.martin499@example.com,+1-944-589-2756,27.0,71550.61,Sales,Boston,2021-12-08
10697,Patricia Davis,patricia.davis986@example.com,+1-934-520-1632,54.0,83673.44,HR,Boston,2024-07-21
10698,Michael Smith,michael.smith40@example.com,+1-580-367-4082,,125674.67,Sales,Boston,2021-11-30
10699,Barbara Smith,barbara.smith19@example.com,+1-791-291-4773,25.0,89215.54,Finance,Austin,2022-12-18
10700,William Rodriguez,william.rodriguez466@example.com,+1-994-372-5088,29.0,37201.92,Finance,Austin,2022-11-22
10701,Susan Moore,susan.moore698@example.com,+1-538-537-2159,24.0,38540.56,Engineering,Chicago,2024-09-14
10702,James Anderson,james.anderson155@example.com,+1-430-883-7142,37.0,132727.81,Sales,Boston,2022-01-16
10703,Susan Martin,susan.martin550@example.com,+1-343-687-1656,58.0,145826.89,Sales,Chicago,2021-11-26
10704,Jessica Lopez,jessica.lopez402@example.com,+1-688-821-6041,50.0,113847.01,HR,Chicago,2022-11-06
10705,John Miller,john.miller615@example.com,+1-953-336-6052,44.0,85765.99,Engineering,New York,2021-07-06
10706,Thomas Brown,thomas.brown570@example.com,+1-400-357-9055,43.0,87545.8,Marketing,New York,2024-01-28
10707,William Miller,william.miller480@example.com,+1-927-610-7212,38.0,50906.72,Product,New York,2023-05-16
10708,Richard Gonzalez,richard.gonzalez297@example.com,+1-246-721-4271,64.0,148017.59,HR,San Francisco,2024-03-25
10709,Elizabeth Williams,elizabeth.williams588@example.com,+1-654-839-3210,36.0,74951.42,Finance,Boston,2020-12-24
10710,Elizabeth Smith,elizabeth.smith422@example.com,+1-529-831-8032,52.0,42215.95,HR,Austin,2020-05-22
10711,Susan Brown,susan.brown490@example.com,+1-283-176-9864,,,Marketing,Boston,2020-04-13
10712,Patricia Jackson,patricia.jackson616@example.com,+1-422-108-1502,31.0,15494.58,Finance,Austin,2022-12-29
10713,Jessica Jackson,jessica.jackson266@example.com,+1-495-121-4951,50.0,139608.69,Product,Austin,2021-12-21
10714,Patricia Hernandez,patricia.hernandez465@example.com,+1-336-957-8041,37.0,131817.84,Finance,Chicago,2021-08-24
10715,Susan Lopez,susan.lopez494@example.com,+1-255-322-9370,53.0,59721.21,Engineering,New York,2022-06-02
10716,Elizabeth Rodriguez,elizabeth.rodriguez173@example.com,+1-944-354-2340,43.0,144400.46,Engineering,Boston,2023-09-23
10717,David Miller,david.miller538@example.com,+1-633-387-7037,34.0,109258.31,Product,Boston,2021-06-24
10718,John Martinez,john.martinez476@example.com,+1-300-682-7818,34.0,140232.95,Product,Seattle,2020-10-07
10719,Charles Wilson,charles.wilson95@example.com,+1-596-352-1768,40.0,43222.79,,Seattle,2023-06-11
10720,Jennifer Garcia,jennifer.garcia448@example.com,+1-563-865-1480,37.0,121096.27,Finance,New York,2022-01-15
10721,Jessica Lopez,jessica.lopez164@example.com,+1-576-842-5080,39.0,67568.68,Finance,Austin,2022-06-16
10722,Jessica Taylor,jessica.taylor747@example.com,+1-878-682-1565,56.0,129225.84,Marketing,Austin,2020-11-12
10723,Sarah Moore,sarah.moore744@example.com,+1-701-265-8156,22.0,35083.07,Product,Boston,2020-11-15
10724,Richard Williams,richard.williams564@example.com,+1-822-816-4967,37.0,9831.86,Finance,Seattle,2023-04-07
10725,Elizabeth Jackson,elizabeth.jackson244@example.com,+1-876-805-1233,34.0,100909.93,,Austin,2021-05-17
10726,Elizabeth Garcia,elizabeth.garcia741@example.com,+1-563-301-8025,39.0,147744.08,Sales,San Francisco,2023-07-11
10727,Thomas Johnson,thomas.johnson984@example.com,+1-309-320-3415,43.0,98847.23,HR,Boston,2020-06-14
10728,John Gonzalez,john.gonzalez511@example.com,+1-599-306-8313,58.0,63022.51,Sales,New York,2022-01-28
10729,Michael Garcia,michael.garcia914@example.com,+1-732-919-8145,54.0,37066.4,Finance,Seattle,2021-12-05
10730,Joseph Thomas,joseph.thomas244@example.com,+1-895-137-3186,24.0,67670.91,Sales,New York,2023-01-24
10731,Sarah Garcia,sarah.garcia490@example.com,+1-595-450-2909,41.0,50820.68,Sales,Seattle,2022-12-26
10732,James Martin,james.martin151@example.com,+1-555-808-2494,36.0,43063.75,Marketing,Chicago,2020-01-29
10733,Susan Martinez,susan.martinez703@example.com,+1-304-532-1496,51.0,148824.46,Engineering,Austin,2024-08-19
10734,Joseph Garcia,joseph.garcia652@example.com,+1-454-307-5190,49.0,149962.48,Marketing,San Francisco,2020-07-08
10735,Patricia Lopez,patricia.lopez142@example.com,+1-254-609-5765,50.0,65948.63,,Chicago,2022-09-13
10736,David Miller,david.miller390@example.com,+1-760-988-2864,62.0,111097.26,Product,Chicago,2020-08-08
10737,Linda Gonzalez,linda.gonzalez200@example.com,+1-874-160-2287,50.0,24862.42,Product,Boston,2021-10-22
10738,Mary Williams,mary.williams345@example.com,+1-634-295-8416,41.0,111638.31,Engineering,San Francisco,2024-08-01
10739,Sarah Thomas,sarah.thomas285@example.com,+1-713-187-1922,23.0,126714.17,HR,New York,2024-08-03
10740,Elizabeth Johnson,elizabeth.johnson911@example.com,+1-742-601-2673,42.0,34898.58,Marketing,Seattle,2022-08-27
10741,Robert Martin,robert.martin70@example.com,+1-324-555-8238,27.0,13624.62,HR,San Francisco,2020-08-30
10742,Barbara Williams,barbara.williams91@example.com,+1-721-111-8824,22.0,43900.02,Engineering,San Francisco,2024-03-02
10743,John Smith,john.smith465@example.com,+1-787-990-2525,40.0,30472.48,HR,Chicago,2024-06-15
10744,Michael Brown,michael.brown189@example.com,+1-715-737-3810,42.0,145019.71,Sales,San Francisco,2024-01-06
10745,Mary Hernandez,mary.hernandez811@example.com,+1-993-677-6756,44.0,45962.32,Engineering,San Francisco,2022-04-26
10746,Thomas Rodriguez,thomas.rodriguez635@example.com,+1-491-563-6938,54.0,65287.28,Product,San Francisco,2023-09-21
10747,Jennifer Hernandez,jennifer.hernandez353@example.com,+1-970-919-1073,22.0,,Engineering,San Francisco,2020-11-27
10748,Michael Martinez,michael.martinez124@example.com,+1-512-327-3881,47.0,,Product,San Francisco,2021-06-11
10749,Patricia Jackson,patricia.jackson75@example.com,+1-366-684-9594,37.0,91268.26,Engineering,Chicago,2021-08-19
10750,Richard Brown,richard.brown316@example.com,+1-553-492-7347,23.0,86366.92,Product,Chicago,2023-04-18
10751,William Martinez,william.martinez217@example.com,+1-836-845-6692,31.0,59221.11,Sales,Chicago,2023-11-02
10752,Joseph Jackson,joseph.jackson955@example.com,+1-331-971-1634,53.0,120285.57,HR,Austin,2022-11-23
10753,Charles Johnson,charles.johnson482@example.com,+1-294-980-6712,51.0,57662.42,Marketing,Boston,2020-12-14
10754,Elizabeth Jackson,elizabeth.jackson832@example.com,+1-830-991-8096,,147446.63,,Austin,2021-05-05
10755,David Jackson,david.jackson102@example.com,+1-593-923-2291,54.0,,Sales,Chicago,2020-05-01
10756,Jessica Jones,jessica.jones219@example.com,+1-929-852-3775,34.0,46989.49,Marketing,Boston,2022-06-09
10757,Robert Wilson,robert.wilson986@example.com,+1-647-612-1318,46.0,,Engineering,Seattle,2022-02-13
10758,Thomas Thomas,thomas.thomas733@example.com,+1-481-211-3770,33.0,110357.64,Finance,San Francisco,2021-05-23
10759,James Williams,james.williams546@example.com,+1-433-158-6370,36.0,90453.09,Product,Seattle,2021-12-19
10760,Robert Brown,robert.brown95@example.com,+1-985-326-9177,45.0,110909.99,Product,Boston,2021-02-02
10761,John Martin,john.martin992@example.com,+1-611-607-2757,39.0,34614.6,HR,New York,2022-08-17
10762,Elizabeth Lopez,elizabeth.lopez185@example.com,+1-819-310-5681,60.0,92696.26,Finance,New York,2023-09-12
10763,Linda Rodriguez,linda.rodriguez877@example.com,+1-887-429-2746,52.0,25460.9,Finance,New York,2022-07-18
10764,Michael Garcia,michael.garcia635@example.com,+1-698-238-4708,33.0,135978.66,Engineering,Chicago,2020-09-11
10765,Robert Jones,robert.jones774@example.com,+1-963-239-9060,61.0,106249.53,Engineering,New York,2024-06-29
10766,Elizabeth Smith,elizabeth.smith821@example.com,+1-861-905-7386,40.0,114953.88,Marketing,Austin,2020-12-08
10767,Jessica Williams,jessica.williams131@example.com,+1-451-954-7454,46.0,113277.78,HR,Austin,2022-03-30
10768,Barbara Jones,barbara.jones103@example.com,+1-572-438-5759,42.0,130313.44,Product,Boston,2022-08-23
10769,Patricia Davis,patricia.davis993@example.com,+1-658-628-1815,48.0,8868.13,Engineering,Chicago,2021-02-20
10770,Michael Johnson,michael.johnson629@example.com,+1-597-371-8283,30.0,76007.08,Sales,Seattle,2023-02-25
10771,Jennifer Thomas,jennifer.thomas957@example.com,+1-791-233-3260,25.0,115723.52,Product,New York,2020-12-13
10772,Sarah Anderson,sarah.anderson475@example.com,+1-298-341-3274,60.0,66398.63,Engineering,Chicago,2022-12-04
10773,Elizabeth Gonzalez,elizabeth.gonzalez290@example.com,+1-563-278-3285,28.0,116172.26,Marketing,Austin,2022-01-09
10774,Elizabeth Thomas,elizabeth.thomas712@example.com,+1-524-536-6289,,56673.16,Finance,Seattle,2024-07-27
10775,Jennifer Smith,jennifer.smith205@example.com,+1-954-399-1726,48.0,24359.75,HR,Seattle,2022-10-28
10776,Robert Martin,robert.martin663@example.com,+1-963-707-7169,,23899.4,HR,Austin,2020-01-05
10777,David Davis,david.davis418@example.com,+1-231-639-6837,24.0,53403.16,Marketing,Seattle,2024-11-09
10778,Linda Lopez,linda.lopez746@example.com,+1-341-747-7319,35.0,40084.29,Engineering,New York,2023-11-07
10779,Joseph Williams,joseph.williams97@example.com,+1-808-755-8644,44.0,104412.44,Sales,Boston,2021-05-17
10780,Joseph Thomas,joseph.thomas124@example.com,+1-589-410-3347,39.0,13083.69,HR,Chicago,2024-09-23
10781,James Miller,james.miller312@example.com,+1-740-569-1076,30.0,65829.49,HR,Chicago,2020-12-12
10782,Barbara Lopez,barbara.lopez173@example.com,+1-571-672-8143,38.0,72954.49,Finance,Boston,2020-06-03
10783,James Miller,james.miller458@example.com,+1-458-406-9014,52.0,45692.16,Engineering,Boston,2022-01-02
10784,Thomas Jackson,thomas.jackson187@example.com,+1-850-938-2193,60.0,51300.95,Finance,New York,2023-07-24
10785,Charles Lopez,charles.lopez583@example.com,+1-318-568-2478,47.0,75699.33,Sales,Austin,2024-03-19
10786,Joseph Williams,joseph.williams954@example.com,+1-754-524-9484,63.0,51964.86,Finance,Boston,2023-09-09
10787,Sarah Jones,sarah.jones495@example.com,+1-997-187-8971,59.0,123299.01,Product,Seattle,2023-05-29
10788,Thomas Anderson,thomas.anderson23@example.com,+1-497-563-4598,63.0,91087.34,Marketing,Chicago,2021-09-08
10789,Sarah Hernandez,sarah.hernandez52@example.com,+1-846-984-7057,25.0,135486.88,Marketing,New York,2022-01-01
10790,Mary Wilson,mary.wilson716@example.com,+1-441-248-7900,39.0,100602.58,Sales,Seattle,2021-10-29
10791,Thomas Taylor,thomas.taylor72@example.com,+1-510-506-4176,,79396.2,Marketing,Austin,2023-12-06
10792,Richard Hernandez,richard.hernandez174@example.com,+1-392-620-6493,22.0,100030.56,Engineering,Chicago,2023-12-09
10793,Joseph Rodriguez,joseph.rodriguez705@example.com,+1-529-759-7742,22.0,87887.31,Marketing,Boston,2021-04-06
10794,Joseph Wilson,joseph.wilson510@example.com,+1-452-484-5155,,89441.83,Marketing,Austin,2024-08-08
10795,Michael Davis,michael.davis284@example.com,+1-445-210-4349,50.0,10045.88,Finance,Boston,2022-03-13
10796,Joseph Hernandez,joseph.hernandez120@example.com,+1-289-862-8391,58.0,84260.72,Sales,New York,2020-04-07
10797,Elizabeth Hernandez,elizabeth.hernandez53@example.com,+1-897-719-2816,25.0,82889.55,,San Francisco,2023-02-06
10798,Sarah Jackson,sarah.jackson273@example.com,+1-721-777-6660,36.0,99795.85,Engineering,Boston,2024-01-30
10799,Mary Williams,mary.williams144@example.com,+1-254-642-6604,44.0,6340.03,Finance,Austin,2022-06-25
10800,Charles Brown,charles.brown543@example.com,+1-300-650-7945,,67062.81,Sales,Seattle,2023-02-27
10801,John Miller,john.miller757@example.com,+1-911-431-1976,49.0,55728.28,Product,Boston,2022-08-10
10802,Joseph Hernandez,joseph.hernandez433@example.com,+1-812-837-3107,55.0,101298.23,Finance,Austin,2022-05-23
10803,Robert Thomas,robert.thomas866@example.com,+1-491-948-1916,23.0,36909.61,Sales,Boston,2023-05-12
10804,David Gonzalez,david.gonzalez612@example.com,+1-399-685-4527,41.0,60949.62,Product,Seattle,2023-02-27
10805,John Wilson,john.wilson775@example.com,+1-726-741-9651,57.0,20056.71,Marketing,New York,2023-04-13
10806,Thomas Wilson,thomas.wilson293@example.com,+1-674-153-9823,46.0,65557.66,Product,Chicago,2020-06-06
10807,James Jones,james.jones598@example.com,+1-796-657-3952,38.0,136604.38,Marketing,Boston,2023-09-27
10808,Robert Rodriguez,robert.rodriguez695@example.com,+1-431-369-8614,63.0,122737.32,HR,San Francisco,2024-05-07
10809,Linda Williams,linda.williams318@example.com,+1-938-963-1185,26.0,144870.31,Product,San Francisco,2020-08-11
10810,Sarah Anderson,sarah.anderson219@example.com,+1-712-157-4164,50.0,115724.22,Product,Seattle,2021-09-06
10811,Barbara Jones,barbara.jones946@example.com,+1-233-991-4270,37.0,17626.9,Product,Boston,2023-04-10
10812,Patricia Miller,patricia.miller169@example.com,+1-439-522-7679,43.0,48715.82,Product,Boston,2020-11-25
10813,James Jackson,james.jackson341@example.com,+1-895-126-3365,39.0,,Finance,Chicago,2024-06-27
10814,Mary Brown,mary.brown487@example.com,+1-324-636-2919,57.0,111205.92,Marketing,San Francisco,2022-02-24
10815,Thomas Gonzalez,thomas.gonzalez192@example.com,+1-856-364-7189,29.0,36069.41,Marketing,Seattle,2022-01-14
10816,Barbara Wilson,barbara.wilson980@example.com,+1-725-696-1839,24.0,70546.35,,San Francisco,2021-05-25
10817,David Hernandez,david.hernandez324@example.com,+1-438-333-7446,52.0,,Product,New York,2024-07-02
10818,Susan Lopez,susan.lopez963@example.com,+1-575-841-3667,46.0,50091.09,HR,Boston,2021-02-21
10819,Sarah Rodriguez,sarah.rodriguez712@example.com,+1-399-945-6718,42.0,,Sales,San Francisco,2024-08-03
10820,Susan Wilson,susan.wilson551@example.com,+1-484-747-9744,59.0,148030.03,Engineering,Boston,2023-03-03
10821,Elizabeth Taylor,elizabeth.taylor22@example.com,+1-346-851-7744,52.0,,Sales,New York,2023-04-04
10822,David Lopez,david.lopez150@example.com,+1-302-325-7021,59.0,93369.57,Product,Seattle,2020-02-09
10823,Elizabeth Anderson,elizabeth.anderson237@example.com,+1-899-924-9674,43.0,122468.19,Finance,Austin,2024-06-09
10824,James Thomas,james.thomas839@example.com,+1-542-379-3913,28.0,117153.73,Finance,Seattle,2023-06-03
10825,Joseph Rodriguez,joseph.rodriguez628@example.com,+1-449-508-3160,42.0,82082.11,Product,Boston,2022-05-24
10826,Sarah Smith,sarah.smith498@example.com,+1-691-711-7395,43.0,104669.01,HR,Chicago,2022-05-24
10827,Elizabeth Wilson,elizabeth.wilson444@example.com,+1-883-707-8540,38.0,71505.4,Finance,Austin,2024-05-18
10828,Elizabeth Gonzalez,elizabeth.gonzalez794@example.com,+1-367-496-2614,33.0,110111.99,Sales,San Francisco,2024-05-24
10829,Robert Smith,robert.smith623@example.com,+1-917-244-6688,40.0,12580.07,Finance,Boston,2024-01-17
10830,Linda Jackson,linda.jackson412@example.com,+1-762-575-8235,41.0,19683.45,Marketing,New York,2022-01-07
10831,Michael Moore,michael.moore957@example.com,+1-225-509-1757,40.0,125824.77,HR,San Francisco,2022-01-18
10832,Elizabeth Martinez,elizabeth.martinez842@example.com,+1-935-363-1789,39.0,42240.58,HR,New York,2022-11-15
10833,Elizabeth Martinez,elizabeth.martinez825@example.com,+1-894-974-9945,35.0,149589.69,Sales,Chicago,2022-05-19
10834,Joseph Thomas,joseph.thomas25@example.com,+1-559-586-4909,23.0,45037.2,HR,Austin,2022-02-15
10835,David Jackson,david.jackson841@example.com,+1-863-389-2291,44.0,11541.8,Sales,New York,2024-08-03
10836,James Anderson,james.anderson835@example.com,+1-588-476-1972,26.0,121356.67,Marketing,Chicago,2024-08-14
10837,Elizabeth Anderson,elizabeth.anderson478@example.com,+1-827-799-8224,44.0,80351.84,Engineering,Boston,2023-10-06
10838,Mary Taylor,mary.taylor374@example.com,+1-776-425-3628,50.0,121401.02,Marketing,New York,2022-05-05
10839,Elizabeth Anderson,elizabeth.anderson779@example.com,+1-452-833-7621,60.0,134784.67,Sales,Boston,2020-07-23
10840,Sarah Taylor,sarah.taylor26@example.com,+1-267-232-9621,31.0,117607.99,Sales,Austin,2023-03-23
10841,Elizabeth Martinez,elizabeth.martinez771@example.com,+1-780-469-1532,45.0,96775.41,Product,New York,2023-06-06
10842,Elizabeth Johnson,elizabeth.johnson563@example.com,+1-987-452-2091,32.0,100136.12,Finance,New York,2023-02-21
10843,Charles Wilson,charles.wilson49@example.com,+1-472-799-1092,63.0,128822.53,Marketing,New York,2020-12-30
10844,David Taylor,david.taylor238@example.com,+1-219-102-1910,29.0,6242.54,Marketing,New York,2024-05-27
10845,Mary Rodriguez,mary.rodriguez327@example.com,+1-319-726-5008,34.0,147714.9,HR,Seattle,2024-09-11
10846,Elizabeth Martin,elizabeth.martin185@example.com,+1-885-685-3398,36.0,69225.88,Product,Boston,2021-10-04
10847,Charles Williams,charles.williams469@example.com,+1-524-621-7632,54.0,14326.29,Marketing,Austin,2020-10-14
10848,Jennifer Davis,jennifer.davis959@example.com,+1-820-527-6821,63.0,90443.76,Sales,Chicago,2022-04-03
10849,David Garcia,david.garcia265@example.com,+1-595-830-2832,46.0,74011.62,Marketing,Seattle,2020-06-04
10850,Elizabeth Garcia,elizabeth.garcia797@example.com,+1-579-766-1276,34.0,126951.52,Product,Seattle,2021-02-08
10851,Robert Wilson,robert.wilson994@example.com,+1-546-843-8803,44.0,41037.68,HR,Chicago,2021-03-06
10852,Elizabeth Garcia,elizabeth.garcia381@example.com,+1-414-832-3306,31.0,96826.1,Sales,Austin,2021-06-06
10853,Jessica Davis,jessica.davis78@example.com,+1-590-482-4510,35.0,,Sales,Seattle,2024-05-02
10854,Patricia Garcia,patricia.garcia366@example.com,+1-951-417-4081,62.0,111183.61,Product,Seattle,2020-02-13
10855,Richard Wilson,richard.wilson264@example.com,+1-665-376-2487,36.0,101930.85,Finance,Chicago,2020-11-21
10856,Patricia Smith,patricia.smith168@example.com,+1-348-126-3631,58.0,31027.54,Engineering,San Francisco,2023-11-20
10857,Robert Garcia,robert.garcia617@example.com,+1-594-612-5905,45.0,19490.12,Sales,Austin,2021-06-22
10858,Robert Moore,robert.moore908@example.com,+1-418-217-9784,37.0,114484.89,Engineering,Boston,2023-12-16
10859,David Jones,david.jones910@example.com,+1-420-963-6563,27.0,50037.14,Product,Austin,2021-10-05
10860,John Thomas,john.thomas180@example.com,+1-674-711-2152,37.0,63960.7,Marketing,San Francisco,2021-09-07
10861,William Lopez,william.lopez671@example.com,+1-975-861-1944,63.0,80411.99,Marketing,New York,2022-03-16
10862,Jessica Anderson,jessica.anderson75@example.com,+1-764-205-4759,60.0,32807.15,Finance,Seattle,2021-06-03
10863,Jessica Gonzalez,jessica.gonzalez877@example.com,+1-248-214-2178,30.0,88820.88,Sales,San Francisco,2020-03-11
10864,Linda Moore,linda.moore976@example.com,+1-412-280-9804,,,Marketing,Boston,2020-12-24
10865,Susan Jackson,susan.jackson435@example.com,+1-970-702-5866,49.0,6599.13,Engineering,New York,2021-04-14
10866,Jennifer Lopez,jennifer.lopez354@example.com,+1-509-119-4952,63.0,49272.26,Finance,Chicago,2022-10-23
10867,Michael Jones,michael.jones321@example.com,+1-681-994-7412,51.0,9399.19,HR,Austin,2021-12-25
10868,Jessica Miller,jessica.miller436@example.com,+1-256-796-6066,38.0,43145.11,Product,Chicago,2020-10-30
10869,Jennifer Johnson,jennifer.johnson712@example.com,+1-478-481-7324,35.0,51211.1,HR,Boston,2023-03-19
10870,Linda Taylor,linda.taylor298@example.com,+1-742-597-8641,42.0,69993.06,HR,Seattle,2022-05-07
10871,Patricia Jones,patricia.jones518@example.com,+1-436-634-1015,43.0,110138.5,Product,New York,2024-03-06
10872,Michael Jackson,michael.jackson74@example.com,+1-464-437-5473,24.0,47227.38,,New York,2023-04-01
10873,Sarah Thomas,sarah.thomas830@example.com,+1-495-967-3558,41.0,11292.59,Finance,Chicago,2020-01-06
10874,Jennifer Johnson,jennifer.johnson628@example.com,+1-494-217-9596,61.0,79916.32,Engineering,Boston,2022-01-21
10875,Joseph Miller,joseph.miller87@example.com,+1-633-676-1613,24.0,28244.81,Marketing,Chicago,2022-12-07
10876,David Martin,david.martin531@example.com,+1-228-403-6089,38.0,36529.91,HR,San Francisco,2022-02-19
10877,Richard Lopez,richard.lopez565@example.com,+1-355-101-1824,55.0,16349.8,Product,Seattle,2021-05-07
10878,David Rodriguez,david.rodriguez599@example.com,+1-966-876-5674,50.0,32076.28,HR,Seattle,2023-07-01
10879,Linda Lopez,linda.lopez817@example.com,+1-730-146-4136,24.0,54002.11,Engineering,Boston,2023-11-06
10880,Linda Jones,linda.jones443@example.com,+1-540-413-1590,41.0,15479.4,HR,Chicago,2024-06-14
10881,Elizabeth Smith,elizabeth.smith708@example.com,+1-470-213-2546,23.0,34934.56,HR,Boston,2024-08-12
10882,John Thomas,john.thomas143@example.com,+1-370-312-9140,39.0,66064.7,HR,Austin,2022-10-10
10883,Mary Davis,mary.davis271@example.com,+1-567-885-1236,44.0,59447.3,Engineering,Chicago,2022-04-09
10884,Patricia Miller,patricia.miller801@example.com,+1-829-389-4132,62.0,117220.74,Engineering,Seattle,2024-05-05
10885,Richard Hernandez,richard.hernandez36@example.com,+1-392-948-6476,59.0,28950.08,HR,Chicago,2021-08-28
10886,John Williams,john.williams796@example.com,+1-887-436-6095,40.0,127304.48,Engineering,San Francisco,2024-04-29
10887,Richard Martinez,richard.martinez988@example.com,+1-377-379-3391,38.0,101849.05,Engineering,Seattle,2024-12-02
10888,Michael Jones,michael.jones800@example.com,+1-552-491-5589,31.0,106370.4,Engineering,San Francisco,2022-08-06
10889,William Martinez,william.martinez45@example.com,+1-706-998-7101,35.0,13159.87,HR,Austin,2024-02-02
10890,Richard Brown,richard.brown385@example.com,+1-329-786-7763,51.0,,HR,San Francisco,2024-06-18
10891,Sarah Gonzalez,sarah.gonzalez12@example.com,+1-423-274-2408,47.0,44844.59,Marketing,Boston,2023-05-03
10892,John Jackson,john.jackson561@example.com,+1-651-775-2842,64.0,63122.56,Sales,Chicago,2021-09-19
10893,Susan Wilson,susan.wilson853@example.com,+1-437-109-1663,39.0,36596.15,Sales,Boston,2021-10-01
10894,Charles Brown,charles.brown336@example.com,+1-555-892-1394,35.0,24233.36,Engineering,San Francisco,2022-02-11
10895,Elizabeth Garcia,elizabeth.garcia153@example.com,+1-259-967-2803,32.0,113483.46,HR,Boston,2024-10-30
10896,Robert Rodriguez,robert.rodriguez264@example.com,+1-586-225-6291,52.0,,Engineering,Boston,2020-11-29
10897,Robert Moore,robert.moore909@example.com,+1-841-326-5729,24.0,37138.86,HR,Austin,2021-04-02
10898,William Rodriguez,william.rodriguez661@example.com,+1-318-652-3446,23.0,56533.78,Product,Chicago,2022-07-04
10899,Mary Jackson,mary.jackson336@example.com,+1-614-309-8463,35.0,149298.11,Finance,Seattle,2022-05-17
10900,Richard Moore,richard.moore925@example.com,+1-304-519-6492,48.0,9792.57,,New York,2022-10-13
10901,Richard Rodriguez,richard.rodriguez551@example.com,+1-795-265-7459,22.0,140435.29,Finance,Austin,2024-08-26
10902,Jessica Wilson,jessica.wilson226@example.com,+1-395-892-4273,,112126.73,Engineering,Chicago,2021-12-08
10903,Jessica Davis,jessica.davis745@example.com,+1-738-739-5260,44.0,115908.49,Sales,Austin,2020-03-30
10904,Linda Thomas,linda.thomas412@example.com,+1-868-215-8041,36.0,134834.84,Sales,Chicago,2021-09-09
10905,Susan Rodriguez,susan.rodriguez95@example.com,+1-519-131-9527,36.0,148781.16,HR,San Francisco,2021-05-15
10906,William Jackson,william.jackson706@example.com,+1-931-170-7997,47.0,13081.65,Product,Boston,2020-05-28
10907,Jennifer Jones,jennifer.jones878@example.com,+1-704-873-7387,47.0,,Sales,Chicago,2024-08-04
10908,David Moore,david.moore834@example.com,+1-282-387-5053,23.0,42935.6,Sales,Seattle,2024-01-22
10909,Mary Garcia,mary.garcia648@example.com,+1-925-424-7834,37.0,58641.9,HR,Chicago,2021-01-30
10910,Susan Martin,susan.martin793@example.com,+1-276-832-4976,47.0,125483.76,Finance,Chicago,2023-04-02
10911,Jennifer Williams,jennifer.williams771@example.com,+1-768-409-6491,37.0,89074.16,Sales,Boston,2024-01-19
10912,Elizabeth Taylor,elizabeth.taylor773@example.com,+1-214-469-8471,53.0,83766.91,Sales,New York,2023-06-30
10913,Mary Anderson,mary.anderson10@example.com,+1-752-659-6280,54.0,147328.96,Engineering,Seattle,2024-11-25
10914,Susan Miller,susan.miller249@example.com,+1-756-689-2884,53.0,6766.08,HR,Chicago,2020-11-30
10915,Jessica Johnson,jessica.johnson258@example.com,+1-310-193-6298,47.0,41439.61,HR,Seattle,2024-05-29
10916,Sarah Jackson,sarah.jackson502@example.com,+1-537-745-9983,59.0,57552.55,Finance,Chicago,2022-08-19
10917,David Johnson,david.johnson24@example.com,+1-430-716-4748,28.0,32005.52,Marketing,San Francisco,2024-11-15
10918,Sarah Miller,sarah.miller357@example.com,+1-893-246-8541,56.0,52095.84,Product,Boston,2023-01-31
10919,Jennifer Taylor,jennifer.taylor986@example.com,+1-213-917-2508,61.0,104606.06,HR,San Francisco,2022-11-26
10920,Barbara Rodriguez,barbara.rodriguez623@example.com,+1-282-655-8189,25.0,,,Austin,2022-07-18
10921,Jennifer Wilson,jennifer.wilson615@example.com,+1-593-509-6767,60.0,136849.1,Engineering,Austin,2021-05-25
10922,Thomas Johnson,thomas.johnson630@example.com,+1-967-893-9772,54.0,,Finance,Boston,2020-07-07
10923,Elizabeth Hernandez,elizabeth.hernandez708@example.com,+1-501-299-3940,56.0,8689.84,Marketing,Seattle,2024-07-14
10924,Robert Martin,robert.martin161@example.com,+1-363-389-6025,40.0,50923.98,Sales,San Francisco,2024-11-22
10925,Richard Gonzalez,richard.gonzalez281@example.com,+1-925-567-2043,23.0,135479.31,Marketing,Chicago,2023-04-03
10926,Charles Miller,charles.miller749@example.com,+1-873-894-7786,54.0,136779.48,Sales,Seattle,2022-09-01
10927,Jennifer Wilson,jennifer.wilson90@example.com,+1-473-375-9050,38.0,99286.35,HR,Seattle,2022-05-25
10928,Linda Taylor,linda.taylor506@example.com,+1-760-583-3896,39.0,145953.92,Engineering,Chicago,2021-02-10
10929,Sarah Rodriguez,sarah.rodriguez684@example.com,+1-778-901-1557,38.0,85627.6,Product,Austin,2024-07-14
10930,Jennifer Davis,jennifer.davis485@example.com,+1-226-613-6984,37.0,134146.67,Marketing,Chicago,2023-11-06
10931,Michael Moore,michael.moore969@example.com,+1-383-524-9035,62.0,10720.53,HR,New York,2022-07-14
10932,Michael Gonzalez,michael.gonzalez447@example.com,+1-335-282-6291,34.0,95613.76,Product,Seattle,2021-11-20
10933,Jessica Miller,jessica.miller792@example.com,+1-252-905-5147,45.0,120359.37,Finance,Seattle,2022-06-04
10934,Sarah Miller,sarah.miller475@example.com,+1-851-694-1559,43.0,137744.15,Sales,Seattle,2020-03-19
10935,Mary Jackson,mary.jackson978@example.com,+1-656-560-6838,36.0,115584.62,Engineering,Austin,2020-04-13
10936,Linda Lopez,linda.lopez794@example.com,+1-334-473-7182,25.0,,HR,New York,2023-10-16
10937,Jessica Davis,jessica.davis825@example.com,+1-754-855-3228,42.0,101742.6,Marketing,San Francisco,2023-12-29
10938,Susan Jones,susan.jones765@example.com,+1-368-683-3186,37.0,29243.4,Finance,Chicago,2023-12-30
10939,Mary Gonzalez,mary.gonzalez71@example.com,+1-670-256-7268,58.0,29115.2,Finance,San Francisco,2024-06-02
10940,Richard Davis,richard.davis863@example.com,+1-996-101-9172,22.0,42954.17,HR,Chicago,2020-10-19
10941,Richard Lopez,richard.lopez92@example.com,+1-964-757-8962,28.0,84184.33,Finance,Seattle,2020-04-16
10942,Sarah Martinez,sarah.martinez942@example.com,+1-354-112-1895,23.0,106358.98,,Chicago,2023-08-16
10943,Barbara Hernandez,barbara.hernandez768@example.com,+1-946-692-6644,28.0,,Finance,New York,2021-10-12
10944,William Lopez,william.lopez455@example.com,+1-805-319-3010,63.0,117968.62,Engineering,Chicago,2022-05-22
10945,Linda Smith,linda.smith511@example.com,+1-547-339-5665,36.0,71100.64,Engineering,Seattle,2023-12-03
10946,Sarah Wilson,sarah.wilson319@example.com,+1-798-366-8434,34.0,88671.07,Product,San Francisco,2021-07-18
10947,Jennifer Miller,jennifer.miller280@example.com,+1-935-750-9983,24.0,58357.84,Engineering,San Francisco,2020-11-12
10948,Richard Lopez,richard.lopez917@example.com,+1-793-108-2520,42.0,32956.41,Finance,Austin,2022-03-02
10949,Richard Taylor,richard.taylor471@example.com,+1-789-435-9112,59.0,33960.6,Engineering,San Francisco,2020-07-11
10950,Richard Johnson,richard.johnson860@example.com,+1-310-719-9046,46.0,41258.23,Product,Seattle,2021-08-18
10951,William Brown,william.brown841@example.com,+1-696-709-8511,35.0,139476.31,Product,San Francisco,2022-05-29
10952,Elizabeth Williams,elizabeth.williams846@example.com,+1-301-985-3841,61.0,19553.29,HR,Boston,2022-07-14
10953,James Wilson,james.wilson47@example.com,+1-593-540-1461,57.0,92224.53,HR,Chicago,2023-01-20
10954,Elizabeth Williams,elizabeth.williams820@example.com,+1-758-198-1525,,79395.07,Engineering,Austin,2021-01-30
10955,William Hernandez,william.hernandez542@example.com,+1-214-518-3415,42.0,146462.72,HR,Seattle,2024-11-17
10956,Elizabeth Lopez,elizabeth.lopez235@example.com,+1-785-918-1791,61.0,77882.77,Sales,Boston,2020-02-13
10957,David Moore,david.moore32@example.com,+1-835-697-6162,39.0,30629.75,Sales,Seattle,2024-01-24
10958,Patricia Gonzalez,patricia.gonzalez907@example.com,+1-739-253-6142,36.0,98199.03,Product,Austin,2023-10-14
10959,William Garcia,william.garcia742@example.com,+1-699-798-7211,57.0,133969.78,Sales,Boston,2022-02-17
10960,Michael Hernandez,michael.hernandez813@example.com,+1-900-733-2285,55.0,27332.37,Product,Austin,2022-08-24
10961,Jessica Lopez,jessica.lopez96@example.com,+1-308-522-2368,31.0,123090.78,Engineering,Boston,2023-09-18
10962,Richard Jones,richard.jones151@example.com,+1-272-939-4238,61.0,28448.35,Sales,Austin,2023-08-06
10963,Charles Jackson,charles.jackson319@example.com,+1-706-445-8248,49.0,77315.9,HR,New York,2020-05-26
10964,Robert Taylor,robert.taylor884@example.com,+1-385-781-7347,,82372.74,Engineering,San Francisco,2020-02-20
10965,Joseph Johnson,joseph.johnson694@example.com,+1-349-587-5374,25.0,8820.36,Sales,New York,2023-12-01
10966,Barbara Thomas,barbara.thomas72@example.com,+1-383-410-8960,47.0,29234.2,Finance,New York,2022-04-26
10967,Elizabeth Garcia,elizabeth.garcia933@example.com,+1-884-893-4099,61.0,91872.21,Marketing,Boston,2023-05-04
10968,John Lopez,john.lopez612@example.com,+1-229-824-6413,61.0,143201.11,,Chicago,2023-02-09
10969,Jessica Jones,jessica.jones325@example.com,+1-365-751-8370,41.0,50112.5,Engineering,Austin,2023-07-02
10970,Richard Wilson,richard.wilson381@example.com,+1-798-318-5570,,15592.51,Marketing,Boston,2022-03-12
10971,Elizabeth Williams,elizabeth.williams360@example.com,+1-385-514-1981,62.0,107241.41,Sales,Chicago,2021-06-27
10972,Elizabeth Brown,elizabeth.brown798@example.com,+1-511-913-2655,49.0,135766.56,Product,Seattle,2021-06-26
10973,Thomas Martin,thomas.martin54@example.com,+1-492-911-5962,60.0,74871.64,HR,Austin,2020-12-22
10974,Sarah Brown,sarah.brown267@example.com,+1-769-647-7060,63.0,35215.63,Product,New York,2023-09-18
10975,Barbara Anderson,barbara.anderson279@example.com,+1-612-674-4090,48.0,139919.25,Finance,Austin,2020-04-01
10976,Jessica Williams,jessica.williams205@example.com,+1-277-266-9455,45.0,135902.53,Engineering,New York,2021-05-26
10977,Barbara Anderson,barbara.anderson777@example.com,+1-662-200-4087,26.0,103961.49,HR,Seattle,2023-06-26
10978,Joseph Hernandez,joseph.hernandez330@example.com,+1-420-612-4783,37.0,81638.28,Product,San Francisco,2022-02-28
10979,Robert Johnson,robert.johnson176@example.com,+1-834-685-5846,28.0,77024.95,HR,Seattle,2022-03-30
10980,Barbara Martinez,barbara.martinez26@example.com,+1-444-817-3817,34.0,66289.61,Engineering,Boston,2020-01-09
10981,Thomas Martin,thomas.martin208@example.com,+1-754-874-9283,,107266.13,HR,Boston,2023-07-28
10982,Thomas Taylor,thomas.taylor889@example.com,+1-541-709-9967,39.0,49742.14,HR,Boston,2024-11-28
10983,Elizabeth Wilson,elizabeth.wilson226@example.com,+1-715-573-5131,24.0,29033.61,Product,Boston,2022-12-28
10984,Susan Davis,susan.davis440@example.com,+1-688-329-9369,46.0,146014.6,Product,Boston,2023-05-14
10985,Jessica Wilson,jessica.wilson771@example.com,+1-392-717-4260,41.0,133733.63,Marketing,San Francisco,2021-03-20
10986,Patricia Miller,patricia.miller658@example.com,+1-343-488-6930,46.0,129202.39,Finance,Austin,2021-07-17
10987,Sarah Smith,sarah.smith883@example.com,+1-975-411-3780,61.0,89043.58,HR,Seattle,2020-12-24
10988,Linda Martinez,linda.martinez979@example.com,+1-443-768-5559,22.0,,Engineering,Chicago,2024-11-08
10989,William Davis,william.davis201@example.com,+1-888-758-2403,28.0,98639.6,Finance,New York,2020-06-02
10990,Robert Jones,robert.jones808@example.com,+1-403-710-8517,27.0,101850.83,Finance,Seattle,2023-08-16
10991,John Rodriguez,john.rodriguez468@example.com,+1-914-508-3517,63.0,96726.02,Sales,Seattle,2020-02-28
10992,Robert Davis,robert.davis212@example.com,+1-840-856-9509,60.0,7690.96,Finance,New York,2021-02-09
10993,Linda Anderson,linda.anderson688@example.com,+1-446-965-6643,37.0,117576.75,Engineering,Seattle,2024-07-26
10994,Robert Hernandez,robert.hernandez617@example.com,+1-682-322-2772,29.0,109693.07,Engineering,San Francisco,2021-05-30
10995,Susan Garcia,susan.garcia546@example.com,+1-651-268-1058,62.0,20434.9,Marketing,Boston,2023-02-24
10996,Barbara Thomas,barbara.thomas407@example.com,+1-464-850-8430,35.0,62740.44,HR,San Francisco,2020-12-25
10997,Sarah Thomas,sarah.thomas784@example.com,+1-334-917-7897,23.0,146969.99,Engineering,Chicago,2023-08-13
10998,David Jones,david.jones122@example.com,+1-235-178-2301,55.0,71748.9,HR,New York,2020-01-17
10999,Jessica Gonzalez,jessica.gonzalez87@example.com,+1-767-179-3105,39.0,95214.2,Sales,Seattle,2022-09-20
11000,Elizabeth Williams,elizabeth.williams975@example.com,+1-843-592-7642,39.0,16712.99,HR,Boston,2023-03-17
11001,Patricia Smith,patricia.smith75@example.com,+1-340-545-4577,51.0,105146.86,Marketing,Boston,2022-05-05
11002,Jessica Jackson,jessica.jackson80@example.com,+1-512-827-3126,62.0,83038.18,HR,Seattle,2020-09-16
11003,Elizabeth Jones,elizabeth.jones966@example.com,+1-638-430-4596,35.0,122000.41,Sales,Boston,2024-01-29
11004,Jessica Lopez,jessica.lopez151@example.com,+1-982-627-4055,34.0,65094.95,Engineering,Austin,2021-06-18
11005,Sarah Williams,sarah.williams529@example.com,+1-623-414-7175,50.0,32846.09,,Boston,2023-05-28
11006,Barbara Rodriguez,barbara.rodriguez468@example.com,+1-798-469-5784,23.0,103622.99,Engineering,Austin,2021-02-22
11007,Sarah Hernandez,sarah.hernandez476@example.com,+1-840-808-9045,55.0,128678.64,Engineering,Chicago,2023-06-20
11008,Jessica Garcia,jessica.garcia704@example.com,+1-739-429-9661,38.0,142251.76,Marketing,New York,2021-02-23
11009,Sarah Brown,sarah.brown933@example.com,+1-533-519-8493,30.0,86362.36,HR,Chicago,2020-09-06
11010,Robert Garcia,robert.garcia782@example.com,+1-826-958-1782,57.0,91475.89,Marketing,Chicago,2023-01-11
11011,Thomas Martinez,thomas.martinez412@example.com,+1-838-290-9526,31.0,98016.1,Marketing,Boston,2021-01-21
11012,Jessica Anderson,jessica.anderson496@example.com,+1-977-760-8414,50.0,140033.66,Engineering,Chicago,2024-05-01
11013,Thomas Williams,thomas.williams350@example.com,+1-252-229-4907,,72561.87,,Boston,2024-07-28
11014,Richard Lopez,richard.lopez21@example.com,+1-532-319-7106,59.0,88292.13,HR,Chicago,2023-02-17
11015,Robert Smith,robert.smith895@example.com,+1-534-259-8008,39.0,113669.78,Sales,Chicago,2023-05-18
11016,James Davis,james.davis14@example.com,+1-233-891-2168,52.0,,HR,Boston,2020-05-04
11017,Jennifer Johnson,jennifer.johnson228@example.com,+1-824-899-2300,25.0,145069.09,Engineering,San Francisco,2022-01-07
11018,William Miller,william.miller679@example.com,+1-618-306-4767,30.0,60228.34,Product,Seattle,2021-01-07
11019,Elizabeth Taylor,elizabeth.taylor912@example.com,+1-915-352-1813,36.0,73228.98,Marketing,Seattle,2024-07-03
11020,Barbara Thomas,barbara.thomas989@example.com,+1-607-617-4190,,111448.06,Finance,Austin,2021-01-21
11021,Linda Smith,linda.smith972@example.com,+1-339-399-5759,53.0,140654.1,Finance,Chicago,2023-10-11
11022,Charles Hernandez,charles.hernandez391@example.com,+1-444-172-2099,35.0,128435.92,Product,San Francisco,2021-07-21
11023,Sarah Johnson,sarah.johnson739@example.com,+1-678-189-9031,31.0,118984.59,Product,Seattle,2021-09-16
11024,Thomas Johnson,thomas.johnson114@example.com,+1-371-598-3069,52.0,128868.82,Finance,Seattle,2020-10-25
11025,Joseph Jones,joseph.jones404@example.com,+1-953-400-7851,57.0,41568.3,Product,Seattle,2022-08-20
11026,Thomas Jackson,thomas.jackson121@example.com,+1-662-541-9462,22.0,109110.9,HR,San Francisco,2021-05-08
11027,Susan Rodriguez,susan.rodriguez248@example.com,+1-533-514-4016,57.0,120359.14,Product,San Francisco,2022-10-28
11028,William Lopez,william.lopez313@example.com,+1-331-520-1903,22.0,32357.48,HR,Chicago,2023-05-11
11029,Richard Jones,richard.jones295@example.com,+1-712-185-1429,,137743.58,Marketing,New York,2023-10-04
11030,Sarah Moore,sarah.moore683@example.com,+1-636-803-1662,48.0,13250.71,Finance,San Francisco,2022-07-24
11031,Jennifer Davis,jennifer.davis64@example.com,+1-965-541-8852,29.0,141701.94,Finance,San Francisco,2021-08-25
11032,John Jackson,john.jackson760@example.com,+1-466-313-2617,56.0,7801.17,Product,Chicago,2024-07-30
11033,Jennifer Hernandez,jennifer.hernandez638@example.com,+1-604-801-3093,27.0,,Marketing,New York,2020-09-01
11034,James Davis,james.davis590@example.com,+1-229-726-3567,40.0,93785.44,Product,Seattle,2023-08-27
11035,Susan Miller,susan.miller248@example.com,+1-212-221-7598,48.0,48504.42,Marketing,Seattle,2021-06-02
11036,Sarah Garcia,sarah.garcia710@example.com,+1-559-387-2593,60.0,94193.35,Engineering,Seattle,2022-05-03
11037,David Moore,david.moore672@example.com,+1-916-419-2790,62.0,125970.3,Sales,Boston,2022-12-24
11038,Elizabeth Moore,elizabeth.moore252@example.com,+1-391-241-9792,63.0,142025.84,HR,Boston,2023-03-18
11039,Elizabeth Martinez,elizabeth.martinez292@example.com,+1-303-460-6154,36.0,23944.08,Marketing,New York,2024-06-27
11040,Robert Rodriguez,robert.rodriguez242@example.com,+1-809-133-6362,24.0,116087.65,Product,Boston,2024-08-28
11041,James Taylor,james.taylor677@example.com,+1-889-957-8518,48.0,137946.85,Engineering,Seattle,2021-06-11
11042,John Lopez,john.lopez39@example.com,+1-208-408-7820,22.0,31863.86,HR,Austin,2020-03-31
11043,Michael Anderson,michael.anderson465@example.com,+1-513-346-1233,39.0,7532.88,Marketing,Boston,2021-01-21
11044,Susan Smith,susan.smith126@example.com,+1-440-125-6767,37.0,40068.68,Engineering,Chicago,2020-06-02
11045,John Lopez,john.lopez637@example.com,+1-281-143-8873,23.0,50444.94,Engineering,San Francisco,2022-02-28
11046,Patricia Brown,patricia.brown775@example.com,+1-870-386-1914,33.0,50189.41,Finance,Chicago,2022-10-18
11047,John Martin,john.martin390@example.com,+1-308-651-9486,29.0,132773.61,Product,Austin,2023-03-12
11048,Michael Rodriguez,michael.rodriguez989@example.com,+1-209-545-4607,35.0,19321.51,Sales,Chicago,2022-03-02
11049,Elizabeth Williams,elizabeth.williams344@example.com,+1-284-621-2824,27.0,125541.99,Sales,Chicago,2024-01-15
11050,Sarah Rodriguez,sarah.rodriguez736@example.com,+1-436-724-5312,22.0,78628.71,Engineering,Seattle,2020-02-06
11051,Michael Williams,michael.williams218@example.com,+1-351-998-8532,28.0,65119.91,Marketing,Chicago,2021-03-09
11052,Robert Martin,robert.martin241@example.com,+1-779-291-8707,35.0,73122.24,Finance,New York,2022-06-02
11053,Thomas Gonzalez,thomas.gonzalez832@example.com,+1-721-179-3693,32.0,13495.68,Marketing,Seattle,2023-06-30
11054,Richard Taylor,richard.taylor592@example.com,+1-355-713-8180,38.0,92495.55,HR,Boston,2020-04-26
11055,Sarah Martinez,sarah.martinez231@example.com,+1-372-439-9988,50.0,47583.08,Engineering,Chicago,2020-04-21
11056,Charles Smith,charles.smith411@example.com,+1-789-377-8040,64.0,51966.27,HR,Boston,2021-12-26
11057,William Miller,william.miller288@example.com,+1-882-794-8169,23.0,128948.91,Marketing,Chicago,2024-11-14
11058,Robert Taylor,robert.taylor237@example.com,+1-670-912-5623,52.0,15074.6,Sales,San Francisco,2023-11-02
11059,Susan Taylor,susan.taylor730@example.com,+1-883-877-8699,27.0,135677.48,Engineering,Chicago,2022-01-05
11060,Michael Martin,michael.martin33@example.com,+1-415-154-7947,28.0,,HR,New York,2021-03-09
11061,Thomas Miller,thomas.miller641@example.com,+1-382-522-7387,35.0,115353.76,Sales,Chicago,2020-06-26
11062,William Jackson,william.jackson230@example.com,+1-573-617-9490,50.0,54837.53,Sales,Seattle,2024-01-02
11063,Michael Taylor,michael.taylor257@example.com,+1-410-138-2275,24.0,136128.26,Engineering,New York,2023-12-07
11064,Michael Miller,michael.miller360@example.com,+1-268-262-8662,35.0,11460.71,HR,Austin,2024-08-14
11065,Joseph Taylor,joseph.taylor590@example.com,+1-315-803-9707,32.0,79672.07,Sales,Boston,2023-03-12
11066,William Hernandez,william.hernandez388@example.com,+1-361-382-5364,57.0,119359.53,Finance,Austin,2021-08-20
11067,Linda Jones,linda.jones711@example.com,+1-416-966-7229,45.0,139676.58,Product,Boston,2022-08-16
11068,Patricia Miller,patricia.miller567@example.com,+1-849-565-5383,54.0,54719.35,Engineering,San Francisco,2024-01-27
11069,Elizabeth Garcia,elizabeth.garcia485@example.com,+1-756-948-5127,,124062.93,Marketing,Boston,2024-10-17
11070,Jessica Martinez,jessica.martinez348@example.com,+1-437-272-1078,37.0,30374.54,HR,Chicago,2021-07-15
11071,William Anderson,william.anderson837@example.com,+1-435-770-5923,62.0,36287.37,HR,San Francisco,2021-09-05
11072,Barbara Taylor,barbara.taylor214@example.com,+1-930-356-1184,38.0,62534.97,Engineering,Boston,2020-09-02
11073,Mary Johnson,mary.johnson995@example.com,+1-550-108-9724,50.0,122871.2,Product,San Francisco,2020-06-20
11074,Robert Thomas,robert.thomas814@example.com,+1-531-763-6267,44.0,135701.09,Product,Chicago,2024-08-25
11075,Joseph Johnson,joseph.johnson918@example.com,+1-707-743-4478,54.0,91856.83,HR,Austin,2024-08-07
11076,Richard Smith,richard.smith386@example.com,+1-766-549-2987,33.0,,Finance,Seattle,2023-09-08
11077,Linda Smith,linda.smith271@example.com,+1-722-261-7099,42.0,73907.98,Finance,Austin,2020-09-16
11078,Richard Jackson,richard.jackson826@example.com,+1-456-267-4920,,5811.15,Engineering,New York,2020-07-14
11079,James Miller,james.miller722@example.com,+1-904-947-9366,27.0,141917.27,HR,Chicago,2020-10-05
11080,Michael Thomas,michael.thomas940@example.com,+1-344-373-8322,36.0,143599.94,Marketing,Chicago,2022-04-27
11081,Elizabeth Anderson,elizabeth.anderson659@example.com,+1-965-616-4956,47.0,60696.66,Product,Chicago,2022-06-23
11082,Robert Lopez,robert.lopez810@example.com,+1-375-419-4357,30.0,123640.74,Sales,Seattle,2022-11-03
11083,Joseph Hernandez,joseph.hernandez115@example.com,+1-969-992-8899,51.0,45283.83,Product,Chicago,2020-09-16
11084,Patricia Williams,patricia.williams381@example.com,+1-269-478-1254,29.0,123385.81,Finance,New York,2020-07-31
11085,Sarah Garcia,sarah.garcia484@example.com,+1-747-211-1182,,121863.18,Engineering,Boston,2021-06-17
11086,Linda Moore,linda.moore851@example.com,+1-878-961-6785,28.0,90359.9,Sales,Boston,2021-06-13
11087,Thomas Garcia,thomas.garcia344@example.com,+1-832-787-5670,61.0,95778.63,Marketing,Boston,2021-04-22
11088,Joseph Gonzalez,joseph.gonzalez387@example.com,+1-891-562-1012,45.0,82135.9,HR,Austin,2022-12-29
11089,Mary Gonzalez,mary.gonzalez170@example.com,+1-231-923-9026,25.0,118914.57,Finance,San Francisco,2022-07-05
11090,Robert Davis,robert.davis949@example.com,+1-992-378-1442,22.0,133534.53,,San Francisco,2024-10-10
11091,Patricia Miller,patricia.miller567@example.com,+1-706-620-8638,54.0,40356.67,HR,New York,2024-03-05
11092,John Rodriguez,john.rodriguez794@example.com,+1-348-287-8820,24.0,74690.01,Marketing,Seattle,2023-07-10
11093,Richard Lopez,richard.lopez755@example.com,+1-494-534-7731,43.0,37989.67,Product,Boston,2020-07-22
11094,Jessica Lopez,jessica.lopez196@example.com,+1-428-147-1267,44.0,127126.19,Finance,Boston,2020-03-27
11095,Richard Martinez,richard.martinez520@example.com,+1-760-945-9631,29.0,91073.92,Engineering,Austin,2020-08-04
11096,Susan Jones,susan.jones365@example.com,+1-289-141-4865,43.0,45268.77,Marketing,New York,2021-09-28
11097,Elizabeth Gonzalez,elizabeth.gonzalez23@example.com,+1-815-728-7613,39.0,104163.18,Marketing,Boston,2024-08-25
11098,Linda Martin,linda.martin934@example.com,+1-551-898-2089,33.0,145332.76,Finance,Austin,2024-06-10
11099,Elizabeth Lopez,elizabeth.lopez249@example.com,+1-415-276-7704,23.0,131620.37,Sales,Seattle,2020-06-27
11100,Robert Martin,robert.martin678@example.com,+1-284-556-8643,29.0,19977.55,Marketing,Boston,2023-09-26
11101,William Miller,william.miller197@example.com,+1-203-842-3954,,144201.84,Finance,Boston,2023-06-17
11102,Jessica Martin,jessica.martin944@example.com,+1-904-498-6465,24.0,20444.19,Sales,San Francisco,2024-02-14
11103,James Anderson,james.anderson163@example.com,+1-985-147-4839,44.0,126323.05,Engineering,San Francisco,2021-02-01
11104,Elizabeth Hernandez,elizabeth.hernandez143@example.com,+1-970-625-3555,23.0,86950.12,Marketing,Boston,2024-09-26
11105,Elizabeth Anderson,elizabeth.anderson558@example.com,+1-354-585-6146,33.0,128408.32,Engineering,San Francisco,2024-04-16
11106,John Wilson,john.wilson937@example.com,+1-754-583-4408,24.0,122226.74,Finance,San Francisco,2022-04-14
11107,Barbara Hernandez,barbara.hernandez453@example.com,+1-552-893-1677,43.0,143083.7,Finance,Austin,2021-03-25
11108,David Lopez,david.lopez524@example.com,+1-409-987-8141,28.0,51841.32,Engineering,Chicago,2021-09-18
11109,Sarah Moore,sarah.moore369@example.com,+1-528-944-1181,63.0,90004.61,Sales,Boston,2022-08-03
11110,James Martinez,james.martinez574@example.com,+1-244-876-3021,27.0,117017.55,Engineering,Austin,2020-07-15
11111,Jessica Moore,jessica.moore266@example.com,+1-853-235-9129,36.0,127896.9,HR,Boston,2020-05-08
11112,Joseph Brown,joseph.brown48@example.com,+1-462-249-3737,31.0,73590.09,Marketing,San Francisco,2023-02-20
11113,James Jackson,james.jackson624@example.com,+1-665-198-5925,64.0,148415.8,Finance,Boston,2022-11-11
11114,Jennifer Hernandez,jennifer.hernandez132@example.com,+1-355-400-8017,31.0,70566.49,Engineering,Chicago,2023-11-29
11115,Thomas Davis,thomas.davis538@example.com,+1-359-681-2767,42.0,,Product,Austin,2024-03-23
11116,Jessica Moore,jessica.moore531@example.com,+1-569-900-1130,35.0,,Finance,Seattle,2024-03-28
11117,Jennifer Garcia,jennifer.garcia443@example.com,+1-237-970-6438,62.0,101334.43,Finance,Seattle,2021-05-13
11118,Patricia Jackson,patricia.jackson446@example.com,+1-492-148-3076,44.0,94036.32,HR,New York,2024-08-13
11119,Thomas Gonzalez,thomas.gonzalez725@example.com,+1-715-939-8103,58.0,28434.33,Finance,San Francisco,2024-11-05
11120,Elizabeth Taylor,elizabeth.taylor256@example.com,+1-692-748-4646,53.0,117560.84,Sales,Boston,2022-08-11
11121,Barbara Moore,barbara.moore131@example.com,+1-886-612-4037,59.0,15914.47,Sales,Boston,2023-09-23
11122,Susan Davis,susan.davis325@example.com,+1-696-907-8101,62.0,94165.46,Sales,Austin,2020-04-09
11123,Patricia Wilson,patricia.wilson311@example.com,+1-493-628-9001,29.0,10676.83,HR,Boston,2023-09-21
11124,Jennifer Smith,jennifer.smith520@example.com,+1-622-484-2906,61.0,117523.22,Marketing,New York,2022-04-12
11125,Susan Wilson,susan.wilson525@example.com,+1-414-538-5523,46.0,147350.45,Finance,San Francisco,2023-06-04
11126,James Martinez,james.martinez923@example.com,+1-502-421-2840,29.0,87624.69,Engineering,San Francisco,2023-11-17
11127,Barbara Smith,barbara.smith80@example.com,+1-863-686-3774,23.0,148530.79,HR,Seattle,2022-09-14
11128,Barbara Williams,barbara.williams250@example.com,+1-690-301-9825,53.0,73121.3,Marketing,San Francisco,2021-06-10
11129,Robert Thomas,robert.thomas423@example.com,+1-726-530-8141,55.0,133874.08,Sales,Seattle,2024-12-01
11130,Barbara Jones,barbara.jones409@example.com,+1-278-488-2558,31.0,6204.2,Engineering,New York,2022-02-14
11131,Elizabeth Brown,elizabeth.brown329@example.com,+1-805-118-5735,44.0,137249.35,Finance,Chicago,2023-09-28
11132,James Miller,james.miller124@example.com,+1-547-100-1062,60.0,105453.32,Marketing,Chicago,2021-09-24
11133,Jessica Smith,jessica.smith681@example.com,+1-419-456-1968,32.0,128964.22,Product,New York,2022-12-01
11134,Jennifer Martinez,jennifer.martinez626@example.com,+1-711-829-8389,32.0,53912.78,HR,Seattle,2023-02-24
11135,James Rodriguez,james.rodriguez754@example.com,+1-692-418-2242,42.0,128174.3,Marketing,Chicago,2021-03-27
11136,Sarah Williams,sarah.williams719@example.com,+1-988-947-3025,36.0,75986.33,Sales,Seattle,2023-02-26
11137,James Jackson,james.jackson436@example.com,+1-273-559-3758,33.0,92017.97,Sales,Chicago,2021-01-17
11138,James Moore,james.moore45@example.com,+1-662-863-8058,63.0,36502.32,Marketing,Chicago,2020-06-28
11139,Elizabeth Moore,elizabeth.moore828@example.com,+1-498-133-1751,54.0,118241.29,Finance,Chicago,2022-12-16
11140,Jennifer Smith,jennifer.smith19@example.com,+1-876-580-8894,32.0,,Engineering,Chicago,2023-03-17
11141,Joseph Anderson,joseph.anderson949@example.com,+1-943-843-9433,27.0,43457.99,HR,San Francisco,2021-01-22
11142,James Anderson,james.anderson789@example.com,+1-428-730-3487,41.0,132144.49,Product,Boston,2024-07-01
11143,James Anderson,james.anderson71@example.com,+1-441-337-2154,50.0,29971.66,Finance,Austin,2024-01-03
11144,James Jackson,james.jackson784@example.com,+1-531-311-5760,51.0,103630.94,Finance,San Francisco,2024-04-25
11145,Joseph Davis,joseph.davis408@example.com,+1-918-330-1533,,36863.79,HR,Seattle,2022-06-30
11146,Robert Johnson,robert.johnson252@example.com,+1-923-289-1737,41.0,148864.9,HR,New York,2024-05-07
11147,Michael Lopez,michael.lopez121@example.com,+1-524-357-1949,37.0,147459.98,Marketing,Chicago,2024-08-28
11148,Robert Miller,robert.miller660@example.com,+1-277-984-7479,42.0,66669.68,HR,New York,2020-11-12
11149,Richard Moore,richard.moore693@example.com,+1-998-218-9541,42.0,94334.29,Sales,Seattle,2024-01-16
11150,Richard Brown,richard.brown94@example.com,+1-884-344-3919,36.0,12175.33,Finance,Austin,2023-03-02
11151,Robert Gonzalez,robert.gonzalez870@example.com,+1-396-636-8902,41.0,111365.96,HR,New York,2021-02-08
11152,Linda Hernandez,linda.hernandez942@example.com,+1-580-622-9741,44.0,103336.47,Marketing,Austin,2021-10-29
11153,Thomas Anderson,thomas.anderson431@example.com,+1-917-753-2466,29.0,20909.95,Marketing,Chicago,2020-02-10
11154,Charles Jones,charles.jones761@example.com,+1-336-866-6855,24.0,15423.97,Finance,Boston,2021-09-23
11155,Charles Martinez,charles.martinez168@example.com,+1-708-546-2017,39.0,9561.29,Product,Seattle,2020-02-02
11156,Patricia Brown,patricia.brown51@example.com,+1-208-918-4680,41.0,130603.88,HR,Austin,2022-12-02
11157,Linda Taylor,linda.taylor422@example.com,+1-445-548-5116,60.0,131742.57,HR,Seattle,2022-10-10
11158,Linda Brown,linda.brown255@example.com,+1-272-249-6064,58.0,112037.83,Engineering,Austin,2024-06-19
11159,Linda Miller,linda.miller414@example.com,+1-368-428-1425,63.0,103360.84,Finance,Boston,2021-09-16
11160,Richard Davis,richard.davis931@example.com,+1-359-591-3360,54.0,,Engineering,Austin,2023-11-20
11161,Sarah Johnson,sarah.johnson380@example.com,+1-650-266-3439,53.0,82630.24,Product,Seattle,2024-09-20
11162,Mary Garcia,mary.garcia450@example.com,+1-587-865-2665,33.0,109574.74,Product,Chicago,2023-06-22
11163,Michael Anderson,michael.anderson502@example.com,+1-845-338-4536,25.0,127679.63,Marketing,Boston,2024-08-17
11164,Linda Garcia,linda.garcia773@example.com,+1-448-620-5323,30.0,41345.12,Finance,Seattle,2021-08-06
11165,David Martinez,david.martinez145@example.com,+1-273-353-4089,,132168.95,Engineering,Austin,2022-01-13
11166,Joseph Wilson,joseph.wilson912@example.com,+1-401-306-1414,50.0,22702.39,Sales,Austin,2021-07-16
11167,Elizabeth Rodriguez,elizabeth.rodriguez78@example.com,+1-715-591-7383,62.0,106243.78,Marketing,Chicago,2021-12-07
11168,David Williams,david.williams480@example.com,+1-304-886-2345,23.0,111451.76,Finance,Austin,2021-12-09
11169,James Taylor,james.taylor666@example.com,+1-753-449-2223,61.0,113752.2,Product,Seattle,2022-06-15
11170,John Jones,john.jones910@example.com,+1-427-244-7451,35.0,131813.59,Engineering,New York,2022-03-07
11171,Sarah Jackson,sarah.jackson533@example.com,+1-251-228-6254,38.0,28430.19,Marketing,New York,2023-04-25
11172,Jessica Moore,jessica.moore767@example.com,+1-433-936-5758,42.0,26034.48,Product,Chicago,2024-08-13
11173,Charles Wilson,charles.wilson836@example.com,+1-794-917-5731,55.0,47445.04,Sales,Boston,2024-07-10
11174,James Gonzalez,james.gonzalez692@example.com,+1-226-810-9066,46.0,67452.27,Sales,Chicago,2021-09-04
11175,Jennifer Garcia,jennifer.garcia126@example.com,+1-815-656-2566,57.0,13046.15,Finance,Austin,2020-10-18
11176,Jennifer Martinez,jennifer.martinez895@example.com,+1-423-122-2007,38.0,47258.67,HR,New York,2023-11-23
11177,Jennifer Brown,jennifer.brown968@example.com,+1-350-527-4538,52.0,66470.9,HR,Austin,2023-03-25
11178,Linda Taylor,linda.taylor792@example.com,+1-666-684-9899,36.0,119013.05,Sales,Chicago,2022-06-15
11179,James Anderson,james.anderson528@example.com,+1-291-212-3154,27.0,35143.81,Marketing,Boston,2022-05-08
11180,Charles Davis,charles.davis353@example.com,+1-827-235-9468,50.0,30912.39,Marketing,Austin,2020-01-27
11181,Elizabeth Hernandez,elizabeth.hernandez296@example.com,+1-648-311-5496,36.0,48895.76,HR,San Francisco,2020-12-31
11182,Linda Rodriguez,linda.rodriguez296@example.com,+1-649-187-1018,38.0,100689.02,Engineering,San Francisco,2020-11-06
11183,Sarah Moore,sarah.moore586@example.com,+1-579-614-1206,31.0,54087.59,Product,San Francisco,2020-04-29
11184,Linda Davis,linda.davis991@example.com,+1-379-956-7639,31.0,115876.07,Engineering,Austin,2023-05-27
11185,Joseph Anderson,joseph.anderson950@example.com,+1-701-232-7196,23.0,41034.49,HR,Seattle,2024-04-30
11186,Thomas Wilson,thomas.wilson585@example.com,+1-318-834-2691,49.0,109069.73,Marketing,Chicago,2021-03-13
11187,Joseph Lopez,joseph.lopez898@example.com,+1-301-655-6992,55.0,36309.21,Finance,Austin,2020-07-23
11188,Elizabeth Taylor,elizabeth.taylor260@example.com,+1-334-189-8607,63.0,,Product,New York,2024-07-05
11189,Sarah Wilson,sarah.wilson11@example.com,+1-318-954-4262,24.0,145795.75,Sales,New York,2022-05-22
11190,Richard Garcia,richard.garcia511@example.com,+1-776-888-3808,25.0,29419.15,Product,San Francisco,2021-12-23
11191,Joseph Garcia,joseph.garcia416@example.com,+1-891-293-5174,56.0,136760.45,Marketing,Boston,2022-11-03
11192,Linda Brown,linda.brown685@example.com,+1-788-925-4487,30.0,146276.06,Engineering,Austin,2023-02-13
11193,Susan Williams,susan.williams852@example.com,+1-672-845-7831,29.0,,Finance,Austin,2024-03-19
11194,Barbara Jackson,barbara.jackson752@example.com,+1-285-162-2054,31.0,113246.22,Product,Seattle,2024-10-11
11195,Mary Smith,mary.smith576@example.com,+1-785-984-1128,59.0,48414.85,Sales,New York,2020-12-20
11196,James Brown,james.brown96@example.com,+1-464-931-4613,29.0,35114.19,HR,New York,2023-07-18
11197,Elizabeth Williams,elizabeth.williams959@example.com,+1-605-125-5075,60.0,40683.65,Finance,New York,2022-03-26
11198,William Moore,william.moore280@example.com,+1-333-270-1027,29.0,102793.96,Sales,New York,2023-06-18
11199,Joseph Johnson,joseph.johnson11@example.com,+1-561-294-1605,29.0,141950.74,HR,San Francisco,2020-05-26
11200,Barbara Williams,barbara.williams571@example.com,+1-804-991-1944,44.0,32923.53,Product,Seattle,2020-07-23
11201,Mary Rodriguez,mary.rodriguez950@example.com,+1-367-467-1535,50.0,71940.58,HR,San Francisco,2024-09-25
11202,Linda Smith,linda.smith456@example.com,+1-813-134-3866,28.0,142299.92,Sales,New York,2021-06-09
11203,Susan Martinez,susan.martinez278@example.com,+1-939-300-8309,57.0,99947.64,Marketing,San Francisco,2020-12-20
11204,Michael Martin,michael.martin667@example.com,+1-918-245-6271,44.0,139107.95,Finance,Boston,2020-03-04
11205,James Brown,james.brown463@example.com,+1-583-206-3668,29.0,143191.75,Sales,Boston,2020-07-17
11206,Mary Thomas,mary.thomas762@example.com,+1-799-582-7315,58.0,67923.71,Product,San Francisco,2024-03-01
11207,Joseph Brown,joseph.brown450@example.com,+1-311-795-9039,28.0,34812.71,Sales,Chicago,2024-01-11
11208,Linda Gonzalez,linda.gonzalez155@example.com,+1-677-730-9906,34.0,61163.35,Sales,Boston,2023-03-26
11209,Richard Jones,richard.jones53@example.com,+1-917-649-9509,43.0,88049.51,Engineering,Chicago,2022-06-11
11210,Jennifer Wilson,jennifer.wilson440@example.com,+1-946-302-8973,27.0,16747.16,,San Francisco,2021-04-09
11211,Thomas Martin,thomas.martin175@example.com,+1-902-868-6171,51.0,99264.58,Product,Chicago,2023-09-25
11212,Elizabeth Martinez,elizabeth.martinez15@example.com,+1-441-261-1978,27.0,126746.26,Sales,Seattle,2020-03-25
11213,Charles Smith,charles.smith589@example.com,+1-383-294-5649,33.0,50124.78,HR,Boston,2023-08-25
11214,Linda Johnson,linda.johnson177@example.com,+1-543-596-4484,57.0,146389.78,Sales,New York,2021-12-01
11215,Elizabeth Jones,elizabeth.jones132@example.com,+1-430-736-1111,37.0,89210.36,Marketing,Seattle,2021-01-26
11216,Jennifer Lopez,jennifer.lopez536@example.com,+1-931-602-8909,52.0,32030.01,Product,Austin,2020-11-02
11217,John Williams,john.williams348@example.com,+1-996-365-3699,51.0,67695.45,Engineering,New York,2020-03-28
11218,Jessica Brown,jessica.brown645@example.com,+1-468-993-1796,59.0,116874.74,Finance,New York,2020-12-11
11219,Elizabeth Thomas,elizabeth.thomas406@example.com,+1-991-178-1981,55.0,82214.66,Marketing,San Francisco,2020-07-24
11220,Susan Martinez,susan.martinez542@example.com,+1-721-924-2335,59.0,82782.28,Finance,Boston,2023-08-18
11221,Patricia Thomas,patricia.thomas94@example.com,+1-715-164-4389,47.0,19978.57,Engineering,New York,2020-09-03
11222,Linda Rodriguez,linda.rodriguez980@example.com,+1-288-829-8097,57.0,52722.28,Product,Austin,2023-06-28
11223,Joseph Gonzalez,joseph.gonzalez208@example.com,+1-858-587-6520,22.0,65417.16,Engineering,Chicago,2023-08-28
11224,Mary Hernandez,mary.hernandez850@example.com,+1-429-267-6479,24.0,85471.42,Engineering,New York,2021-04-08
11225,Sarah Taylor,sarah.taylor680@example.com,+1-982-220-1765,41.0,38461.42,Engineering,Austin,2020-04-05
11226,Jessica Johnson,jessica.johnson221@example.com,+1-779-739-7476,45.0,28818.23,Product,San Francisco,2022-09-26
11227,Mary Rodriguez,mary.rodriguez283@example.com,+1-376-363-9168,38.0,31000.35,Product,Chicago,2023-12-15
11228,Linda Garcia,linda.garcia772@example.com,+1-216-542-1140,63.0,95902.86,Finance,San Francisco,2020-12-16
11229,Richard Lopez,richard.lopez540@example.com,+1-592-941-3448,61.0,11648.54,Engineering,Seattle,2023-09-20
11230,James Lopez,james.lopez514@example.com,+1-297-914-1891,42.0,97405.57,HR,Chicago,2020-04-06
11231,Robert Rodriguez,robert.rodriguez956@example.com,+1-700-786-4137,25.0,108628.15,Engineering,Chicago,2020-09-22
11232,Linda Davis,linda.davis610@example.com,+1-788-747-1916,42.0,61743.26,Sales,Chicago,2020-03-31
11233,Richard Williams,richard.williams731@example.com,+1-497-744-4354,27.0,6168.45,Finance,San Francisco,2023-09-19
11234,Michael Miller,michael.miller500@example.com,+1-359-944-6326,39.0,,Marketing,Seattle,2021-02-27
11235,Joseph Wilson,joseph.wilson158@example.com,+1-822-507-6848,55.0,69158.28,Product,Austin,2020-07-23
11236,James Brown,james.brown91@example.com,+1-717-933-2607,52.0,6174.64,Engineering,Boston,2021-08-12
11237,Barbara Jackson,barbara.jackson767@example.com,+1-391-428-5166,58.0,100926.86,Sales,Chicago,2021-06-02
11238,Jessica Davis,jessica.davis542@example.com,+1-327-294-2217,62.0,28811.46,HR,San Francisco,2021-09-13
11239,Michael Lopez,michael.lopez731@example.com,+1-235-630-1090,41.0,110928.68,Product,New York,2024-10-24
11240,Patricia Thomas,patricia.thomas572@example.com,+1-657-713-3223,31.0,102286.14,HR,Austin,2024-10-29
11241,Richard Brown,richard.brown98@example.com,+1-803-610-9233,60.0,32121.19,Sales,San Francisco,2020-04-16
11242,Jennifer Moore,jennifer.moore729@example.com,+1-570-356-2720,51.0,133560.28,HR,Chicago,2022-12-07
11243,Robert Taylor,robert.taylor101@example.com,+1-281-836-5174,,121424.83,Finance,Seattle,2024-08-18
11244,Barbara Lopez,barbara.lopez852@example.com,+1-830-810-5561,28.0,71102.98,HR,Boston,2020-03-15
11245,Charles Hernandez,charles.hernandez665@example.com,+1-542-799-9826,33.0,50629.9,Marketing,San Francisco,2022-02-02
11246,Barbara Johnson,barbara.johnson989@example.com,+1-277-613-6416,62.0,28148.22,Marketing,Boston,2020-06-20
11247,James Rodriguez,james.rodriguez925@example.com,+1-317-105-5938,56.0,40300.83,Marketing,San Francisco,2024-05-05
11248,Jennifer Taylor,jennifer.taylor604@example.com,+1-902-516-8310,52.0,89023.87,Product,San Francisco,2020-10-17
11249,Jessica Lopez,jessica.lopez485@example.com,+1-452-495-2235,61.0,66579.11,HR,Seattle,2024-01-01
11250,Patricia Miller,patricia.miller656@example.com,+1-929-699-7895,,149753.96,Product,New York,2022-02-09
11251,Patricia Martin,patricia.martin518@example.com,+1-646-627-8369,64.0,93864.03,Finance,Austin,2021-10-30
11252,Sarah Johnson,sarah.johnson69@example.com,+1-451-545-2025,37.0,77393.52,,Boston,2021-04-16
11253,Richard Thomas,richard.thomas594@example.com,+1-228-768-5921,44.0,15227.47,Marketing,New York,2021-11-24
11254,Elizabeth Johnson,elizabeth.johnson931@example.com,+1-606-940-2532,58.0,129926.82,Product,New York,2022-02-09
11255,Richard Wilson,richard.wilson530@example.com,+1-826-765-1842,38.0,128180.06,Marketing,San Francisco,2020-09-25
11256,Susan Anderson,susan.anderson593@example.com,+1-353-562-5864,49.0,57715.66,Product,Boston,2020-04-15
11257,Robert Jones,robert.jones344@example.com,+1-854-919-5074,26.0,130449.53,Marketing,Austin,2024-01-17
11258,William Anderson,william.anderson625@example.com,+1-357-371-4309,51.0,22697.8,Sales,Austin,2023-10-13
11259,Jessica Taylor,jessica.taylor809@example.com,+1-444-659-3348,57.0,142347.92,Product,Chicago,2024-07-19
11260,Barbara Jackson,barbara.jackson711@example.com,+1-362-692-3348,25.0,24653.45,Product,San Francisco,2021-03-02
11261,James Miller,james.miller745@example.com,+1-462-525-6811,34.0,110860.9,Marketing,San Francisco,2020-04-07
11262,Jessica Martinez,jessica.martinez104@example.com,+1-965-287-9576,37.0,76766.67,Finance,New York,2020-03-27
11263,Linda Garcia,linda.garcia40@example.com,+1-908-843-1295,51.0,115020.74,Finance,Chicago,2022-10-05
11264,David Moore,david.moore726@example.com,+1-216-299-7687,41.0,119645.63,Engineering,Austin,2021-04-27
11265,Barbara Thomas,barbara.thomas624@example.com,+1-744-596-4044,48.0,112533.28,Marketing,New York,2022-02-16
11266,Susan Anderson,susan.anderson421@example.com,+1-468-725-6371,,,Engineering,Austin,2024-04-09
11267,William Wilson,william.wilson998@example.com,+1-764-467-4749,63.0,44590.63,Marketing,San Francisco,2022-06-30
11268,Patricia Martinez,patricia.martinez700@example.com,+1-436-117-5910,53.0,30449.16,Sales,Seattle,2020-01-29
11269,Mary Wilson,mary.wilson236@example.com,+1-317-511-3301,52.0,24847.65,HR,New York,2023-01-09
11270,Charles Williams,charles.williams325@example.com,+1-659-326-8921,53.0,8700.96,Finance,San Francisco,2023-12-18
11271,Michael Jones,michael.jones736@example.com,+1-530-429-9404,62.0,131071.57,Sales,Austin,2024-04-18
11272,Linda Davis,linda.davis918@example.com,+1-420-872-2529,33.0,11429.91,Finance,Boston,2020-04-13
11273,David Gonzalez,david.gonzalez318@example.com,+1-251-100-7154,64.0,102472.68,Product,Austin,2022-08-13
11274,Elizabeth Jones,elizabeth.jones371@example.com,+1-893-211-8147,38.0,6949.39,Engineering,Seattle,2023-01-06
11275,Susan Brown,susan.brown363@example.com,+1-919-516-9406,32.0,22797.31,Engineering,New York,2021-03-03
11276,Elizabeth Williams,elizabeth.williams267@example.com,+1-864-355-1402,61.0,11949.15,Sales,Boston,2024-06-14
11277,John Rodriguez,john.rodriguez590@example.com,+1-587-500-9829,42.0,140451.23,Product,Austin,2021-02-21
11278,Susan Jones,susan.jones629@example.com,+1-483-770-1837,35.0,56922.37,Sales,San Francisco,2022-03-16
11279,Patricia Thomas,patricia.thomas91@example.com,+1-788-670-7372,48.0,,Sales,Chicago,2023-05-05
11280,Jessica Miller,jessica.miller381@example.com,+1-279-334-3866,48.0,145764.69,Finance,Chicago,2024-10-01
11281,Linda Hernandez,linda.hernandez42@example.com,+1-475-764-8257,61.0,89755.62,Sales,San Francisco,2024-09-27
11282,Jessica Williams,jessica.williams388@example.com,+1-925-546-6059,39.0,,Engineering,San Francisco,2021-12-26
11283,Linda Jackson,linda.jackson225@example.com,+1-924-915-1711,53.0,84793.85,Sales,Austin,2021-01-25
11284,John Garcia,john.garcia956@example.com,+1-598-199-4572,24.0,66529.03,Finance,San Francisco,2024-06-13
11285,John Moore,john.moore416@example.com,+1-495-989-7240,35.0,8031.42,Finance,New York,2024-10-05
11286,James Garcia,james.garcia306@example.com,+1-625-748-6642,28.0,143074.41,Engineering,Boston,2023-03-31
11287,Charles Garcia,charles.garcia933@example.com,+1-772-973-8597,51.0,14334.36,Sales,San Francisco,2022-06-17
11288,Susan Smith,susan.smith367@example.com,+1-400-543-2325,63.0,7187.76,Sales,New York,2022-07-26
11289,John Anderson,john.anderson525@example.com,+1-948-649-5516,29.0,,Finance,New York,2020-02-02
11290,Thomas Moore,thomas.moore656@example.com,+1-829-477-1817,40.0,73685.21,Finance,Austin,2021-05-12
11291,Elizabeth Lopez,elizabeth.lopez968@example.com,+1-329-248-2495,38.0,96698.13,HR,New York,2023-10-10
11292,James Anderson,james.anderson732@example.com,+1-421-701-5779,59.0,,HR,Chicago,2021-02-04
11293,Thomas Moore,thomas.moore112@example.com,+1-567-591-2802,33.0,106782.53,Sales,New York,2024-02-08
11294,Elizabeth Thomas,elizabeth.thomas851@example.com,+1-842-489-6462,26.0,46960.2,Engineering,Austin,2024-08-09
11295,Patricia Garcia,patricia.garcia26@example.com,+1-349-438-1841,32.0,147964.44,Engineering,New York,2023-08-15
11296,Patricia Brown,patricia.brown433@example.com,+1-686-829-9280,,36359.09,Finance,Seattle,2023-11-30
11297,Elizabeth Johnson,elizabeth.johnson867@example.com,+1-535-705-7735,59.0,104589.08,HR,Austin,2023-03-03
11298,William Hernandez,william.hernandez815@example.com,+1-709-819-7798,47.0,72488.65,Marketing,New York,2023-04-17
11299,William Jackson,william.jackson280@example.com,+1-698-453-4646,42.0,108327.68,,San Francisco,2023-01-09
11300,Robert Thomas,robert.thomas897@example.com,+1-268-155-7774,33.0,9411.24,Product,Austin,2023-05-09
11301,Michael Martin,michael.martin525@example.com,+1-498-651-2253,51.0,71413.45,HR,Austin,2024-02-04
11302,Michael Taylor,michael.taylor99@example.com,+1-481-647-2194,56.0,18008.15,HR,New York,2022-05-17
11303,Joseph Taylor,joseph.taylor149@example.com,+1-965-377-4917,33.0,,Marketing,Boston,2021-11-21
11304,David Garcia,david.garcia754@example.com,+1-858-210-6994,59.0,16664.26,Marketing,Seattle,2020-01-25
11305,Thomas Williams,thomas.williams983@example.com,+1-898-138-8864,40.0,80072.4,Engineering,New York,2021-02-28
11306,Robert Johnson,robert.johnson191@example.com,+1-438-748-9703,57.0,44423.81,Product,Chicago,2024-08-29
11307,William Williams,william.williams209@example.com,+1-910-295-7732,40.0,30431.34,Engineering,New York,2024-11-20
11308,Elizabeth Jackson,elizabeth.jackson376@example.com,+1-699-937-4323,31.0,26991.71,Finance,New York,2021-12-11
11309,Thomas Thomas,thomas.thomas124@example.com,+1-542-350-5102,48.0,57000.39,Sales,San Francisco,2023-02-18
11310,James Smith,james.smith253@example.com,+1-597-350-8466,62.0,38569.97,HR,Austin,2020-01-01
11311,Joseph Taylor,joseph.taylor150@example.com,+1-782-236-2982,56.0,10835.8,Engineering,New York,2022-06-28
11312,John Taylor,john.taylor59@example.com,+1-513-408-8770,43.0,67524.06,Engineering,Chicago,2022-07-29
11313,James Lopez,james.lopez658@example.com,+1-684-684-1559,39.0,68514.61,Marketing,Boston,2020-12-05
11314,Richard Martin,richard.martin695@example.com,+1-892-837-2692,57.0,126973.14,Product,Boston,2021-10-18
11315,Jessica Lopez,jessica.lopez392@example.com,+1-832-740-6582,24.0,144428.95,Product,New York,2020-04-25
11316,Sarah Thomas,sarah.thomas476@example.com,+1-939-187-6129,55.0,66176.31,Finance,Seattle,2021-10-17
11317,David Jackson,david.jackson945@example.com,+1-447-292-2348,33.0,69338.07,Marketing,San Francisco,2021-03-22
11318,Linda Anderson,linda.anderson514@example.com,+1-314-515-1994,,144500.93,Product,Chicago,2020-04-05
11319,Richard Johnson,richard.johnson188@example.com,+1-978-542-9740,30.0,32023.56,Marketing,Chicago,2020-12-09
11320,William Williams,william.williams223@example.com,+1-506-643-4672,56.0,21946.35,Finance,Seattle,2020-04-21
11321,Thomas Johnson,thomas.johnson655@example.com,+1-833-430-6620,64.0,10872.6,Sales,Seattle,2020-08-25
11322,Sarah Thomas,sarah.thomas60@example.com,+1-311-972-8257,58.0,145540.11,Engineering,New York,2024-06-12
11323,Elizabeth Jackson,elizabeth.jackson687@example.com,+1-723-315-4815,23.0,135108.01,HR,Austin,2023-05-14
11324,David Moore,david.moore500@example.com,+1-864-807-9626,34.0,41056.97,Product,San Francisco,2022-10-17
11325,Michael Jackson,michael.jackson951@example.com,+1-231-276-8877,48.0,145837.95,HR,Chicago,2022-10-08
11326,Elizabeth Johnson,elizabeth.johnson594@example.com,+1-526-641-6244,39.0,147888.42,Finance,Chicago,2024-03-06
11327,Barbara Jackson,barbara.jackson428@example.com,+1-671-333-7715,27.0,79683.75,Marketing,San Francisco,2020-10-27
11328,Thomas Johnson,thomas.johnson745@example.com,+1-891-634-3914,58.0,63757.74,Finance,New York,2023-01-25
11329,Susan Garcia,susan.garcia497@example.com,+1-553-118-1858,30.0,51211.89,Sales,San Francisco,2023-11-27
11330,Michael Moore,michael.moore193@example.com,+1-604-898-9064,24.0,,Finance,New York,2023-09-03
11331,Joseph Rodriguez,joseph.rodriguez698@example.com,+1-210-652-7589,23.0,129544.18,,New York,2023-09-08
11332,Robert Hernandez,robert.hernandez53@example.com,+1-669-588-5276,34.0,55422.27,Finance,Austin,2024-03-28
11333,Michael Taylor,michael.taylor313@example.com,+1-597-802-4276,22.0,93672.08,Finance,Chicago,2022-03-08
11334,Barbara Thomas,barbara.thomas264@example.com,+1-845-901-1719,58.0,103552.15,Marketing,Boston,2021-10-09
11335,Richard Rodriguez,richard.rodriguez584@example.com,+1-659-365-5139,44.0,100626.07,Sales,Chicago,2022-10-12
11336,Mary Moore,mary.moore405@example.com,+1-782-588-4943,46.0,64669.18,Product,Seattle,2024-07-05
11337,Elizabeth Smith,elizabeth.smith406@example.com,+1-601-373-9149,35.0,,Engineering,Chicago,2023-05-22
11338,Jennifer Moore,jennifer.moore450@example.com,+1-843-750-6351,31.0,132025.67,Marketing,Austin,2020-07-25
11339,Elizabeth Williams,elizabeth.williams234@example.com,+1-640-819-5680,52.0,47432.46,Product,Boston,2024-03-22
11340,Mary Lopez,mary.lopez69@example.com,+1-699-407-8660,48.0,146654.49,Finance,Boston,2024-07-18
11341,Elizabeth Jackson,elizabeth.jackson326@example.com,+1-969-516-1189,62.0,45117.14,Finance,New York,2022-03-10
11342,Elizabeth Gonzalez,elizabeth.gonzalez560@example.com,+1-734-853-5714,49.0,97614.89,Finance,San Francisco,2021-12-03
11343,Elizabeth Jones,elizabeth.jones16@example.com,+1-724-691-7532,53.0,142849.77,Sales,Boston,2022-10-11
11344,David Martin,david.martin328@example.com,+1-691-626-3807,47.0,48839.85,Marketing,Seattle,2024-04-04
11345,James Thomas,james.thomas877@example.com,+1-973-182-9734,23.0,77289.01,HR,Seattle,2022-04-15
11346,Richard Anderson,richard.anderson715@example.com,+1-379-484-1294,44.0,81082.59,Engineering,San Francisco,2022-02-07
11347,David Brown,david.brown420@example.com,+1-890-977-1786,28.0,127400.37,Finance,Boston,2023-04-27
11348,Elizabeth Lopez,elizabeth.lopez83@example.com,+1-710-241-5197,51.0,137560.27,Sales,New York,2022-12-21
11349,Jennifer Hernandez,jennifer.hernandez646@example.com,+1-500-878-4036,31.0,82372.35,Product,Chicago,2024-07-05
11350,Robert Thomas,robert.thomas259@example.com,+1-425-371-7808,58.0,44780.37,HR,Boston,2021-10-26
11351,Mary Rodriguez,mary.rodriguez459@example.com,+1-896-906-7279,53.0,133771.66,Engineering,Boston,2022-05-27
11352,Linda Martinez,linda.martinez141@example.com,+1-243-222-7516,40.0,20309.49,Marketing,New York,2023-03-27
11353,Patricia Garcia,patricia.garcia649@example.com,+1-837-928-1079,,109943.23,Finance,New York,2021-03-16
11354,Charles Miller,charles.miller150@example.com,+1-806-976-5205,60.0,82905.29,Sales,San Francisco,2023-09-04
11355,Mary Taylor,mary.taylor324@example.com,+1-635-487-5172,39.0,145500.38,Finance,New York,2024-06-28
11356,Richard Martinez,richard.martinez858@example.com,+1-773-910-8738,30.0,57683.4,HR,Boston,2023-04-09
11357,Susan Jones,susan.jones655@example.com,+1-695-245-5723,35.0,23451.46,Engineering,Seattle,2023-02-01
11358,Jessica Jackson,jessica.jackson165@example.com,+1-523-447-2144,33.0,49651.84,Product,New York,2023-04-02
11359,William Jones,william.jones986@example.com,+1-376-453-1118,28.0,67016.67,Finance,Seattle,2021-04-22
11360,Mary Thomas,mary.thomas524@example.com,+1-895-946-9464,28.0,89013.82,Engineering,New York,2020-11-05
11361,Joseph Thomas,joseph.thomas756@example.com,+1-320-598-1561,42.0,33440.21,Product,Austin,2023-04-20
11362,Thomas Williams,thomas.williams689@example.com,+1-477-848-4759,50.0,47009.1,Marketing,Seattle,2021-04-08
11363,Elizabeth Taylor,elizabeth.taylor30@example.com,+1-481-860-4603,41.0,139998.23,Product,Seattle,2020-04-29
11364,Patricia Rodriguez,patricia.rodriguez152@example.com,+1-703-893-2870,47.0,68417.39,HR,Austin,2024-09-11
11365,Elizabeth Smith,elizabeth.smith361@example.com,+1-538-499-3443,31.0,62437.68,Finance,Chicago,2020-12-23
11366,James Hernandez,james.hernandez320@example.com,+1-367-291-8201,55.0,70617.38,HR,Boston,2023-03-27
11367,Michael Miller,michael.miller123@example.com,+1-996-517-9800,38.0,57748.98,Finance,New York,2023-05-13
11368,Michael Davis,michael.davis992@example.com,+1-789-935-1276,31.0,71398.28,Product,Seattle,2023-01-03
11369,Mary Gonzalez,mary.gonzalez716@example.com,+1-869-245-6714,37.0,115320.5,Marketing,New York,2020-04-21
11370,Thomas Jones,thomas.jones391@example.com,+1-780-797-7307,51.0,26746.67,Finance,Chicago,2023-11-14
11371,Elizabeth Wilson,elizabeth.wilson443@example.com,+1-579-751-4511,36.0,141134.67,Sales,Chicago,2022-08-22
11372,Sarah Smith,sarah.smith752@example.com,+1-310-756-7023,47.0,133710.42,Engineering,Chicago,2024-11-06
11373,David Brown,david.brown490@example.com,+1-275-428-7295,28.0,86266.44,Sales,New York,2024-07-24
11374,Jennifer Garcia,jennifer.garcia300@example.com,+1-657-303-5661,55.0,41406.46,HR,Boston,2022-10-01
11375,Barbara Williams,barbara.williams868@example.com,+1-922-313-1448,26.0,116597.36,Marketing,Austin,2023-12-14
11376,James Taylor,james.taylor84@example.com,+1-952-634-5768,62.0,106206.53,Finance,New York,2021-09-01
11377,Joseph Martinez,joseph.martinez743@example.com,+1-907-899-7153,,137872.94,Finance,Chicago,2020-05-18
11378,Jennifer Davis,jennifer.davis954@example.com,+1-360-332-6906,23.0,48866.35,Marketing,New York,2022-07-26
11379,Michael Johnson,michael.johnson778@example.com,+1-846-503-6546,27.0,131197.71,Marketing,Seattle,2024-04-05
11380,Patricia Hernandez,patricia.hernandez409@example.com,+1-778-298-8359,23.0,68565.23,Sales,Boston,2023-02-12
11381,Richard Smith,richard.smith467@example.com,+1-784-532-8072,54.0,59460.06,HR,Chicago,2024-10-25
11382,Michael Brown,michael.brown43@example.com,+1-287-757-3792,58.0,133024.29,Sales,Boston,2022-10-28
11383,Jessica Brown,jessica.brown185@example.com,+1-939-934-6607,39.0,37766.87,Marketing,Boston,2021-09-21
11384,Elizabeth Jones,elizabeth.jones585@example.com,+1-398-355-2365,48.0,149045.92,Finance,New York,2024-04-19
11385,Mary Brown,mary.brown122@example.com,+1-850-521-7978,55.0,36419.22,HR,Boston,2021-08-27
11386,Richard Martinez,richard.martinez367@example.com,+1-402-807-2517,52.0,44632.79,Engineering,San Francisco,2021-06-30
11387,James Davis,james.davis951@example.com,+1-597-837-5487,63.0,99399.83,Product,Chicago,2020-04-20
11388,Mary Lopez,mary.lopez248@example.com,+1-600-945-4032,48.0,104821.1,Sales,Chicago,2020-01-12
11389,Jennifer Rodriguez,jennifer.rodriguez856@example.com,+1-369-864-6465,33.0,76056.17,Product,New York,2024-10-26
11390,Elizabeth Gonzalez,elizabeth.gonzalez857@example.com,+1-756-117-7546,34.0,59760.69,Marketing,San Francisco,2023-07-28
11391,Michael Miller,michael.miller643@example.com,+1-958-797-3255,26.0,80936.27,HR,New York,2023-12-23
11392,Thomas Johnson,thomas.johnson601@example.com,+1-622-354-2169,60.0,109222.98,Marketing,Chicago,2023-11-06
11393,John Gonzalez,john.gonzalez557@example.com,+1-798-217-5031,25.0,7478.56,Marketing,Chicago,2021-03-18
11394,Charles Williams,charles.williams610@example.com,+1-787-832-8818,32.0,132359.27,Engineering,Chicago,2023-03-11
11395,Patricia Martinez,patricia.martinez291@example.com,+1-987-480-9747,30.0,148945.07,,Seattle,2023-09-01
11396,Charles Williams,charles.williams52@example.com,+1-252-887-9050,61.0,20013.82,Engineering,Austin,2020-02-11
11397,Richard Jackson,richard.jackson783@example.com,+1-578-900-4534,36.0,27599.75,Finance,Seattle,2023-02-18
11398,Susan Williams,susan.williams943@example.com,+1-508-826-1588,54.0,93539.72,Product,San Francisco,2020-12-19
11399,John Brown,john.brown568@example.com,+1-204-673-9787,26.0,72570.51,Sales,Seattle,2020-06-01
11400,Charles Garcia,charles.garcia435@example.com,+1-731-582-9405,36.0,137918.79,Engineering,New York,2021-10-25
11401,William Martinez,william.martinez158@example.com,+1-257-261-8006,50.0,138443.54,Marketing,New York,2020-07-04
11402,William Smith,william.smith286@example.com,+1-989-537-2225,36.0,118912.26,Finance,Seattle,2021-11-16
11403,Susan Thomas,susan.thomas877@example.com,+1-416-908-7084,57.0,92522.28,Engineering,San Francisco,2020-02-17
11404,John Anderson,john.anderson839@example.com,+1-664-231-6955,46.0,38806.36,Marketing,New York,2023-12-06
11405,Charles Moore,charles.moore250@example.com,+1-333-831-5486,59.0,29451.09,Sales,San Francisco,2021-05-25
11406,William Garcia,william.garcia967@example.com,+1-393-841-8304,24.0,7370.27,Finance,Seattle,2023-04-21
11407,Linda Wilson,linda.wilson769@example.com,+1-302-810-6831,63.0,38014.56,Engineering,New York,2023-08-14
11408,Jennifer Garcia,jennifer.garcia106@example.com,+1-307-730-7294,31.0,79374.8,,Seattle,2022-02-05
11409,Mary Anderson,mary.anderson335@example.com,+1-437-790-6735,50.0,73665.31,Product,Chicago,2023-05-15
11410,Jessica Williams,jessica.williams685@example.com,+1-786-332-2307,53.0,6943.7,Sales,Austin,2021-01-13
11411,Susan Jones,susan.jones414@example.com,+1-232-564-1695,50.0,47238.91,Engineering,San Francisco,2023-04-13
11412,William Gonzalez,william.gonzalez908@example.com,+1-605-254-8490,54.0,77353.15,Product,San Francisco,2023-06-08
11413,David Garcia,david.garcia36@example.com,+1-445-586-1201,42.0,85601.35,Product,Austin,2020-09-15
11414,Jessica Thomas,jessica.thomas155@example.com,+1-429-822-2329,51.0,107861.66,HR,Seattle,2020-08-13
11415,Jessica Thomas,jessica.thomas919@example.com,+1-792-404-7210,59.0,91347.88,Sales,Chicago,2024-05-26
11416,Susan Wilson,susan.wilson317@example.com,+1-373-561-1749,59.0,91586.85,,San Francisco,2023-10-29
11417,Linda Davis,linda.davis154@example.com,+1-385-985-1864,27.0,134678.66,Engineering,New York,2020-12-10
11418,Elizabeth Smith,elizabeth.smith113@example.com,+1-446-911-8190,34.0,97586.13,Engineering,New York,2021-04-09
11419,Jennifer Lopez,jennifer.lopez872@example.com,+1-273-537-6938,27.0,84242.75,Marketing,Chicago,2023-12-19
11420,Mary Davis,mary.davis115@example.com,+1-390-236-6239,29.0,104632.77,Sales,Chicago,2022-06-23
11421,Richard Davis,richard.davis248@example.com,+1-550-992-5780,52.0,144287.12,Sales,Boston,2023-11-27
11422,Elizabeth Moore,elizabeth.moore917@example.com,+1-760-122-7984,45.0,117828.22,Sales,New York,2020-09-24
11423,Joseph Brown,joseph.brown902@example.com,+1-249-206-4080,62.0,148509.82,Marketing,Chicago,2022-04-29
11424,Jessica Anderson,jessica.anderson284@example.com,+1-323-185-8749,28.0,100098.1,Sales,Seattle,2024-04-21
11425,Robert Miller,robert.miller975@example.com,+1-831-377-5182,56.0,,Sales,New York,2022-11-11
11426,Jennifer Gonzalez,jennifer.gonzalez490@example.com,+1-602-562-2440,31.0,55585.67,HR,Austin,2022-01-02
11427,Richard Jones,richard.jones709@example.com,+1-681-362-6560,49.0,38821.88,HR,Austin,2021-02-12
11428,Joseph Davis,joseph.davis558@example.com,+1-202-582-4233,45.0,88458.68,Marketing,New York,2022-07-12
11429,Jennifer Smith,jennifer.smith750@example.com,+1-945-188-3380,44.0,,Finance,San Francisco,2022-04-03
11430,Mary Williams,mary.williams919@example.com,+1-960-594-6612,62.0,21572.73,Marketing,Seattle,2021-05-27
11431,Charles Martinez,charles.martinez284@example.com,+1-663-240-7063,29.0,118667.95,Finance,New York,2023-12-17
11432,Jennifer Rodriguez,jennifer.rodriguez998@example.com,+1-781-949-3608,56.0,71001.59,Engineering,San Francisco,2020-06-27
11433,John Williams,john.williams942@example.com,+1-311-247-8948,32.0,53847.88,Marketing,Seattle,2023-10-13
11434,Robert Jackson,robert.jackson814@example.com,+1-469-962-8675,57.0,96847.4,Marketing,San Francisco,2022-10-21
11435,William Moore,william.moore968@example.com,+1-644-660-7770,60.0,,Product,Austin,2021-07-18
11436,Elizabeth Miller,elizabeth.miller120@example.com,+1-754-949-6357,30.0,62317.41,HR,Seattle,2022-05-10
11437,Elizabeth Moore,elizabeth.moore418@example.com,+1-887-727-9275,52.0,83916.21,Engineering,New York,2021-06-05
11438,William Taylor,william.taylor402@example.com,+1-208-712-7950,32.0,48816.9,,San Francisco,2020-09-22
11439,David Garcia,david.garcia335@example.com,+1-871-650-7668,24.0,22096.42,Sales,Austin,2021-05-19
11440,Linda Hernandez,linda.hernandez889@example.com,+1-482-915-8703,39.0,107593.08,Sales,Chicago,2024-01-06
11441,Susan Moore,susan.moore780@example.com,+1-863-484-5357,40.0,,Marketing,Austin,2023-05-05
11442,Patricia Davis,patricia.davis637@example.com,+1-772-628-1531,37.0,140023.52,Marketing,San Francisco,2023-01-22
11443,David Rodriguez,david.rodriguez80@example.com,+1-283-308-5354,61.0,63774.64,Engineering,San Francisco,2023-05-14
11444,Joseph Jones,joseph.jones351@example.com,+1-761-931-3781,57.0,107212.37,Product,Chicago,2021-06-22
11445,Thomas Thomas,thomas.thomas365@example.com,+1-591-678-4522,57.0,101431.98,HR,Austin,2024-05-05
11446,Linda Taylor,linda.taylor825@example.com,+1-539-825-4781,28.0,70020.35,HR,Boston,2020-05-12
11447,Joseph Smith,joseph.smith258@example.com,+1-838-641-6143,44.0,98910.64,Engineering,Seattle,2022-08-01
11448,Susan Thomas,susan.thomas491@example.com,+1-654-382-9859,30.0,41329.18,Engineering,Austin,2020-03-21
11449,John Davis,john.davis452@example.com,+1-713-470-3352,58.0,99083.01,Sales,San Francisco,2020-09-18
11450,Elizabeth Lopez,elizabeth.lopez200@example.com,+1-599-636-7037,48.0,89516.38,Finance,San Francisco,2020-10-27
11451,Jessica Thomas,jessica.thomas618@example.com,+1-994-845-3002,35.0,57812.47,Product,Seattle,2024-05-08
11452,Patricia Jones,patricia.jones560@example.com,+1-427-336-2353,22.0,40660.9,Finance,Austin,2021-09-14
11453,Joseph Jackson,joseph.jackson925@example.com,+1-724-546-3347,,54179.01,Sales,Austin,2021-09-29
11454,Richard Wilson,richard.wilson490@example.com,+1-585-293-2399,52.0,,Marketing,San Francisco,2023-05-09
11455,Linda Jackson,linda.jackson307@example.com,+1-563-817-5135,41.0,31435.43,HR,Seattle,2023-02-11
11456,Barbara Garcia,barbara.garcia135@example.com,+1-405-239-2306,47.0,52067.02,Engineering,Seattle,2023-07-29
11457,Charles Taylor,charles.taylor880@example.com,+1-648-734-1668,35.0,34645.44,Finance,San Francisco,2023-05-27
11458,Charles Wilson,charles.wilson801@example.com,+1-853-338-6684,45.0,67005.98,Product,Seattle,2022-06-06
11459,Jessica Brown,jessica.brown401@example.com,+1-857-567-6945,53.0,13053.83,Engineering,New York,2022-09-14
11460,Sarah Brown,sarah.brown232@example.com,+1-867-998-2285,44.0,88483.76,Finance,Seattle,2021-10-07
11461,Jennifer Gonzalez,jennifer.gonzalez584@example.com,+1-228-456-1364,,147537.2,Marketing,New York,2020-08-06
11462,John Taylor,john.taylor978@example.com,+1-676-676-2105,62.0,60116.94,Sales,New York,2020-08-13
11463,Richard Williams,richard.williams819@example.com,+1-765-387-5549,59.0,103473.52,HR,Chicago,2022-05-27
11464,James Williams,james.williams731@example.com,+1-609-409-4879,23.0,16704.88,HR,Seattle,2024-02-05
11465,Elizabeth Jones,elizabeth.jones437@example.com,+1-414-479-4841,,91991.92,Product,San Francisco,2021-06-11
11466,Linda Jones,linda.jones337@example.com,+1-364-215-1149,27.0,94181.88,Sales,Boston,2020-10-19
11467,Michael Garcia,michael.garcia966@example.com,+1-597-870-7749,51.0,142285.9,Engineering,Austin,2023-02-26
11468,Thomas Williams,thomas.williams832@example.com,+1-742-165-3765,58.0,146307.22,Finance,San Francisco,2021-02-18
11469,James Jackson,james.jackson55@example.com,+1-288-797-9566,22.0,,Finance,New York,2023-09-22
11470,Mary Davis,mary.davis321@example.com,+1-845-828-3737,59.0,28702.85,Finance,Boston,2022-03-12
11471,Susan Taylor,susan.taylor299@example.com,+1-407-967-4974,39.0,,HR,San Francisco,2022-03-29
11472,Michael Davis,michael.davis664@example.com,+1-898-622-3998,57.0,149400.26,Engineering,Boston,2023-05-16
11473,Linda Moore,linda.moore405@example.com,+1-952-131-9736,29.0,22609.18,Engineering,San Francisco,2022-12-20
11474,Elizabeth Jackson,elizabeth.jackson933@example.com,+1-918-246-6835,23.0,132902.39,Finance,Austin,2023-08-31
11475,Patricia Rodriguez,patricia.rodriguez405@example.com,+1-721-286-7212,37.0,46895.99,Finance,Chicago,2022-07-02
11476,Linda Anderson,linda.anderson168@example.com,+1-645-795-3570,47.0,132557.66,Marketing,New York,2023-10-20
11477,Michael Lopez,michael.lopez102@example.com,+1-485-523-3032,22.0,117887.63,Product,Boston,2022-03-10
11478,Linda Williams,linda.williams301@example.com,+1-951-411-8256,41.0,133165.76,HR,Chicago,2022-01-26
11479,Thomas Garcia,thomas.garcia748@example.com,+1-967-791-8351,25.0,85195.6,Sales,Boston,2020-09-13
11480,Charles Taylor,charles.taylor417@example.com,+1-468-768-2977,48.0,74151.29,Engineering,San Francisco,2022-09-10
11481,John Anderson,john.anderson401@example.com,+1-551-905-2689,51.0,106085.5,Marketing,Boston,2020-06-10
11482,Jessica Lopez,jessica.lopez13@example.com,+1-694-654-4205,34.0,41642.64,Sales,Boston,2022-12-27
11483,Linda Hernandez,linda.hernandez594@example.com,+1-978-293-4052,48.0,65672.92,Engineering,Chicago,2020-10-03
11484,Jennifer Anderson,jennifer.anderson992@example.com,+1-823-327-7073,,27830.68,Product,Austin,2021-11-22
11485,Sarah Jones,sarah.jones638@example.com,+1-458-581-2287,,102296.81,Engineering,Austin,2020-05-04
11486,Patricia Johnson,patricia.johnson124@example.com,+1-680-100-1941,32.0,117884.57,Engineering,Boston,2021-09-19
11487,Charles Williams,charles.williams503@example.com,+1-752-952-6575,64.0,67066.93,HR,San Francisco,2023-09-28
11488,Robert Garcia,robert.garcia890@example.com,+1-408-316-3047,45.0,11630.36,Sales,Boston,2022-01-07
11489,Mary Miller,mary.miller13@example.com,+1-696-649-5563,27.0,47261.16,HR,Boston,2022-07-10
11490,Jessica Anderson,jessica.anderson706@example.com,+1-708-452-5100,58.0,83672.68,Product,Boston,2023-12-30
11491,Linda Taylor,linda.taylor974@example.com,+1-793-500-8875,28.0,111800.79,Marketing,New York,2024-10-12
11492,Thomas Thomas,thomas.thomas624@example.com,+1-797-646-6149,61.0,131993.88,Engineering,Boston,2022-03-12
11493,Jennifer Garcia,jennifer.garcia459@example.com,+1-577-987-4338,45.0,84997.85,Product,Seattle,2021-04-13
11494,Thomas Johnson,thomas.johnson340@example.com,+1-786-300-5549,55.0,33388.65,Finance,Seattle,2022-06-26
11495,David Thomas,david.thomas116@example.com,+1-464-325-3534,51.0,96497.06,HR,New York,2020-10-26
11496,Michael Jones,michael.jones578@example.com,+1-414-767-9018,51.0,,Finance,San Francisco,2023-12-29
11497,James Brown,james.brown333@example.com,+1-528-747-5801,50.0,39006.98,Marketing,Seattle,2022-10-18
11498,James Brown,james.brown117@example.com,+1-588-524-3494,43.0,,Engineering,Chicago,2024-07-21
11499,Patricia Moore,patricia.moore858@example.com,+1-569-663-4529,22.0,16605.99,Product,Chicago,2020-06-11
11500,Sarah Martinez,sarah.martinez336@example.com,+1-305-917-5350,59.0,57377.3,Sales,Boston,2021-06-07
11501,James Hernandez,james.hernandez235@example.com,+1-279-409-8202,54.0,90273.45,Marketing,San Francisco,2020-08-12
11502,James Hernandez,james.hernandez958@example.com,+1-752-744-5161,34.0,67204.29,Engineering,New York,2021-11-14
11503,Mary Brown,mary.brown533@example.com,+1-658-167-9106,30.0,97593.05,Product,San Francisco,2021-06-26
11504,Sarah Brown,sarah.brown576@example.com,+1-897-931-6717,41.0,6433.08,HR,Seattle,2020-04-13
11505,Jessica Taylor,jessica.taylor559@example.com,+1-480-387-2678,34.0,47573.76,Engineering,Austin,2022-02-19
11506,Patricia Rodriguez,patricia.rodriguez408@example.com,+1-742-226-2797,46.0,40539.05,Engineering,Boston,2020-01-31
11507,David Smith,david.smith949@example.com,+1-256-108-8172,36.0,126277.42,Finance,Seattle,2023-05-13
11508,Michael Jones,michael.jones381@example.com,+1-878-695-1201,47.0,105423.72,HR,Chicago,2021-02-02
11509,David Garcia,david.garcia490@example.com,+1-329-154-5366,57.0,109187.33,Marketing,San Francisco,2024-04-01
11510,John Jackson,john.jackson581@example.com,+1-428-870-9551,26.0,60209.95,HR,Boston,2023-06-08
11511,Charles Thomas,charles.thomas392@example.com,+1-757-127-8366,51.0,116432.52,Product,San Francisco,2024-11-13
11512,Joseph Garcia,joseph.garcia227@example.com,+1-307-918-2573,32.0,48643.04,HR,San Francisco,2020-01-26
11513,Elizabeth Martin,elizabeth.martin900@example.com,+1-478-440-6447,60.0,143035.31,Sales,New York,2021-03-01
11514,Barbara Miller,barbara.miller665@example.com,+1-985-322-3122,59.0,93746.83,Product,Chicago,2020-06-21
11515,James Lopez,james.lopez923@example.com,+1-366-399-9309,57.0,95655.21,Marketing,Boston,2021-04-07
11516,Richard Gonzalez,richard.gonzalez564@example.com,+1-587-170-2803,34.0,80723.25,Product,Boston,2023-10-26
11517,William Williams,william.williams255@example.com,+1-465-948-7121,51.0,,Engineering,Austin,2022-04-26
11518,Sarah Martinez,sarah.martinez354@example.com,+1-798-360-9497,62.0,80943.89,Sales,Austin,2021-03-16
11519,Linda Davis,linda.davis705@example.com,+1-912-622-4837,43.0,33014.65,Finance,Austin,2022-08-13
11520,Barbara Moore,barbara.moore865@example.com,+1-687-889-5610,35.0,48328.93,Product,New York,2020-10-28
11521,David Wilson,david.wilson306@example.com,+1-654-156-8802,43.0,125233.39,Engineering,Chicago,2021-03-29
11522,William Garcia,william.garcia858@example.com,+1-306-543-5692,48.0,68324.77,Marketing,Seattle,2023-04-22
11523,James Garcia,james.garcia489@example.com,+1-349-806-2615,63.0,84993.54,Sales,Chicago,2023-10-03
11524,James Taylor,james.taylor962@example.com,+1-554-681-5473,37.0,31381.5,Sales,San Francisco,2022-06-25
11525,Charles Williams,charles.williams341@example.com,+1-442-651-1429,62.0,76310.13,Sales,Boston,2021-02-23
11526,Joseph Martinez,joseph.martinez236@example.com,+1-253-708-2984,39.0,122791.48,Product,Austin,2023-01-17
11527,Thomas Lopez,thomas.lopez189@example.com,+1-275-755-9144,52.0,87596.37,Marketing,Chicago,2024-05-20
11528,David Rodriguez,david.rodriguez237@example.com,+1-426-162-1170,24.0,26118.64,Engineering,Austin,2024-11-08
11529,Mary Johnson,mary.johnson403@example.com,+1-350-754-7773,33.0,90170.62,Sales,San Francisco,2022-11-03
11530,Jennifer Johnson,jennifer.johnson619@example.com,+1-343-203-2405,28.0,139919.72,Marketing,Seattle,2024-05-25
11531,David Hernandez,david.hernandez669@example.com,+1-662-529-3751,38.0,109042.85,HR,San Francisco,2022-03-06
11532,Mary Smith,mary.smith902@example.com,+1-469-636-7115,57.0,26567.52,Finance,New York,2021-03-13
11533,Linda Johnson,linda.johnson921@example.com,+1-559-529-4996,36.0,52611.82,HR,San Francisco,2021-02-17
11534,Jennifer Jackson,jennifer.jackson426@example.com,+1-551-174-2685,57.0,59260.86,Engineering,Chicago,2020-07-06
11535,Mary Lopez,mary.lopez671@example.com,+1-592-863-8763,50.0,135590.96,Finance,Austin,2024-11-16
11536,Richard Martinez,richard.martinez408@example.com,+1-790-117-6889,44.0,136237.19,Marketing,Seattle,2021-07-12
11537,Linda Lopez,linda.lopez22@example.com,+1-848-414-7132,59.0,41006.18,Marketing,Austin,2022-12-02
11538,Robert Johnson,robert.johnson665@example.com,+1-820-534-2256,53.0,113547.24,Product,Chicago,2020-09-29
11539,Richard Moore,richard.moore499@example.com,+1-968-216-1195,64.0,99066.35,Engineering,Seattle,2020-02-03
11540,Sarah Wilson,sarah.wilson237@example.com,+1-832-718-9834,44.0,107019.83,Engineering,Austin,2023-03-15
11541,William Williams,william.williams90@example.com,+1-787-162-9803,45.0,107350.0,Product,Chicago,2024-02-19
11542,William Moore,william.moore218@example.com,+1-786-676-2891,57.0,75886.99,Sales,Chicago,2021-03-19
11543,Jessica Garcia,jessica.garcia708@example.com,+1-827-544-7748,58.0,80157.96,Sales,New York,2020-12-04
11544,Barbara Taylor,barbara.taylor447@example.com,+1-855-184-8691,45.0,,HR,Chicago,2020-10-30
11545,Patricia Anderson,patricia.anderson583@example.com,+1-710-743-4624,,91375.56,HR,Chicago,2022-12-06
11546,Elizabeth Thomas,elizabeth.thomas78@example.com,+1-657-639-7669,44.0,116500.34,,Boston,2020-07-27
11547,Susan Taylor,susan.taylor354@example.com,+1-841-828-2037,60.0,104694.01,Sales,New York,2022-06-09
11548,Robert Johnson,robert.johnson27@example.com,+1-927-930-4129,48.0,11578.86,,Austin,2021-05-01
11549,David Johnson,david.johnson492@example.com,+1-839-796-7713,36.0,37958.85,HR,Austin,2023-09-25
11550,Mary Miller,mary.miller773@example.com,+1-273-552-2611,53.0,6116.18,Product,New York,2023-05-20
11551,Jennifer Gonzalez,jennifer.gonzalez934@example.com,+1-708-811-5272,43.0,73096.19,Marketing,Chicago,2020-01-21
11552,David Wilson,david.wilson603@example.com,+1-839-458-7389,56.0,100929.39,Engineering,San Francisco,2023-06-17
11553,John Martin,john.martin481@example.com,+1-330-997-4554,38.0,46203.61,Product,San Francisco,2023-05-24
11554,Mary Jones,mary.jones464@example.com,+1-779-113-7241,44.0,74479.56,Sales,New York,2024-11-17
11555,Joseph Miller,joseph.miller749@example.com,+1-796-405-9075,36.0,44558.48,Engineering,Seattle,2023-08-07
11556,Patricia Anderson,patricia.anderson624@example.com,+1-618-173-4009,45.0,37507.65,HR,Austin,2024-03-18
11557,William Gonzalez,william.gonzalez776@example.com,+1-958-369-3866,32.0,100143.46,Engineering,Seattle,2023-09-21
11558,Jessica Garcia,jessica.garcia656@example.com,+1-297-340-7854,54.0,73337.75,Engineering,Chicago,2023-06-18
11559,Susan Martin,susan.martin763@example.com,+1-342-922-8466,27.0,133915.86,Product,Seattle,2020-01-31
11560,David Wilson,david.wilson524@example.com,+1-640-772-2795,60.0,47264.7,Engineering,Boston,2023-07-07
11561,Thomas Gonzalez,thomas.gonzalez747@example.com,+1-699-169-5789,54.0,50977.87,Finance,Chicago,2022-10-25
11562,Elizabeth Hernandez,elizabeth.hernandez598@example.com,+1-886-660-6973,39.0,83726.65,Product,Austin,2022-01-02
11563,Joseph Brown,joseph.brown41@example.com,+1-820-964-4584,62.0,46314.82,Engineering,New York,2024-12-04
11564,Mary Smith,mary.smith406@example.com,+1-288-333-3215,60.0,,HR,New York,2023-04-28
11565,Elizabeth Hernandez,elizabeth.hernandez802@example.com,+1-900-611-9501,55.0,14620.92,Sales,Boston,2022-04-04
11566,Elizabeth Williams,elizabeth.williams477@example.com,+1-643-804-7088,63.0,19940.38,Finance,Boston,2020-12-05
11567,Robert Gonzalez,robert.gonzalez642@example.com,+1-714-648-8087,40.0,144528.29,Sales,San Francisco,2021-04-10
11568,Charles Martinez,charles.martinez806@example.com,+1-265-735-8824,52.0,46446.53,HR,Seattle,2022-05-11
11569,Barbara Martin,barbara.martin179@example.com,+1-991-974-7353,64.0,99390.44,,Chicago,2024-06-29
11570,John Davis,john.davis774@example.com,+1-868-233-1435,45.0,119371.9,Marketing,Seattle,2020-05-14
11571,Robert Miller,robert.miller377@example.com,+1-940-695-8669,43.0,106340.87,Finance,Chicago,2021-07-02
11572,Jennifer Thomas,jennifer.thomas997@example.com,+1-610-344-7501,59.0,143154.96,Marketing,Seattle,2021-10-20
11573,Joseph Lopez,joseph.lopez760@example.com,+1-789-298-5313,58.0,96935.36,Marketing,San Francisco,2021-10-31
11574,Jennifer Williams,jennifer.williams828@example.com,+1-300-426-3400,64.0,5608.59,Product,Boston,2023-09-18
11575,Charles Moore,charles.moore386@example.com,+1-839-585-1153,27.0,71921.7,Product,Boston,2020-08-07
11576,Thomas Jackson,thomas.jackson508@example.com,+1-671-248-3886,26.0,26550.5,Finance,Boston,2021-08-12
11577,Jessica Gonzalez,jessica.gonzalez389@example.com,+1-857-336-5043,56.0,143843.67,Sales,Boston,2020-06-13
11578,Richard Wilson,richard.wilson696@example.com,+1-408-815-4590,24.0,5291.02,HR,Boston,2024-08-16
11579,Jennifer Anderson,jennifer.anderson551@example.com,+1-521-747-7157,58.0,24785.41,Product,Austin,2024-06-02
11580,Richard Hernandez,richard.hernandez26@example.com,+1-726-883-6845,44.0,110144.96,Engineering,San Francisco,2024-06-04
11581,Michael Martinez,michael.martinez620@example.com,+1-293-822-4366,58.0,76269.21,Sales,San Francisco,2021-05-17
11582,Michael Johnson,michael.johnson233@example.com,+1-754-792-3434,62.0,145563.02,Marketing,San Francisco,2021-03-22
11583,David Moore,david.moore672@example.com,+1-758-102-3022,60.0,84943.94,HR,Austin,2021-04-08
11584,Mary Miller,mary.miller311@example.com,+1-759-126-9718,28.0,22552.07,Engineering,New York,2020-12-26
11585,Sarah Martin,sarah.martin575@example.com,+1-565-894-6971,28.0,109210.83,Product,San Francisco,2021-01-28
11586,Sarah Jones,sarah.jones349@example.com,+1-551-909-6053,34.0,58365.63,Finance,New York,2021-09-27
11587,David Williams,david.williams287@example.com,+1-327-558-1037,54.0,62283.23,Finance,Boston,2024-04-28
11588,Jessica Lopez,jessica.lopez656@example.com,+1-570-921-4676,,7119.45,Marketing,Austin,2022-12-28
11589,Jennifer Smith,jennifer.smith65@example.com,+1-559-213-2111,31.0,32601.07,Finance,Seattle,2022-10-26
11590,Barbara Williams,barbara.williams687@example.com,+1-952-661-7707,30.0,87348.47,Product,San Francisco,2020-10-28
11591,John Taylor,john.taylor22@example.com,+1-589-456-2663,53.0,108890.61,Finance,Boston,2024-01-21
11592,John Johnson,john.johnson358@example.com,+1-760-327-3337,58.0,36531.75,HR,San Francisco,2023-07-04
11593,Jessica Johnson,jessica.johnson778@example.com,+1-508-377-5284,43.0,53649.58,HR,Seattle,2021-01-09
11594,Michael Taylor,michael.taylor172@example.com,+1-475-463-2665,28.0,,Marketing,Seattle,2023-07-12
11595,Charles Thomas,charles.thomas351@example.com,+1-376-229-5752,40.0,21040.02,HR,Boston,2022-09-11
11596,Charles Martinez,charles.martinez72@example.com,+1-288-800-5994,46.0,21012.98,Engineering,Seattle,2022-02-14
11597,William Lopez,william.lopez156@example.com,+1-887-536-9630,53.0,96102.52,HR,San Francisco,2021-08-08
11598,Barbara Garcia,barbara.garcia727@example.com,+1-585-620-7763,26.0,45436.27,Engineering,New York,2021-03-22
11599,Jennifer Davis,jennifer.davis617@example.com,+1-743-225-2744,39.0,74532.78,,Seattle,2024-02-02
11600,Sarah Smith,sarah.smith689@example.com,+1-385-474-9263,31.0,140822.38,Sales,Chicago,2021-03-20
11601,Susan Rodriguez,susan.rodriguez221@example.com,+1-631-823-7918,32.0,144388.21,Marketing,Boston,2023-03-12
11602,Susan Gonzalez,susan.gonzalez724@example.com,+1-896-902-4399,49.0,57203.04,Finance,Boston,2024-05-06
11603,Joseph Martin,joseph.martin223@example.com,+1-745-661-2312,30.0,48723.88,HR,Boston,2024-04-17
11604,Susan Davis,susan.davis608@example.com,+1-259-609-4086,59.0,122328.75,Sales,San Francisco,2021-06-18
11605,Jessica Wilson,jessica.wilson194@example.com,+1-590-522-6774,33.0,30049.42,Sales,San Francisco,2020-10-28
11606,Sarah Moore,sarah.moore782@example.com,+1-946-240-1482,,74373.34,HR,Boston,2021-04-18
11607,Linda Anderson,linda.anderson858@example.com,+1-594-965-8258,42.0,136487.76,Sales,Seattle,2021-11-11
11608,Susan Martin,susan.martin802@example.com,+1-943-570-7606,54.0,143054.72,Sales,Chicago,2020-07-26
11609,Richard Garcia,richard.garcia803@example.com,+1-699-308-8548,54.0,53629.27,Finance,San Francisco,2020-12-16
11610,Sarah Hernandez,sarah.hernandez803@example.com,+1-348-293-1975,63.0,85256.04,Marketing,Seattle,2021-03-11
11611,William Moore,william.moore621@example.com,+1-794-379-9323,30.0,89286.0,HR,Austin,2021-02-22
11612,Jessica Smith,jessica.smith231@example.com,+1-278-299-2785,56.0,127264.93,Finance,Boston,2023-11-13
11613,Susan Gonzalez,susan.gonzalez794@example.com,+1-944-143-6704,26.0,118453.71,HR,Seattle,2023-12-04
11614,John Davis,john.davis602@example.com,+1-772-117-1569,33.0,,Sales,Seattle,2022-10-31
11615,Thomas Gonzalez,thomas.gonzalez979@example.com,+1-792-354-3661,35.0,37054.24,HR,San Francisco,2021-01-18
11616,Jennifer Miller,jennifer.miller20@example.com,+1-823-508-7251,51.0,107932.99,Engineering,Chicago,2022-11-05
11617,Robert Thomas,robert.thomas795@example.com,+1-602-485-6257,33.0,129299.79,Marketing,Boston,2020-10-19
11618,Mary Johnson,mary.johnson53@example.com,+1-282-991-1088,59.0,126093.29,Sales,San Francisco,2023-07-28
11619,Jessica Martinez,jessica.martinez812@example.com,+1-554-459-8157,44.0,129244.11,Engineering,New York,2022-09-18
11620,Sarah Martinez,sarah.martinez438@example.com,+1-952-386-3543,49.0,90538.86,Marketing,Austin,2024-02-14
11621,David Gonzalez,david.gonzalez590@example.com,+1-697-515-9046,39.0,143458.04,HR,Seattle,2024-06-26
11622,Susan Martinez,susan.martinez38@example.com,+1-693-823-6087,60.0,143192.55,Sales,Chicago,2022-09-10
11623,Linda Garcia,linda.garcia144@example.com,+1-956-130-5354,61.0,89447.51,Finance,New York,2023-05-15
11624,Barbara Martin,barbara.martin205@example.com,+1-235-166-6130,29.0,93285.73,HR,New York,2022-12-19
11625,Michael Garcia,michael.garcia897@example.com,+1-488-608-2580,22.0,64788.46,Sales,Austin,2021-04-18
11626,Elizabeth Brown,elizabeth.brown221@example.com,+1-333-964-5785,,33002.81,Marketing,New York,2022-04-20
11627,Elizabeth Thomas,elizabeth.thomas437@example.com,+1-947-927-8739,26.0,88331.96,Product,Chicago,2020-05-24
11628,Susan Brown,susan.brown491@example.com,+1-436-624-5003,31.0,87127.96,Marketing,Boston,2023-11-12
11629,Robert Rodriguez,robert.rodriguez582@example.com,+1-490-973-3350,42.0,85590.45,Product,New York,2020-06-13
11630,John Jackson,john.jackson318@example.com,+1-635-281-7759,61.0,96572.85,HR,New York,2021-08-27
11631,Patricia Davis,patricia.davis831@example.com,+1-346-124-6442,57.0,89970.86,Marketing,San Francisco,2021-12-15
11632,Jennifer Wilson,jennifer.wilson715@example.com,+1-561-820-5685,31.0,28399.14,Engineering,Boston,2024-03-05
11633,Robert Jackson,robert.jackson590@example.com,+1-692-532-9160,25.0,123234.25,Sales,New York,2020-09-25
11634,Thomas Smith,thomas.smith828@example.com,+1-829-647-9550,,58008.12,Marketing,Seattle,2021-07-05
11635,Susan Anderson,susan.anderson921@example.com,+1-916-175-4537,50.0,,Engineering,Boston,2022-02-08
11636,Patricia Rodriguez,patricia.rodriguez609@example.com,+1-568-283-5048,43.0,122302.88,Finance,Seattle,2020-01-24
11637,Barbara Martin,barbara.martin827@example.com,+1-758-890-2498,33.0,119871.31,HR,San Francisco,2022-12-20
11638,Michael Rodriguez,michael.rodriguez651@example.com,+1-672-237-1837,,88893.43,Engineering,Chicago,2023-05-09
11639,Barbara Taylor,barbara.taylor628@example.com,+1-449-435-2307,27.0,137695.47,Marketing,San Francisco,2023-03-20
11640,Joseph Miller,joseph.miller635@example.com,+1-360-914-9801,43.0,61990.62,Engineering,Seattle,2020-10-29
11641,David Johnson,david.johnson670@example.com,+1-322-752-4253,46.0,67085.47,Finance,New York,2022-01-26
11642,Jennifer Martin,jennifer.martin853@example.com,+1-879-108-8562,53.0,132897.89,Sales,Austin,2024-10-10
11643,Thomas Moore,thomas.moore96@example.com,+1-902-402-4452,31.0,123862.09,Finance,San Francisco,2020-06-10
11644,Joseph Martin,joseph.martin385@example.com,+1-421-424-8618,53.0,105550.37,Engineering,Chicago,2021-06-06
11645,Thomas Taylor,thomas.taylor22@example.com,+1-930-356-8681,39.0,115339.68,Sales,Seattle,2020-07-12
11646,Sarah Johnson,sarah.johnson460@example.com,+1-798-509-2916,28.0,36640.9,Sales,New York,2023-04-02
11647,Linda Jackson,linda.jackson636@example.com,+1-406-180-3662,56.0,83168.07,Sales,New York,2020-02-04
11648,Charles Miller,charles.miller710@example.com,+1-736-855-7878,59.0,29671.47,Marketing,Chicago,2021-09-11
11649,John Hernandez,john.hernandez724@example.com,+1-913-197-3163,26.0,95169.13,Sales,Chicago,2020-08-19
11650,Elizabeth Jackson,elizabeth.jackson642@example.com,+1-835-644-9583,63.0,54601.14,Product,New York,2020-11-25
11651,John Thomas,john.thomas957@example.com,+1-293-724-5324,28.0,133947.05,Product,Austin,2022-09-30
11652,Robert Hernandez,robert.hernandez576@example.com,+1-730-447-9614,42.0,116887.91,Product,Austin,2021-05-21
11653,Mary Hernandez,mary.hernandez581@example.com,+1-221-483-5198,25.0,76393.32,Product,San Francisco,2024-02-04
11654,Robert Davis,robert.davis884@example.com,+1-651-178-3643,41.0,140484.31,Finance,Chicago,2020-01-10
11655,Sarah Davis,sarah.davis390@example.com,+1-621-550-8108,32.0,40499.6,Engineering,Austin,2022-08-03
11656,Barbara Thomas,barbara.thomas776@example.com,+1-290-583-8552,22.0,125464.94,HR,Seattle,2021-12-07
11657,James Hernandez,james.hernandez686@example.com,+1-649-638-3732,38.0,59309.89,Finance,Seattle,2024-06-18
11658,John Davis,john.davis460@example.com,+1-552-215-8180,42.0,21101.73,Finance,Seattle,2024-08-03
11659,Robert Jackson,robert.jackson434@example.com,+1-740-542-2059,36.0,135219.84,Engineering,Seattle,2020-05-25
11660,Thomas Johnson,thomas.johnson732@example.com,+1-759-929-3309,60.0,137695.41,,New York,2020-12-15
11661,Jennifer Brown,jennifer.brown290@example.com,+1-718-821-5499,26.0,109933.51,Sales,Austin,2021-05-09
11662,William Moore,william.moore393@example.com,+1-563-331-4365,56.0,54524.93,Product,Seattle,2023-08-09
11663,Susan Lopez,susan.lopez75@example.com,+1-858-769-9079,45.0,135083.92,Product,Boston,2023-12-09
11664,John Gonzalez,john.gonzalez885@example.com,+1-365-249-8508,50.0,112508.79,Finance,Boston,2024-06-05
11665,Richard Brown,richard.brown300@example.com,+1-335-919-4879,57.0,105032.89,Product,Boston,2024-11-22
11666,Barbara Garcia,barbara.garcia746@example.com,+1-473-623-2845,48.0,10507.42,Sales,Austin,2021-04-08
11667,Michael Jones,michael.jones488@example.com,+1-515-770-5793,54.0,110946.23,Marketing,Boston,2022-11-18
11668,Charles Brown,charles.brown805@example.com,+1-651-998-6605,58.0,56463.87,Sales,Austin,2023-10-04
11669,Elizabeth Moore,elizabeth.moore877@example.com,+1-921-257-1327,,29208.33,Sales,Boston,2023-08-26
11670,Charles Lopez,charles.lopez734@example.com,+1-732-571-6786,48.0,103625.72,Finance,New York,2024-07-12
11671,Patricia Smith,patricia.smith269@example.com,+1-586-355-2795,22.0,132746.4,Engineering,Seattle,2024-01-06
11672,Mary Smith,mary.smith571@example.com,+1-334-245-3226,29.0,86295.24,Marketing,Austin,2022-11-19
11673,David Johnson,david.johnson800@example.com,+1-902-341-1907,53.0,116050.57,Finance,San Francisco,2020-07-17
11674,Robert Garcia,robert.garcia246@example.com,+1-359-931-7697,29.0,27556.98,Finance,Boston,2024-12-01
11675,John Rodriguez,john.rodriguez556@example.com,+1-538-270-4181,55.0,109324.15,Engineering,Seattle,2023-07-04
11676,James Williams,james.williams621@example.com,+1-788-134-5652,43.0,37274.8,Product,New York,2020-09-17
11677,Linda Miller,linda.miller506@example.com,+1-398-702-3706,62.0,97239.8,Product,Seattle,2020-08-30
11678,Mary Martinez,mary.martinez211@example.com,+1-993-313-7211,55.0,57690.59,Sales,Austin,2023-08-22
11679,Sarah Lopez,sarah.lopez900@example.com,+1-740-457-6602,58.0,42135.52,Finance,Chicago,2022-03-07
11680,Elizabeth Johnson,elizabeth.johnson685@example.com,+1-283-476-6439,33.0,84630.6,Product,New York,2021-06-22
11681,Mary Jackson,mary.jackson459@example.com,+1-244-315-3895,52.0,54820.61,Sales,Austin,2024-01-03
11682,Elizabeth Williams,elizabeth.williams170@example.com,+1-994-651-9217,40.0,116972.82,Finance,San Francisco,2022-12-29
11683,Richard Gonzalez,richard.gonzalez906@example.com,+1-964-139-6284,52.0,57058.28,Sales,Chicago,2022-04-04
11684,Barbara Miller,barbara.miller609@example.com,+1-824-711-2961,63.0,24618.45,HR,New York,2021-01-21
11685,Joseph Hernandez,joseph.hernandez656@example.com,+1-723-343-1421,24.0,82482.84,Finance,San Francisco,2022-10-10
11686,Jessica Smith,jessica.smith254@example.com,+1-348-895-5111,49.0,,Sales,Seattle,2023-06-21
11687,John Thomas,john.thomas90@example.com,+1-243-254-6042,45.0,12343.57,Marketing,Chicago,2020-06-19
11688,Patricia Brown,patricia.brown901@example.com,+1-807-756-9064,54.0,36505.42,Product,Seattle,2020-08-17
11689,Richard Davis,richard.davis233@example.com,+1-351-239-6247,52.0,136873.31,Finance,San Francisco,2021-03-11
11690,Mary Hernandez,mary.hernandez384@example.com,+1-603-980-8860,60.0,57683.26,Sales,Chicago,2020-05-08
11691,Michael Johnson,michael.johnson309@example.com,+1-375-844-9334,56.0,78286.03,Finance,Chicago,2020-04-01
11692,Robert Davis,robert.davis975@example.com,+1-476-255-7678,29.0,100895.73,Marketing,San Francisco,2022-08-27
11693,Elizabeth Jackson,elizabeth.jackson62@example.com,+1-695-734-8944,25.0,46353.38,Engineering,New York,2023-03-06
11694,Susan Brown,susan.brown939@example.com,+1-462-882-1504,59.0,57827.76,Marketing,Boston,2020-02-21
11695,John Wilson,john.wilson267@example.com,+1-996-136-5012,45.0,21433.44,HR,Chicago,2020-10-27
11696,Linda Jones,linda.jones251@example.com,+1-981-863-9143,52.0,34032.47,Finance,Seattle,2022-12-20
11697,Sarah Wilson,sarah.wilson567@example.com,+1-804-988-8907,38.0,121073.9,Engineering,Austin,2022-12-27
11698,Elizabeth Gonzalez,elizabeth.gonzalez946@example.com,+1-805-324-8918,57.0,91199.14,Sales,New York,2021-05-05
11699,John Wilson,john.wilson472@example.com,+1-497-569-1372,41.0,33280.73,Product,Seattle,2022-08-04
11700,James Johnson,james.johnson193@example.com,+1-563-916-6300,28.0,101526.14,Product,Chicago,2023-11-23
11701,Barbara Williams,barbara.williams714@example.com,+1-296-630-7115,55.0,143773.16,Marketing,Seattle,2021-10-14
11702,Sarah Rodriguez,sarah.rodriguez825@example.com,+1-290-138-8043,53.0,63049.96,Engineering,Austin,2020-07-27
11703,Joseph Rodriguez,joseph.rodriguez780@example.com,+1-832-176-7238,34.0,50646.12,Finance,Austin,2020-06-10
11704,Jessica Martin,jessica.martin497@example.com,+1-730-495-7235,32.0,32394.64,HR,Austin,2024-11-06
11705,Elizabeth Davis,elizabeth.davis226@example.com,+1-900-655-4505,56.0,45457.93,Finance,San Francisco,2024-09-25
11706,Robert Taylor,robert.taylor832@example.com,+1-862-850-6968,33.0,87641.98,Marketing,San Francisco,2021-01-17
11707,Susan Brown,susan.brown356@example.com,+1-817-441-9063,23.0,93174.67,Finance,Boston,2021-03-30
11708,Elizabeth Garcia,elizabeth.garcia295@example.com,+1-598-173-8544,59.0,112570.69,Product,San Francisco,2023-10-26
11709,Barbara Wilson,barbara.wilson305@example.com,+1-912-145-3535,64.0,60308.55,HR,Seattle,2024-09-09
11710,James Gonzalez,james.gonzalez486@example.com,+1-458-192-9974,42.0,95439.69,HR,Seattle,2020-08-24
11711,John Martin,john.martin139@example.com,+1-736-110-1256,31.0,149666.72,Marketing,San Francisco,2020-01-19
11712,David Taylor,david.taylor143@example.com,+1-698-496-4558,43.0,68760.65,Finance,Chicago,2023-05-21
11713,Barbara Williams,barbara.williams516@example.com,+1-700-311-4392,44.0,56762.36,Marketing,Austin,2021-05-14
11714,Richard Brown,richard.brown53@example.com,+1-718-227-7941,43.0,128584.78,Sales,San Francisco,2024-08-25
11715,William Williams,william.williams106@example.com,+1-762-413-8098,42.0,,Sales,Austin,2023-02-21
11716,Michael Davis,michael.davis711@example.com,+1-302-432-4201,27.0,,Marketing,Chicago,2022-07-25
11717,Jessica Moore,jessica.moore61@example.com,+1-760-545-8611,37.0,97937.49,Finance,New York,2021-11-04
11718,Sarah Jackson,sarah.jackson328@example.com,+1-266-513-3500,63.0,29447.99,Sales,San Francisco,2023-07-27
11719,Patricia Anderson,patricia.anderson303@example.com,+1-886-128-7322,62.0,100651.56,Finance,Chicago,2022-01-06
11720,Jennifer Taylor,jennifer.taylor872@example.com,+1-344-414-5320,60.0,120203.35,Finance,Seattle,2024-06-30
11721,Elizabeth Martin,elizabeth.martin568@example.com,+1-953-458-6396,62.0,9183.02,Marketing,San Francisco,2023-02-25
11722,Patricia Johnson,patricia.johnson981@example.com,+1-930-667-3704,41.0,145329.14,Engineering,Seattle,2021-10-09
11723,Elizabeth Martinez,elizabeth.martinez721@example.com,+1-849-814-6517,47.0,66235.51,Engineering,Seattle,2020-08-18
11724,Mary Lopez,mary.lopez542@example.com,+1-647-679-7269,64.0,66579.35,HR,Austin,2021-03-21
11725,Susan Smith,susan.smith721@example.com,+1-647-727-7595,35.0,100923.48,Product,New York,2024-05-27
11726,Patricia Wilson,patricia.wilson140@example.com,+1-932-380-9704,22.0,110440.19,Engineering,Austin,2022-08-09
11727,Thomas Moore,thomas.moore70@example.com,+1-442-368-6259,50.0,147427.61,HR,Austin,2020-02-02
11728,Robert Jackson,robert.jackson956@example.com,+1-939-133-9646,41.0,9841.0,Product,San Francisco,2022-09-08
11729,Patricia Hernandez,patricia.hernandez538@example.com,+1-687-310-1231,59.0,63399.12,Sales,Boston,2021-07-25
11730,Mary Thomas,mary.thomas475@example.com,+1-601-393-1170,53.0,91324.07,Product,Chicago,2022-02-24
11731,Robert Wilson,robert.wilson191@example.com,+1-704-441-6193,47.0,72182.26,Sales,San Francisco,2023-10-30
11732,Mary Williams,mary.williams453@example.com,+1-430-417-5438,,76200.58,Finance,Chicago,2021-03-24
11733,Patricia Anderson,patricia.anderson51@example.com,+1-685-272-7822,22.0,149981.36,Product,Boston,2020-06-13
11734,Michael Davis,michael.davis759@example.com,+1-442-762-8001,48.0,112692.0,Product,Chicago,2024-12-03
11735,John Rodriguez,john.rodriguez678@example.com,+1-876-602-7327,37.0,62372.37,Engineering,Austin,2023-06-18
11736,Sarah Jackson,sarah.jackson971@example.com,+1-970-337-7453,49.0,78437.07,Marketing,New York,2020-10-18
11737,Mary Martinez,mary.martinez847@example.com,+1-399-434-9638,49.0,,HR,New York,2023-11-23
11738,Robert Hernandez,robert.hernandez113@example.com,+1-988-203-1741,36.0,29692.86,Finance,Boston,2021-07-08
11739,Elizabeth Lopez,elizabeth.lopez376@example.com,+1-542-446-2944,,132769.66,Marketing,Seattle,2021-04-30
11740,Mary Jones,mary.jones133@example.com,+1-459-268-8278,55.0,144989.38,Sales,San Francisco,2023-06-16
11741,Jennifer Lopez,jennifer.lopez782@example.com,+1-891-395-1333,63.0,117565.04,Finance,New York,2020-05-02
11742,Richard Miller,richard.miller304@example.com,+1-631-446-7180,38.0,,Product,Chicago,2024-09-25
11743,David Thomas,david.thomas667@example.com,+1-834-739-4951,25.0,89893.15,HR,San Francisco,2023-03-29
11744,John Brown,john.brown711@example.com,+1-769-530-4786,,139406.4,Product,Chicago,2022-07-07
11745,James Martinez,james.martinez806@example.com,+1-940-502-3802,41.0,79007.37,Finance,New York,2023-12-24
11746,Robert Moore,robert.moore503@example.com,+1-953-352-8488,60.0,111568.21,Marketing,San Francisco,2023-12-05
11747,Susan Davis,susan.davis591@example.com,+1-419-103-9029,64.0,79742.94,HR,Boston,2022-03-14
11748,Joseph Thomas,joseph.thomas970@example.com,+1-258-877-3566,31.0,20640.33,Finance,Seattle,2020-03-19
11749,Barbara Moore,barbara.moore135@example.com,+1-801-672-1964,59.0,134817.75,HR,Seattle,2024-09-14
11750,Linda Thomas,linda.thomas990@example.com,+1-340-719-8587,29.0,93170.21,HR,Seattle,2022-07-02
11751,David Martin,david.martin375@example.com,+1-745-752-2005,59.0,147325.0,HR,Seattle,2024-02-07
11752,Mary Moore,mary.moore99@example.com,+1-956-397-1030,,11547.96,HR,Austin,2023-02-25
11753,Jessica Jones,jessica.jones466@example.com,+1-648-167-5089,28.0,147575.69,Engineering,Austin,2023-10-15
11754,Sarah Hernandez,sarah.hernandez914@example.com,+1-218-495-4738,58.0,12390.95,Sales,Chicago,2023-01-30
11755,Michael Wilson,michael.wilson421@example.com,+1-985-282-3446,32.0,92792.4,Finance,Boston,2021-08-28
11756,Jessica Thomas,jessica.thomas68@example.com,+1-726-896-2489,61.0,98137.4,Product,Austin,2020-12-02
11757,Patricia Brown,patricia.brown924@example.com,+1-479-908-3784,57.0,135788.27,Product,Seattle,2022-05-03
11758,Richard Davis,richard.davis912@example.com,+1-306-270-6456,43.0,63534.79,HR,Chicago,2021-12-12
11759,Jennifer Taylor,jennifer.taylor465@example.com,+1-858-872-8038,43.0,86766.55,Engineering,Austin,2020-12-20
11760,Patricia Brown,patricia.brown135@example.com,+1-886-361-3934,49.0,115519.11,Finance,Seattle,2023-12-17
11761,Jennifer Davis,jennifer.davis294@example.com,+1-646-617-9218,56.0,23785.29,Sales,Boston,2022-04-27
11762,Linda Garcia,linda.garcia473@example.com,+1-800-847-2155,58.0,64893.21,Sales,Seattle,2023-12-22
11763,Mary Brown,mary.brown975@example.com,+1-324-762-8926,58.0,137630.18,Marketing,Seattle,2022-07-03
11764,William Wilson,william.wilson643@example.com,+1-435-498-1820,50.0,93835.88,Sales,Boston,2022-08-18
11765,Joseph Rodriguez,joseph.rodriguez534@example.com,+1-616-492-2666,51.0,104214.69,Sales,Chicago,2022-09-10
11766,Patricia Jackson,patricia.jackson453@example.com,+1-876-467-2883,43.0,11357.82,Finance,Boston,2022-04-27
11767,Susan Johnson,susan.johnson296@example.com,+1-899-494-8139,27.0,28447.57,Sales,Seattle,2021-06-28
11768,Joseph Rodriguez,joseph.rodriguez953@example.com,+1-869-357-2070,48.0,142953.8,Finance,Chicago,2020-05-24
11769,Robert Davis,robert.davis682@example.com,+1-617-426-2414,62.0,,HR,San Francisco,2023-04-09
11770,Thomas Wilson,thomas.wilson931@example.com,+1-546-507-5228,63.0,124703.4,Engineering,Austin,2021-10-01
11771,Sarah Williams,sarah.williams912@example.com,+1-996-389-6433,42.0,84169.15,Finance,Chicago,2021-04-09
11772,Michael Taylor,michael.taylor368@example.com,+1-920-459-6497,22.0,67621.21,Product,Austin,2020-12-30
11773,Joseph Johnson,joseph.johnson321@example.com,+1-643-382-8169,31.0,149599.09,Marketing,Chicago,2020-11-19
11774,Jessica Anderson,jessica.anderson471@example.com,+1-912-392-9924,44.0,14307.82,Finance,New York,2022-10-06
11775,Elizabeth Gonzalez,elizabeth.gonzalez247@example.com,+1-492-678-5923,57.0,72272.34,Marketing,Austin,2022-10-28
11776,Thomas Gonzalez,thomas.gonzalez777@example.com,+1-365-603-7221,36.0,135738.41,HR,San Francisco,2022-04-12
11777,Jessica Taylor,jessica.taylor476@example.com,+1-503-684-7790,63.0,123759.64,Sales,Seattle,2024-07-03
11778,Barbara Miller,barbara.miller838@example.com,+1-257-112-6044,57.0,71817.86,Marketing,Boston,2021-08-29
11779,Patricia Wilson,patricia.wilson212@example.com,+1-788-670-9387,23.0,135047.5,Product,Chicago,2020-01-09
11780,Jessica Williams,jessica.williams654@example.com,+1-252-535-5015,47.0,118783.59,Sales,Boston,2022-09-28
11781,James Anderson,james.anderson712@example.com,+1-726-386-2898,49.0,117347.41,Sales,Chicago,2021-04-18
11782,Elizabeth Johnson,elizabeth.johnson177@example.com,+1-483-593-7967,28.0,121387.33,Marketing,Austin,2023-05-28
11783,James Williams,james.williams979@example.com,+1-620-994-1288,30.0,8540.08,HR,Austin,2022-04-18
11784,Michael Brown,michael.brown755@example.com,+1-576-804-9688,42.0,62889.68,Engineering,Chicago,2022-11-26
11785,Patricia Rodriguez,patricia.rodriguez974@example.com,+1-428-828-2287,55.0,11504.46,Engineering,Austin,2021-04-03
11786,Sarah Williams,sarah.williams361@example.com,+1-684-296-3156,49.0,79126.04,Marketing,San Francisco,2024-04-09
11787,Mary Jones,mary.jones739@example.com,+1-566-561-9185,50.0,93815.38,HR,Austin,2023-12-10
11788,James Moore,james.moore311@example.com,+1-324-411-1774,63.0,109294.35,Product,New York,2022-09-16
11789,Patricia Taylor,patricia.taylor646@example.com,+1-459-989-2378,62.0,104374.12,HR,Austin,2024-09-03
11790,Richard Anderson,richard.anderson340@example.com,+1-760-347-5378,52.0,13267.54,HR,Boston,2021-06-13
11791,William Miller,william.miller188@example.com,+1-428-982-1393,33.0,87897.9,Marketing,Austin,2021-01-13
11792,Linda Moore,linda.moore853@example.com,+1-865-622-4721,24.0,,Finance,Seattle,2021-07-26
11793,Jennifer Jackson,jennifer.jackson564@example.com,+1-939-210-4393,36.0,94310.01,Engineering,Chicago,2022-08-01
11794,Linda Jones,linda.jones667@example.com,+1-459-740-3609,41.0,104103.53,HR,Boston,2022-03-05
11795,Elizabeth Martinez,elizabeth.martinez353@example.com,+1-735-472-5999,35.0,111628.31,HR,Boston,2020-04-20
11796,Charles Wilson,charles.wilson206@example.com,+1-575-830-8230,62.0,73658.75,Sales,Boston,2024-08-27
11797,Elizabeth Gonzalez,elizabeth.gonzalez977@example.com,+1-767-771-5864,34.0,147424.76,HR,Seattle,2020-11-30
11798,Mary Garcia,mary.garcia936@example.com,+1-509-443-8591,38.0,74771.05,Engineering,Seattle,2020-09-17
11799,Jennifer Hernandez,jennifer.hernandez780@example.com,+1-550-127-2898,26.0,102760.47,Finance,Seattle,2022-06-21
11800,Elizabeth Hernandez,elizabeth.hernandez742@example.com,+1-934-221-5961,54.0,131263.39,Engineering,Boston,2021-06-08
11801,Thomas Hernandez,thomas.hernandez921@example.com,+1-379-469-3023,55.0,26193.98,Product,Austin,2024-11-20
11802,John Jackson,john.jackson19@example.com,+1-591-147-3941,50.0,5487.54,Finance,Seattle,2024-08-28
11803,Barbara Johnson,barbara.johnson156@example.com,+1-525-437-7883,58.0,91663.91,,New York,2022-03-31
11804,James Thomas,james.thomas10@example.com,+1-366-115-9303,59.0,77939.27,Product,Seattle,2021-05-21
11805,Patricia Taylor,patricia.taylor895@example.com,+1-480-450-3808,33.0,10197.4,Product,San Francisco,2020-01-14
11806,Jennifer Jones,jennifer.jones301@example.com,+1-857-540-1077,44.0,125238.44,Product,Chicago,2022-02-28
11807,Richard Martin,richard.martin645@example.com,+1-491-224-4062,28.0,137856.08,Finance,San Francisco,2022-05-31
11808,Joseph Martin,joseph.martin883@example.com,+1-752-302-9333,45.0,101559.85,Marketing,New York,2024-04-09
11809,John Jones,john.jones320@example.com,+1-867-484-4254,34.0,59186.09,HR,Chicago,2023-08-03
11810,Robert Thomas,robert.thomas290@example.com,+1-488-848-7534,54.0,52670.51,Product,Chicago,2024-03-15
11811,John Johnson,john.johnson702@example.com,+1-220-498-6834,31.0,52374.93,Product,San Francisco,2020-03-06
11812,Barbara Johnson,barbara.johnson11@example.com,+1-414-786-8754,50.0,136227.02,Marketing,New York,2022-11-21
11813,Sarah Taylor,sarah.taylor665@example.com,+1-635-107-9127,60.0,117423.32,Sales,San Francisco,2024-03-27
11814,John Williams,john.williams334@example.com,+1-618-150-9868,42.0,142243.71,Sales,New York,2022-12-21
11815,Mary Rodriguez,mary.rodriguez511@example.com,+1-998-956-2123,26.0,15773.29,Finance,San Francisco,2020-08-10
11816,Jessica Garcia,jessica.garcia527@example.com,+1-447-840-9989,22.0,62503.89,HR,New York,2021-02-20
11817,Mary Brown,mary.brown470@example.com,+1-974-585-6256,35.0,83849.58,Marketing,Chicago,2024-08-04
11818,Michael Williams,michael.williams332@example.com,+1-729-400-9676,49.0,,Finance,Austin,2022-08-02
11819,Jessica Anderson,jessica.anderson774@example.com,+1-766-766-8046,48.0,44631.3,Sales,New York,2023-03-08
11820,Linda Martin,linda.martin852@example.com,+1-337-127-7476,26.0,117154.77,Engineering,San Francisco,2021-10-02
11821,Joseph Miller,joseph.miller56@example.com,+1-864-467-9197,32.0,42791.25,Engineering,Seattle,2023-09-24
11822,John Johnson,john.johnson539@example.com,+1-918-700-4509,36.0,,Engineering,San Francisco,2020-12-28
11823,Patricia Moore,patricia.moore142@example.com,+1-213-892-2067,60.0,44227.55,Finance,Boston,2024-05-07
11824,David Moore,david.moore208@example.com,+1-235-890-7729,33.0,131185.04,Product,Austin,2024-11-02
11825,Thomas Gonzalez,thomas.gonzalez907@example.com,+1-907-551-3803,22.0,61132.59,Marketing,San Francisco,2022-09-05
11826,Susan Anderson,susan.anderson686@example.com,+1-418-616-9078,44.0,39622.38,Engineering,Austin,2021-06-01
11827,Barbara Garcia,barbara.garcia435@example.com,+1-759-469-5037,56.0,124327.8,Marketing,Seattle,2023-11-01
11828,Elizabeth Johnson,elizabeth.johnson921@example.com,+1-590-182-2002,54.0,24619.86,Engineering,New York,2024-10-20
11829,David Gonzalez,david.gonzalez680@example.com,+1-404-841-8326,43.0,135931.62,Finance,San Francisco,2023-01-11
11830,Elizabeth Brown,elizabeth.brown647@example.com,+1-826-703-5337,24.0,,Finance,Austin,2023-08-21
11831,Elizabeth Brown,elizabeth.brown597@example.com,+1-408-413-9808,47.0,128208.39,HR,San Francisco,2020-05-07
11832,Jennifer Jones,jennifer.jones133@example.com,+1-287-948-5236,,32759.57,Marketing,New York,2023-11-29
11833,Barbara Lopez,barbara.lopez920@example.com,+1-457-487-1044,34.0,35876.38,Marketing,Boston,2022-05-06
11834,Susan Davis,susan.davis454@example.com,+1-552-493-6089,40.0,61856.05,Marketing,Chicago,2021-03-15
11835,Jennifer Johnson,jennifer.johnson714@example.com,+1-676-186-9653,,102579.81,Marketing,Boston,2023-06-10
11836,Michael Garcia,michael.garcia395@example.com,+1-580-908-3024,40.0,114577.68,HR,Boston,2024-01-30
11837,James Gonzalez,james.gonzalez319@example.com,+1-905-953-8328,36.0,129421.32,Product,New York,2020-06-17
11838,Elizabeth Taylor,elizabeth.taylor605@example.com,+1-934-352-7553,52.0,136332.97,Finance,Seattle,2023-10-23
11839,Jessica Anderson,jessica.anderson833@example.com,+1-277-539-6871,58.0,108416.27,Finance,New York,2024-05-14
11840,Charles Jones,charles.jones396@example.com,+1-611-445-3006,51.0,65129.72,Finance,Chicago,2023-08-31
11841,Michael Garcia,michael.garcia856@example.com,+1-278-523-8521,35.0,7279.4,Finance,San Francisco,2024-05-01
11842,Sarah Garcia,sarah.garcia919@example.com,+1-958-134-3489,22.0,142228.41,Sales,Chicago,2024-04-02
11843,William Garcia,william.garcia989@example.com,+1-521-637-3173,57.0,99549.54,Engineering,Austin,2021-10-12
11844,Sarah Martin,sarah.martin280@example.com,+1-639-390-4110,45.0,142562.76,Engineering,Seattle,2020-06-17
11845,Joseph Brown,joseph.brown110@example.com,+1-774-704-5016,29.0,101912.69,Finance,Austin,2022-09-17
11846,Patricia Jones,patricia.jones96@example.com,+1-558-794-3244,29.0,30207.67,Product,San Francisco,2022-06-26
11847,Joseph Martinez,joseph.martinez426@example.com,+1-666-581-2388,46.0,40314.25,Marketing,Chicago,2024-10-12
11848,David Moore,david.moore199@example.com,+1-433-787-7501,51.0,45850.79,Finance,Chicago,2022-11-22
11849,David Gonzalez,david.gonzalez808@example.com,+1-849-378-6870,50.0,11584.47,Product,San Francisco,2023-07-21
11850,Elizabeth Davis,elizabeth.davis436@example.com,+1-631-229-8035,26.0,137244.39,HR,Chicago,2023-02-27
11851,Richard Gonzalez,richard.gonzalez366@example.com,+1-654-500-8039,51.0,37653.5,Marketing,San Francisco,2024-11-24
11852,Barbara Jackson,barbara.jackson505@example.com,+1-826-585-8627,24.0,97241.0,Marketing,New York,2022-02-21
11853,Sarah Johnson,sarah.johnson112@example.com,+1-954-618-1683,48.0,114420.16,Product,San Francisco,2023-07-23
11854,Mary Garcia,mary.garcia880@example.com,+1-559-647-8819,38.0,15155.11,Marketing,New York,2021-12-16
11855,Linda Jackson,linda.jackson803@example.com,+1-583-110-2591,25.0,47805.31,Sales,San Francisco,2023-07-13
11856,Michael Davis,michael.davis764@example.com,+1-582-649-8060,29.0,138008.22,HR,Seattle,2021-07-19
11857,William Jones,william.jones646@example.com,+1-890-943-6156,58.0,78633.9,Engineering,San Francisco,2022-10-26
11858,Mary Wilson,mary.wilson898@example.com,+1-890-589-6091,28.0,124283.72,Finance,San Francisco,2022-04-09
11859,Charles Williams,charles.williams728@example.com,+1-469-704-1176,39.0,37892.83,Finance,Austin,2021-07-29
11860,Sarah Martin,sarah.martin613@example.com,+1-284-698-4521,41.0,37491.98,Sales,Chicago,2022-05-03
11861,David Rodriguez,david.rodriguez861@example.com,+1-527-911-2309,56.0,109004.39,Engineering,Seattle,2021-05-01
11862,Joseph Williams,joseph.williams636@example.com,+1-726-371-1629,52.0,45249.26,Sales,Austin,2023-07-09
11863,Jennifer Lopez,jennifer.lopez28@example.com,+1-564-752-6498,53.0,56637.14,Product,Boston,2022-12-08
11864,Mary Gonzalez,mary.gonzalez617@example.com,+1-754-453-6888,42.0,114930.08,Marketing,Seattle,2022-03-11
11865,Jennifer Rodriguez,jennifer.rodriguez512@example.com,+1-998-290-3048,39.0,5597.37,Product,San Francisco,2022-12-23
11866,Elizabeth Martinez,elizabeth.martinez82@example.com,+1-556-702-1483,27.0,63182.05,HR,Boston,2022-05-08
11867,David Miller,david.miller579@example.com,+1-405-509-2059,59.0,,Product,Austin,2024-05-19
11868,Patricia Garcia,patricia.garcia474@example.com,+1-665-194-6253,55.0,142455.59,Marketing,Seattle,2023-06-17
11869,Barbara Miller,barbara.miller149@example.com,+1-338-980-7378,24.0,54678.65,Product,Seattle,2022-06-22
11870,Joseph Lopez,joseph.lopez25@example.com,+1-763-118-6444,33.0,111829.67,Engineering,San Francisco,2022-11-06
11871,Sarah Gonzalez,sarah.gonzalez775@example.com,+1-727-588-2167,63.0,65470.11,Product,New York,2024-08-18
11872,Charles Hernandez,charles.hernandez49@example.com,+1-501-651-4133,60.0,51608.18,HR,Boston,2022-10-03
11873,Jennifer Jackson,jennifer.jackson42@example.com,+1-948-473-4919,33.0,130396.2,Finance,Chicago,2022-06-08
11874,Sarah Brown,sarah.brown245@example.com,+1-372-421-9978,61.0,34719.35,Engineering,Austin,2024-04-02
11875,Barbara Brown,barbara.brown852@example.com,+1-345-371-1016,45.0,125736.56,Marketing,San Francisco,2022-10-12
11876,Charles Jones,charles.jones279@example.com,+1-433-723-1485,61.0,23617.44,Finance,Chicago,2022-01-26
11877,Thomas Thomas,thomas.thomas355@example.com,+1-901-392-8856,25.0,60713.43,Product,New York,2022-03-06
11878,Thomas Hernandez,thomas.hernandez556@example.com,+1-622-493-4306,31.0,50605.51,Engineering,Seattle,2022-05-28
11879,Susan Lopez,susan.lopez325@example.com,+1-789-687-3619,42.0,139433.72,Product,Seattle,2020-09-14
11880,Michael Lopez,michael.lopez902@example.com,+1-536-620-3373,,67777.33,HR,New York,2024-04-16
11881,Jessica Moore,jessica.moore416@example.com,+1-225-336-2333,62.0,9213.44,Sales,Boston,2022-11-02
11882,Mary Jackson,mary.jackson308@example.com,+1-323-355-6950,28.0,123747.51,Marketing,New York,2021-03-31
11883,Jessica Brown,jessica.brown263@example.com,+1-707-773-9160,36.0,53345.61,Engineering,Boston,2022-11-26
11884,Thomas Davis,thomas.davis320@example.com,+1-407-253-1761,64.0,,Marketing,Boston,2023-01-25
11885,Michael Martin,michael.martin484@example.com,+1-723-951-8224,35.0,148360.5,Product,San Francisco,2024-06-18
11886,Elizabeth Rodriguez,elizabeth.rodriguez262@example.com,+1-642-835-1339,25.0,108255.8,Sales,Chicago,2020-11-18
11887,Patricia Johnson,patricia.johnson799@example.com,+1-349-652-4422,35.0,37586.09,Engineering,New York,2024-11-09
11888,Thomas Gonzalez,thomas.gonzalez746@example.com,+1-210-712-7920,28.0,32919.96,Marketing,Seattle,2021-01-04
11889,Robert Anderson,robert.anderson767@example.com,+1-887-103-4447,38.0,96564.03,,New York,2022-04-13
11890,Charles Garcia,charles.garcia87@example.com,+1-940-392-9533,39.0,127161.18,Sales,Seattle,2021-07-30
11891,Jessica Martinez,jessica.martinez866@example.com,+1-323-455-7937,34.0,16591.69,HR,Austin,2021-04-03
11892,Charles Hernandez,charles.hernandez466@example.com,+1-682-597-4098,34.0,61726.63,HR,New York,2022-01-15
11893,William Martinez,william.martinez924@example.com,+1-493-194-8420,60.0,48311.63,Product,Austin,2023-02-07
11894,Sarah Johnson,sarah.johnson978@example.com,+1-234-136-7766,30.0,29375.49,Sales,New York,2020-06-04
11895,Robert Miller,robert.miller160@example.com,+1-776-761-6439,25.0,15719.91,Marketing,Boston,2020-12-27
11896,James Taylor,james.taylor36@example.com,+1-241-682-7207,46.0,88077.53,Sales,Seattle,2020-09-24
11897,Patricia Gonzalez,patricia.gonzalez799@example.com,+1-776-405-9963,57.0,53179.11,HR,Seattle,2020-12-23
11898,Barbara Brown,barbara.brown662@example.com,+1-877-353-3988,46.0,95873.69,Sales,Austin,2022-08-22
11899,Susan Anderson,susan.anderson424@example.com,+1-938-841-8084,34.0,68164.87,Finance,San Francisco,2021-02-16
11900,Michael Brown,michael.brown243@example.com,+1-743-161-5012,25.0,47341.17,Engineering,Chicago,2024-01-14
11901,David Martinez,david.martinez581@example.com,+1-574-688-1454,31.0,44178.2,Marketing,Boston,2021-12-24
11902,Michael Moore,michael.moore855@example.com,+1-925-737-9356,45.0,99881.94,Marketing,New York,2020-07-16
11903,Linda Rodriguez,linda.rodriguez890@example.com,+1-276-643-1880,62.0,136465.06,Finance,San Francisco,2021-11-06
11904,Patricia Rodriguez,patricia.rodriguez479@example.com,+1-831-447-2625,31.0,114051.52,Marketing,San Francisco,2024-05-08
11905,Elizabeth Williams,elizabeth.williams768@example.com,+1-708-467-6785,35.0,,Engineering,Chicago,2022-12-31
11906,William Brown,william.brown81@example.com,+1-273-754-3621,,114416.59,Sales,Chicago,2023-09-02
11907,Joseph Jones,joseph.jones432@example.com,+1-588-796-6978,37.0,103556.72,Product,San Francisco,2022-01-08
11908,Mary Thomas,mary.thomas463@example.com,+1-898-242-3444,45.0,30852.52,HR,New York,2020-03-22
11909,Patricia Wilson,patricia.wilson551@example.com,+1-309-311-2461,23.0,105004.86,Engineering,Seattle,2022-08-13
11910,Joseph Brown,joseph.brown138@example.com,+1-418-576-2806,31.0,48877.82,Engineering,Chicago,2022-10-15
11911,Charles Davis,charles.davis868@example.com,+1-378-520-9240,31.0,53501.53,Finance,Chicago,2024-03-05
11912,Sarah Garcia,sarah.garcia699@example.com,+1-564-839-2598,33.0,24654.77,Engineering,New York,2023-11-12
11913,Richard Moore,richard.moore566@example.com,+1-241-567-7712,61.0,132918.97,Engineering,Seattle,2023-02-11
11914,Mary Wilson,mary.wilson205@example.com,+1-612-736-2106,59.0,119312.64,,Chicago,2020-11-01
11915,Robert Brown,robert.brown302@example.com,+1-378-771-2903,33.0,50611.52,Product,Boston,2021-03-22
11916,Patricia Rodriguez,patricia.rodriguez257@example.com,+1-326-598-1981,,7172.06,Product,Seattle,2021-09-03
11917,Elizabeth Garcia,elizabeth.garcia419@example.com,+1-290-608-1876,37.0,125419.17,Finance,New York,2024-06-18
11918,Michael Lopez,michael.lopez76@example.com,+1-757-142-7070,63.0,76957.7,Sales,Chicago,2021-04-03
11919,Barbara Lopez,barbara.lopez934@example.com,+1-971-170-2363,55.0,62059.59,Sales,Seattle,2022-01-05
11920,Barbara Moore,barbara.moore876@example.com,+1-928-153-8050,56.0,15921.41,Finance,Austin,2022-05-10
11921,Barbara Johnson,barbara.johnson603@example.com,+1-621-616-4757,32.0,146423.2,Sales,Seattle,2020-02-13
11922,Mary Smith,mary.smith970@example.com,+1-576-992-1971,60.0,128935.07,HR,Seattle,2022-11-15
11923,Barbara Martinez,barbara.martinez144@example.com,+1-254-155-7517,33.0,18750.73,Marketing,New York,2023-10-10
11924,Elizabeth Jackson,elizabeth.jackson934@example.com,+1-396-872-6220,,,HR,New York,2022-05-28
11925,Sarah Davis,sarah.davis135@example.com,+1-745-776-3513,54.0,80772.64,HR,Seattle,2022-10-01
11926,David Jones,david.jones472@example.com,+1-750-193-2750,45.0,119398.96,Engineering,Chicago,2023-10-12
11927,Michael Davis,michael.davis534@example.com,+1-300-479-8322,39.0,62853.97,Engineering,Boston,2023-02-25
11928,Jennifer Davis,jennifer.davis73@example.com,+1-964-873-5027,59.0,81010.12,Marketing,Seattle,2024-09-16
11929,David Rodriguez,david.rodriguez473@example.com,+1-844-498-1404,25.0,36520.84,Marketing,Seattle,2021-01-11
11930,Michael Taylor,michael.taylor872@example.com,+1-615-555-4368,63.0,5139.92,Marketing,Seattle,2022-03-16
11931,William Anderson,william.anderson303@example.com,+1-750-474-5545,29.0,144215.52,Product,Seattle,2021-10-28
11932,Richard Brown,richard.brown861@example.com,+1-352-992-6679,,50795.57,Sales,Chicago,2021-08-19
11933,Patricia Garcia,patricia.garcia771@example.com,+1-572-747-2836,38.0,13860.53,Sales,Boston,2023-02-03
11934,Linda Hernandez,linda.hernandez44@example.com,+1-356-372-4014,33.0,72560.25,Finance,Chicago,2021-09-12
11935,David Williams,david.williams218@example.com,+1-766-638-7123,24.0,35352.6,Engineering,Seattle,2023-03-17
11936,Charles Martinez,charles.martinez165@example.com,+1-868-552-8451,62.0,28465.16,,Chicago,2023-07-18
11937,Joseph Rodriguez,joseph.rodriguez781@example.com,+1-956-536-8139,,121339.88,HR,Boston,2024-09-23
11938,Jessica Miller,jessica.miller647@example.com,+1-282-127-1265,48.0,54090.88,Product,Austin,2022-09-06
11939,John Smith,john.smith236@example.com,+1-650-281-6027,28.0,,Marketing,San Francisco,2024-07-25
11940,Jessica Anderson,jessica.anderson844@example.com,+1-808-645-6021,40.0,70241.05,HR,Austin,2023-10-02
11941,Michael Martin,michael.martin318@example.com,+1-307-276-3787,40.0,86565.81,Sales,New York,2021-03-13
11942,Joseph Johnson,joseph.johnson951@example.com,+1-427-981-3184,23.0,130307.31,Sales,New York,2024-05-26
11943,Susan Wilson,susan.wilson61@example.com,+1-713-603-2832,52.0,80225.64,Sales,Austin,2022-10-20
11944,John Gonzalez,john.gonzalez811@example.com,+1-404-830-8598,42.0,73608.93,Product,Chicago,2020-07-13
11945,Michael Lopez,michael.lopez796@example.com,+1-994-757-2664,59.0,64376.9,Finance,Chicago,2023-10-26
11946,Elizabeth Wilson,elizabeth.wilson225@example.com,+1-951-448-4651,39.0,56050.84,Marketing,New York,2024-11-09
11947,Barbara Anderson,barbara.anderson881@example.com,+1-707-685-3379,62.0,105085.3,Sales,New York,2022-07-29
11948,Susan Jackson,susan.jackson673@example.com,+1-286-194-5838,23.0,34327.83,Finance,Austin,2020-01-02
11949,Michael Rodriguez,michael.rodriguez497@example.com,+1-570-436-3937,44.0,52609.93,Product,San Francisco,2020-10-31
11950,David Davis,david.davis754@example.com,+1-791-525-3376,34.0,119747.62,HR,Boston,2024-02-08
11951,Robert Miller,robert.miller660@example.com,+1-211-224-6930,40.0,146064.37,Product,Seattle,2024-05-13
11952,James Jones,james.jones863@example.com,+1-833-829-4402,55.0,6429.82,Engineering,Chicago,2022-04-25
11953,William Lopez,william.lopez441@example.com,+1-282-530-7621,36.0,53892.22,Finance,Austin,2024-07-17
11954,Charles Williams,charles.williams352@example.com,+1-348-309-4120,53.0,,Marketing,Seattle,2021-05-23
11955,James Wilson,james.wilson41@example.com,+1-526-173-1250,23.0,121658.56,Finance,San Francisco,2023-09-13
11956,Patricia Williams,patricia.williams919@example.com,+1-252-595-3844,44.0,123296.68,Finance,New York,2022-12-30
11957,Susan Garcia,susan.garcia558@example.com,+1-360-450-7460,62.0,46000.84,Marketing,Chicago,2020-09-26
11958,Patricia Wilson,patricia.wilson288@example.com,+1-631-767-9825,28.0,133623.78,HR,Seattle,2020-12-23
11959,Susan Jones,susan.jones582@example.com,+1-833-701-7745,24.0,7698.6,Engineering,San Francisco,2022-05-01
11960,Jennifer Martin,jennifer.martin527@example.com,+1-577-796-1425,46.0,81667.45,Marketing,Seattle,2024-09-02
11961,William Smith,william.smith792@example.com,+1-543-193-2405,57.0,131071.26,Product,Boston,2021-07-04
11962,Richard Johnson,richard.johnson748@example.com,+1-756-300-9213,40.0,112807.3,Engineering,Boston,2023-03-18
11963,John Gonzalez,john.gonzalez498@example.com,+1-286-863-3631,31.0,18676.99,HR,Chicago,2020-06-05
11964,Richard Wilson,richard.wilson430@example.com,+1-362-123-7640,22.0,,Sales,Seattle,2022-03-16
11965,William Gonzalez,william.gonzalez224@example.com,+1-486-867-5883,34.0,85951.87,Product,Seattle,2021-05-23
11966,Susan Miller,susan.miller564@example.com,+1-203-801-6935,49.0,124503.57,Sales,Boston,2023-09-18
11967,David Johnson,david.johnson449@example.com,+1-228-434-1152,51.0,132690.41,Marketing,Austin,2022-01-27
11968,John Taylor,john.taylor716@example.com,+1-544-181-9192,60.0,47697.79,Finance,San Francisco,2020-09-29
11969,David Lopez,david.lopez149@example.com,+1-505-295-4132,49.0,14567.23,Marketing,Chicago,2023-01-11
11970,Linda Taylor,linda.taylor701@example.com,+1-919-884-6696,42.0,86105.4,Sales,Austin,2020-01-22
11971,William Thomas,william.thomas135@example.com,+1-403-345-2294,,112031.21,HR,Austin,2022-11-19
11972,Thomas Taylor,thomas.taylor875@example.com,+1-581-635-8801,54.0,133284.58,Sales,San Francisco,2023-12-13
11973,John Martin,john.martin690@example.com,+1-256-141-4702,44.0,22870.71,Finance,Chicago,2020-12-06
11974,Jessica Hernandez,jessica.hernandez191@example.com,+1-643-350-9329,47.0,128340.86,Marketing,New York,2020-03-27
11975,Robert Smith,robert.smith395@example.com,+1-684-602-7286,22.0,90218.27,Engineering,Austin,2020-08-11
11976,Richard Rodriguez,richard.rodriguez332@example.com,+1-687-669-3086,46.0,56537.14,Finance,Boston,2020-08-27
11977,Michael Anderson,michael.anderson762@example.com,+1-935-397-2075,50.0,66540.78,Marketing,Boston,2023-12-18
11978,Richard Moore,richard.moore872@example.com,+1-989-945-9017,56.0,141551.51,Finance,Seattle,2023-07-18
11979,James Thomas,james.thomas935@example.com,+1-960-197-5033,61.0,24322.19,Product,Austin,2020-09-30
11980,Elizabeth Lopez,elizabeth.lopez82@example.com,+1-605-916-1177,37.0,100156.0,Marketing,Boston,2024-07-13
11981,Linda Hernandez,linda.hernandez99@example.com,+1-704-456-3201,25.0,126451.94,HR,San Francisco,2020-03-06
11982,Michael Jones,michael.jones258@example.com,+1-660-498-8601,24.0,80663.22,Marketing,New York,2020-09-02
11983,Barbara Williams,barbara.williams966@example.com,+1-214-205-9921,31.0,90661.37,Finance,Boston,2023-05-05
11984,John Moore,john.moore941@example.com,+1-341-867-1645,53.0,91607.19,Sales,Chicago,2021-09-28
11985,Patricia Jones,patricia.jones276@example.com,+1-994-101-9213,23.0,95331.5,Sales,Seattle,2020-01-14
11986,Charles Smith,charles.smith296@example.com,+1-583-346-2923,48.0,54542.74,Finance,New York,2021-12-26
11987,Elizabeth Thomas,elizabeth.thomas338@example.com,+1-408-198-1699,36.0,108237.77,HR,Seattle,2020-08-12
11988,Patricia Davis,patricia.davis278@example.com,+1-543-139-8917,51.0,100820.54,Sales,New York,2024-01-20
11989,Richard Anderson,richard.anderson582@example.com,+1-688-297-2195,37.0,59937.83,,Chicago,2022-02-10
11990,Jessica Davis,jessica.davis392@example.com,+1-711-494-2577,50.0,12370.65,HR,Seattle,2023-04-30
11991,John Lopez,john.lopez411@example.com,+1-246-764-4496,26.0,72598.39,,Austin,2022-09-30
11992,Elizabeth Gonzalez,elizabeth.gonzalez401@example.com,+1-736-650-3468,62.0,98481.02,HR,Seattle,2024-08-31
11993,John Brown,john.brown42@example.com,+1-861-804-2067,,38323.96,Sales,San Francisco,2021-12-12
11994,Joseph Garcia,joseph.garcia522@example.com,+1-219-588-5003,,68941.43,Marketing,Seattle,2024-11-11
11995,Jennifer Moore,jennifer.moore328@example.com,+1-712-124-8597,36.0,39684.01,Finance,Chicago,2022-12-14
11996,Robert Thomas,robert.thomas272@example.com,+1-275-395-6297,22.0,117333.67,HR,San Francisco,2024-08-12
11997,Richard Gonzalez,richard.gonzalez114@example.com,+1-665-863-2019,54.0,8203.59,Finance,San Francisco,2022-06-18
11998,Sarah Smith,sarah.smith103@example.com,+1-523-890-8529,43.0,122026.48,Sales,Austin,2024-05-22
11999,Sarah Moore,sarah.moore971@example.com,+1-333-318-3468,50.0,72474.19,Engineering,New York,2020-10-30
12000,John Taylor,john.taylor56@example.com,+1-915-759-6658,63.0,9577.29,HR,Seattle,2024-05-29
12001,Susan Brown,susan.brown139@example.com,+1-965-545-4903,50.0,118864.66,Finance,Austin,2023-11-23
12002,Sarah Rodriguez,sarah.rodriguez431@example.com,+1-842-793-5801,39.0,149950.16,Marketing,Austin,2021-01-14
12003,William Thomas,william.thomas623@example.com,+1-668-192-8995,59.0,47864.08,Finance,Chicago,2021-04-23
12004,Patricia Jones,patricia.jones281@example.com,+1-994-231-7023,38.0,135549.23,HR,Austin,2022-09-13
12005,David Lopez,david.lopez891@example.com,+1-965-458-4639,35.0,55080.86,Finance,Seattle,2022-09-10
12006,Robert Martin,robert.martin975@example.com,+1-915-358-9700,48.0,16810.86,HR,New York,2021-09-16
12007,David Lopez,david.lopez41@example.com,+1-930-276-6355,50.0,,Marketing,Chicago,2024-11-25
12008,Michael Martin,michael.martin408@example.com,+1-796-216-9395,39.0,143539.51,Sales,Chicago,2023-08-13
12009,David Martinez,david.martinez404@example.com,+1-447-539-1355,38.0,139893.47,Finance,Chicago,2022-07-19
12010,Jessica Taylor,jessica.taylor562@example.com,+1-219-426-9573,37.0,,Finance,New York,2024-10-10
12011,John Miller,john.miller98@example.com,+1-515-110-6168,36.0,57540.98,Finance,Austin,2020-05-22
12012,Charles Jones,charles.jones776@example.com,+1-349-624-9051,50.0,58631.66,Sales,Seattle,2024-10-07
12013,James Gonzalez,james.gonzalez847@example.com,+1-504-459-9591,22.0,104772.89,Product,San Francisco,2022-08-09
12014,Sarah Johnson,sarah.johnson240@example.com,+1-910-586-4500,43.0,,HR,New York,2023-04-23
12015,Richard Jackson,richard.jackson627@example.com,+1-596-557-9509,35.0,66190.7,Marketing,Austin,2022-09-26
12016,Michael Wilson,michael.wilson714@example.com,+1-354-200-7715,64.0,137689.49,Finance,Chicago,2024-10-17
12017,Charles Miller,charles.miller157@example.com,+1-227-358-9095,43.0,31291.03,Product,San Francisco,2024-07-10
12018,Robert Martin,robert.martin75@example.com,+1-604-982-6947,57.0,,Finance,Seattle,2023-03-08
12019,Joseph Moore,joseph.moore729@example.com,+1-881-868-9470,64.0,44410.09,Sales,New York,2024-03-09
12020,William Williams,william.williams367@example.com,+1-347-324-2128,53.0,73995.58,Finance,Austin,2021-07-26
12021,Joseph Smith,joseph.smith918@example.com,+1-836-630-1118,23.0,23337.48,HR,Seattle,2021-02-27
12022,Patricia Rodriguez,patricia.rodriguez772@example.com,+1-805-479-9634,28.0,89960.9,Engineering,Chicago,2020-03-29
12023,Jennifer Taylor,jennifer.taylor88@example.com,+1-750-895-4060,23.0,138452.25,Finance,Chicago,2020-02-21
12024,Barbara Miller,barbara.miller779@example.com,+1-984-558-3545,33.0,59916.89,,Boston,2024-05-05
12025,Charles Martinez,charles.martinez794@example.com,+1-453-591-3906,54.0,69799.65,Sales,New York,2024-02-01
12026,William Garcia,william.garcia568@example.com,+1-427-621-6711,,129335.7,Engineering,Seattle,2023-09-09
12027,Joseph Hernandez,joseph.hernandez416@example.com,+1-357-284-1797,64.0,135145.97,Sales,Chicago,2021-12-17
12028,Elizabeth Thomas,elizabeth.thomas105@example.com,+1-873-902-4329,47.0,,Sales,Boston,2021-11-19
12029,Robert Miller,robert.miller146@example.com,+1-738-748-8331,50.0,144527.94,HR,Austin,2024-03-07
12030,Charles Garcia,charles.garcia76@example.com,+1-249-915-5610,55.0,64459.06,Marketing,San Francisco,2024-02-12
12031,David Miller,david.miller28@example.com,+1-544-834-2921,59.0,85664.58,Engineering,Seattle,2021-03-27
12032,James Martin,james.martin398@example.com,+1-991-326-4357,49.0,11674.9,Finance,San Francisco,2020-10-17
12033,Elizabeth Martinez,elizabeth.martinez36@example.com,+1-666-112-7588,,87367.29,Marketing,Boston,2024-10-22
12034,Linda Lopez,linda.lopez715@example.com,+1-657-739-6332,44.0,130508.38,HR,Chicago,2021-06-21
12035,William Miller,william.miller537@example.com,+1-615-371-8465,53.0,105421.78,HR,Chicago,2022-10-20
12036,William Williams,william.williams448@example.com,+1-471-399-1720,,47174.7,Sales,Austin,2021-02-24
12037,William Jackson,william.jackson549@example.com,+1-327-193-9675,26.0,24980.97,Marketing,Boston,2021-02-23
12038,Mary Hernandez,mary.hernandez675@example.com,+1-492-816-8283,38.0,46934.13,HR,Chicago,2020-01-25
12039,Jennifer Martin,jennifer.martin886@example.com,+1-889-443-6550,29.0,57316.06,Product,Boston,2024-09-28
12040,Thomas Martin,thomas.martin522@example.com,+1-663-976-2417,44.0,116239.84,Engineering,Boston,2022-04-20
12041,Barbara Hernandez,barbara.hernandez278@example.com,+1-295-372-4644,22.0,51147.23,Sales,Chicago,2022-04-03
12042,Susan Taylor,susan.taylor711@example.com,+1-262-655-9731,27.0,19220.06,Product,San Francisco,2023-05-17
12043,Sarah Moore,sarah.moore662@example.com,+1-804-206-9044,45.0,108794.67,HR,Boston,2020-03-17
12044,Elizabeth Wilson,elizabeth.wilson594@example.com,+1-618-969-6177,56.0,122921.97,HR,San Francisco,2022-07-28
12045,Patricia Jackson,patricia.jackson799@example.com,+1-466-893-8599,40.0,52166.85,Marketing,San Francisco,2023-10-24
12046,John Garcia,john.garcia981@example.com,+1-402-738-7054,47.0,62152.65,Sales,Chicago,2023-03-06
12047,Michael Hernandez,michael.hernandez584@example.com,+1-956-272-1721,51.0,147113.44,HR,Austin,2024-03-11
12048,Sarah Gonzalez,sarah.gonzalez468@example.com,+1-898-777-9818,46.0,30254.31,Finance,San Francisco,2021-11-03
12049,Elizabeth Taylor,elizabeth.taylor388@example.com,+1-825-763-2049,61.0,59657.74,Product,Chicago,2024-06-21
12050,David Williams,david.williams543@example.com,+1-897-979-9276,37.0,131046.02,Engineering,New York,2021-01-11
12051,Jessica Jackson,jessica.jackson407@example.com,+1-529-324-4473,34.0,138489.33,Product,New York,2021-03-13
12052,Michael Smith,michael.smith626@example.com,+1-241-275-6364,39.0,130945.43,HR,Austin,2020-05-31
12053,James Jackson,james.jackson56@example.com,+1-935-156-4146,44.0,35905.08,,San Francisco,2023-03-15
12054,Thomas Anderson,thomas.anderson814@example.com,+1-541-147-6517,24.0,64690.86,Finance,New York,2020-05-17
12055,Susan Rodriguez,susan.rodriguez721@example.com,+1-258-870-1388,42.0,23590.3,Finance,Austin,2024-08-27
12056,Michael Smith,michael.smith830@example.com,+1-313-845-9965,28.0,88544.17,Marketing,Boston,2024-08-19
12057,Charles Johnson,charles.johnson293@example.com,+1-784-427-6460,51.0,105572.03,Finance,San Francisco,2022-04-11
12058,Linda Martinez,linda.martinez786@example.com,+1-581-962-4575,61.0,90217.81,Sales,San Francisco,2020-05-27
12059,James Rodriguez,james.rodriguez189@example.com,+1-717-490-8688,58.0,94285.54,Engineering,Austin,2020-04-08
12060,John Anderson,john.anderson567@example.com,+1-798-103-2063,,86558.92,Sales,Austin,2024-02-08
12061,Joseph Williams,joseph.williams55@example.com,+1-545-946-3942,41.0,144225.44,Engineering,New York,2024-10-16
12062,John Jackson,john.jackson360@example.com,+1-848-384-5004,28.0,23933.13,Engineering,Austin,2021-03-16
12063,Michael Williams,michael.williams509@example.com,+1-749-216-2937,33.0,66543.45,Finance,Seattle,2021-05-03
12064,Jessica Miller,jessica.miller864@example.com,+1-727-419-3546,46.0,101565.01,HR,New York,2022-06-26
12065,Thomas Jackson,thomas.jackson297@example.com,+1-287-235-3205,47.0,118945.11,HR,Austin,2023-04-05
12066,James Jackson,james.jackson150@example.com,+1-917-835-5720,43.0,108821.98,Finance,Boston,2024-10-13
12067,Jessica Gonzalez,jessica.gonzalez992@example.com,+1-947-594-9023,25.0,106569.01,Finance,Boston,2022-07-27
12068,William Taylor,william.taylor406@example.com,+1-708-343-9412,49.0,100172.75,Finance,Austin,2020-08-02
12069,Jennifer Williams,jennifer.williams867@example.com,+1-202-997-9964,41.0,45728.61,Finance,Boston,2023-08-08
12070,Jennifer Martin,jennifer.martin519@example.com,+1-643-519-3042,34.0,39140.27,HR,Austin,2022-11-20
12071,John Anderson,john.anderson848@example.com,+1-778-739-1490,37.0,116477.69,HR,Seattle,2023-10-28
12072,John Hernandez,john.hernandez767@example.com,+1-508-669-9603,36.0,84962.67,Finance,Austin,2024-07-04
12073,Jessica Davis,jessica.davis53@example.com,+1-289-232-6863,26.0,,HR,Chicago,2020-07-27
12074,Mary Lopez,mary.lopez284@example.com,+1-569-973-3922,22.0,62598.76,Sales,San Francisco,2023-06-25
12075,Elizabeth Garcia,elizabeth.garcia473@example.com,+1-390-262-7599,26.0,52457.58,Sales,New York,2024-10-17
12076,Sarah Hernandez,sarah.hernandez336@example.com,+1-897-449-3278,34.0,145307.81,HR,New York,2021-03-26
12077,Charles Anderson,charles.anderson746@example.com,+1-460-579-2757,52.0,78700.17,Finance,Chicago,2022-07-07
12078,Elizabeth Martin,elizabeth.martin652@example.com,+1-538-803-6810,23.0,27135.97,Finance,San Francisco,2024-07-10
12079,John Johnson,john.johnson350@example.com,+1-775-857-1529,55.0,132796.51,Marketing,Chicago,2020-12-12
12080,Jennifer Davis,jennifer.davis924@example.com,+1-922-232-2370,57.0,60762.03,Marketing,Chicago,2024-03-20
12081,Elizabeth Hernandez,elizabeth.hernandez759@example.com,+1-505-816-9505,22.0,117250.82,Engineering,San Francisco,2022-12-22
12082,Susan Anderson,susan.anderson242@example.com,+1-775-708-7410,58.0,149552.08,Marketing,Boston,2024-10-11
12083,Susan Hernandez,susan.hernandez191@example.com,+1-925-731-3446,36.0,141760.24,HR,Boston,2023-03-14
12084,Patricia Lopez,patricia.lopez38@example.com,+1-894-259-5625,59.0,50162.33,Sales,Chicago,2020-12-08
12085,Patricia Gonzalez,patricia.gonzalez134@example.com,+1-807-989-7812,61.0,29575.8,Finance,San Francisco,2024-01-24
12086,Elizabeth Garcia,elizabeth.garcia942@example.com,+1-518-360-4352,30.0,41878.53,Product,Chicago,2022-08-16
12087,Elizabeth Miller,elizabeth.miller200@example.com,+1-856-712-8758,30.0,96937.01,Marketing,Seattle,2022-08-30
12088,David Anderson,david.anderson779@example.com,+1-834-184-3995,45.0,63058.69,Finance,Austin,2024-08-14
12089,Patricia Martinez,patricia.martinez805@example.com,+1-770-854-9340,31.0,73478.27,Product,Seattle,2022-02-12
12090,Jennifer Taylor,jennifer.taylor454@example.com,+1-520-993-7512,49.0,130672.45,Product,Austin,2021-07-14
12091,David Martin,david.martin763@example.com,+1-215-508-8346,60.0,83470.21,Finance,Austin,2024-11-26
12092,Michael Hernandez,michael.hernandez769@example.com,+1-364-816-3724,61.0,73304.78,,Chicago,2024-09-08
12093,James Taylor,james.taylor506@example.com,+1-672-964-4382,30.0,112214.87,HR,New York,2020-12-31
12094,William Rodriguez,william.rodriguez702@example.com,+1-572-748-2455,37.0,39479.32,Engineering,Chicago,2022-06-01
12095,Susan Martinez,susan.martinez114@example.com,+1-502-729-4812,41.0,9370.49,Engineering,Chicago,2020-07-11
12096,David Anderson,david.anderson267@example.com,+1-397-152-1650,36.0,48941.78,Engineering,Austin,2021-11-06
12097,John Taylor,john.taylor199@example.com,+1-404-143-6099,55.0,99457.32,Sales,New York,2021-09-28
12098,Mary Garcia,mary.garcia460@example.com,+1-731-630-5112,35.0,117961.51,Marketing,Austin,2020-04-02
12099,Mary Gonzalez,mary.gonzalez851@example.com,+1-527-880-9921,53.0,5475.86,Product,San Francisco,2024-07-11
12100,James Miller,james.miller165@example.com,+1-856-156-7867,34.0,110144.52,Finance,San Francisco,2020-11-04
12101,Jennifer Garcia,jennifer.garcia658@example.com,+1-603-592-5324,59.0,24565.33,Engineering,Seattle,2020-04-28
12102,Joseph Lopez,joseph.lopez329@example.com,+1-388-408-7392,47.0,32121.84,Engineering,Seattle,2022-10-14
12103,Jessica Williams,jessica.williams568@example.com,+1-393-323-3446,45.0,64161.48,HR,New York,2022-03-12
12104,David Moore,david.moore803@example.com,+1-764-224-9366,30.0,40879.32,HR,Austin,2020-04-15
12105,Charles Moore,charles.moore514@example.com,+1-514-384-7125,61.0,20447.82,Product,Chicago,2020-12-30
12106,Elizabeth Taylor,elizabeth.taylor271@example.com,+1-430-802-8476,25.0,122038.21,Finance,San Francisco,2022-05-28
12107,Michael Garcia,michael.garcia758@example.com,+1-662-966-8857,53.0,41594.01,Marketing,San Francisco,2023-04-27
12108,Charles Jones,charles.jones211@example.com,+1-615-111-2364,54.0,21440.2,Marketing,San Francisco,2020-04-27
12109,Susan Gonzalez,susan.gonzalez213@example.com,+1-861-741-1860,34.0,80430.32,Sales,San Francisco,2020-05-16
12110,Joseph Jackson,joseph.jackson578@example.com,+1-256-499-9325,35.0,33956.56,Marketing,Chicago,2020-05-06
12111,William Taylor,william.taylor689@example.com,+1-854-588-1259,47.0,37378.14,Sales,Chicago,2024-01-06
12112,Patricia Miller,patricia.miller528@example.com,+1-580-506-2255,42.0,34342.72,Marketing,New York,2021-08-23
12113,Robert Jackson,robert.jackson515@example.com,+1-264-665-9119,51.0,39988.74,Engineering,San Francisco,2021-10-16
12114,Elizabeth Thomas,elizabeth.thomas89@example.com,+1-995-289-2171,56.0,84414.43,Engineering,Chicago,2023-08-17
12115,Susan Davis,susan.davis612@example.com,+1-290-822-1841,27.0,62969.22,Sales,Austin,2020-01-07
12116,Jennifer Lopez,jennifer.lopez154@example.com,+1-710-642-3556,32.0,70902.5,HR,Austin,2022-04-03
12117,Mary Lopez,mary.lopez817@example.com,+1-457-716-9187,,119574.23,Product,Seattle,2020-06-12
12118,Robert Johnson,robert.johnson792@example.com,+1-760-467-4362,51.0,100121.18,Marketing,Seattle,2023-01-05
12119,Jennifer Jackson,jennifer.jackson905@example.com,+1-606-386-8623,30.0,99059.04,Finance,San Francisco,2020-05-10
12120,Barbara Johnson,barbara.johnson280@example.com,+1-591-531-9930,45.0,,HR,Chicago,2022-06-18
12121,Richard Jones,richard.jones725@example.com,+1-410-325-8174,49.0,31462.82,Finance,Chicago,2020-07-30
12122,Sarah Wilson,sarah.wilson93@example.com,+1-411-878-5929,34.0,92212.68,Sales,Boston,2023-03-28
12123,Susan Martinez,susan.martinez294@example.com,+1-499-535-3921,59.0,62053.26,Product,Seattle,2020-06-29
12124,Joseph Gonzalez,joseph.gonzalez739@example.com,+1-362-657-3503,49.0,12822.38,Engineering,Austin,2024-04-13
12125,Michael Moore,michael.moore329@example.com,+1-979-623-3076,32.0,66960.1,Finance,San Francisco,2022-02-01
12126,David Moore,david.moore83@example.com,+1-252-332-2830,64.0,44389.44,Finance,New York,2020-04-06
12127,Linda Rodriguez,linda.rodriguez685@example.com,+1-969-310-4273,24.0,11864.86,Marketing,San Francisco,2023-08-26
12128,Linda Wilson,linda.wilson252@example.com,+1-510-661-8591,,38101.33,Engineering,Chicago,2021-07-19
12129,Sarah Moore,sarah.moore541@example.com,+1-698-438-6839,54.0,12337.01,Engineering,Seattle,2021-08-23
12130,James Taylor,james.taylor443@example.com,+1-307-837-7467,56.0,87944.9,,Seattle,2023-09-17
12131,Sarah Hernandez,sarah.hernandez135@example.com,+1-208-625-8492,47.0,127856.88,Sales,San Francisco,2022-05-19
12132,Linda Jones,linda.jones852@example.com,+1-636-400-7797,62.0,21162.01,HR,San Francisco,2021-09-25
12133,James Lopez,james.lopez966@example.com,+1-725-678-4763,53.0,86691.39,Engineering,Seattle,2023-07-20
12134,Michael Martinez,michael.martinez336@example.com,+1-728-943-3926,37.0,39890.66,Marketing,Austin,2024-07-01
12135,William Williams,william.williams675@example.com,+1-958-175-4998,38.0,16529.99,,San Francisco,2021-03-27
12136,Susan Martinez,susan.martinez33@example.com,+1-309-151-7058,55.0,51562.69,Marketing,Seattle,2024-08-01
12137,Jennifer Williams,jennifer.williams634@example.com,+1-938-164-3210,57.0,108024.04,Sales,Chicago,2020-11-19
12138,Elizabeth Martin,elizabeth.martin914@example.com,+1-363-212-5710,63.0,26085.34,Marketing,Seattle,2022-11-10
12139,Michael Hernandez,michael.hernandez961@example.com,+1-819-620-4491,55.0,23591.39,Finance,San Francisco,2023-03-22
12140,Jessica Jackson,jessica.jackson289@example.com,+1-822-191-7667,32.0,99102.42,Sales,Seattle,2020-12-13
12141,Linda Johnson,linda.johnson390@example.com,+1-714-105-2637,34.0,5239.61,Product,New York,2020-04-14
12142,Charles Brown,charles.brown142@example.com,+1-224-948-6156,,61605.16,Engineering,Boston,2023-12-24
12143,Charles Smith,charles.smith803@example.com,+1-700-340-6978,59.0,89813.56,Marketing,Seattle,2021-01-01
12144,John Martinez,john.martinez917@example.com,+1-808-249-3493,37.0,65764.87,HR,Austin,2024-03-11
12145,Linda Miller,linda.miller871@example.com,+1-587-484-1298,40.0,113415.2,Engineering,San Francisco,2022-08-19
12146,James Wilson,james.wilson683@example.com,+1-331-639-3642,22.0,138627.86,Finance,Austin,2023-10-25
12147,Jessica Williams,jessica.williams268@example.com,+1-459-234-6178,31.0,111985.69,HR,Austin,2023-10-29
12148,William Davis,william.davis620@example.com,+1-929-496-6868,51.0,135531.39,Product,Boston,2024-03-10
12149,Richard Davis,richard.davis250@example.com,+1-255-209-6192,31.0,117206.04,Sales,Austin,2023-05-11
12150,Jessica Thomas,jessica.thomas321@example.com,+1-668-493-8010,49.0,37763.84,Sales,San Francisco,2023-12-29
12151,Jennifer Martinez,jennifer.martinez24@example.com,+1-323-839-4351,62.0,43795.82,Finance,New York,2021-01-03
12152,Jessica Lopez,jessica.lopez772@example.com,+1-949-439-5502,26.0,59161.07,Product,San Francisco,2022-08-22
12153,Linda Lopez,linda.lopez647@example.com,+1-378-531-4472,34.0,136825.34,Marketing,Austin,2023-07-08
12154,Barbara Brown,barbara.brown393@example.com,+1-679-404-8850,59.0,147781.12,HR,San Francisco,2021-12-04
12155,Joseph Brown,joseph.brown785@example.com,+1-227-471-1085,59.0,,Finance,Boston,2024-02-29
12156,James Jones,james.jones433@example.com,+1-523-598-6700,26.0,89956.11,Product,San Francisco,2020-04-16
12157,William Jones,william.jones237@example.com,+1-215-909-9616,37.0,66753.1,Product,San Francisco,2020-06-25
12158,Jennifer Garcia,jennifer.garcia500@example.com,+1-643-119-9302,60.0,5667.08,Product,San Francisco,2023-06-16
12159,John Jones,john.jones204@example.com,+1-771-709-2953,57.0,,Product,Boston,2022-06-14
12160,Elizabeth Thomas,elizabeth.thomas547@example.com,+1-606-732-5457,51.0,59111.6,Product,Seattle,2021-09-28
12161,Jennifer Anderson,jennifer.anderson971@example.com,+1-892-314-3876,53.0,88252.72,Finance,Seattle,2023-02-19
12162,Jennifer Taylor,jennifer.taylor177@example.com,+1-527-345-4662,46.0,6839.65,HR,San Francisco,2022-11-02
12163,Joseph Garcia,joseph.garcia366@example.com,+1-743-349-7397,24.0,14407.49,Product,Seattle,2023-04-04
12164,Linda Rodriguez,linda.rodriguez557@example.com,+1-513-268-3567,24.0,45046.65,HR,New York,2021-05-26
12165,Patricia Jackson,patricia.jackson472@example.com,+1-762-674-4069,44.0,111695.16,Finance,New York,2022-11-08
12166,Thomas Gonzalez,thomas.gonzalez127@example.com,+1-693-890-9416,48.0,84609.34,Sales,San Francisco,2023-09-19
12167,Michael Smith,michael.smith276@example.com,+1-884-313-1246,63.0,147114.37,Product,Chicago,2024-10-04
12168,David Smith,david.smith209@example.com,+1-318-899-5324,25.0,143250.39,Marketing,San Francisco,2023-05-23
12169,Elizabeth Jackson,elizabeth.jackson937@example.com,+1-778-726-8536,53.0,6579.42,Sales,Chicago,2020-09-03
12170,Joseph Lopez,joseph.lopez738@example.com,+1-376-143-9495,51.0,129198.48,Finance,Boston,2021-08-25
12171,Mary Smith,mary.smith152@example.com,+1-777-639-7268,41.0,,Finance,Boston,2021-10-05
12172,Richard Jones,richard.jones181@example.com,+1-433-280-4122,34.0,109783.59,Finance,Seattle,2023-12-23
12173,Patricia Jones,patricia.jones558@example.com,+1-872-482-8954,53.0,19014.53,Sales,San Francisco,2023-02-26
12174,Jennifer Garcia,jennifer.garcia710@example.com,+1-953-674-8652,24.0,43830.42,Marketing,Chicago,2022-06-29
12175,Barbara Miller,barbara.miller460@example.com,+1-241-814-5189,59.0,19156.09,Product,Chicago,2021-05-13
12176,Sarah Rodriguez,sarah.rodriguez845@example.com,+1-420-146-4874,44.0,130520.76,HR,Seattle,2020-12-31
12177,William Brown,william.brown442@example.com,+1-672-147-2914,39.0,74362.19,Marketing,Boston,2021-07-21
12178,Thomas Martinez,thomas.martinez464@example.com,+1-907-525-2050,28.0,,Finance,Chicago,2023-07-08
12179,Mary Thomas,mary.thomas533@example.com,+1-945-282-5453,27.0,104584.4,Engineering,Boston,2020-03-22
12180,Barbara Gonzalez,barbara.gonzalez945@example.com,+1-230-392-2196,59.0,39355.7,Marketing,Seattle,2020-05-01
12181,Robert Lopez,robert.lopez122@example.com,+1-905-493-1018,41.0,124034.73,Sales,Austin,2022-10-07
12182,John Brown,john.brown708@example.com,+1-494-678-8240,61.0,57409.4,Finance,Boston,2023-08-24
12183,David Taylor,david.taylor945@example.com,+1-688-299-3931,23.0,82447.4,Sales,San Francisco,2024-06-28
12184,Jennifer Thomas,jennifer.thomas352@example.com,+1-323-322-5747,62.0,111451.36,HR,Chicago,2024-07-12
12185,William Davis,william.davis688@example.com,+1-876-128-7610,56.0,124968.49,Engineering,Austin,2022-01-09
12186,Joseph Hernandez,joseph.hernandez884@example.com,+1-916-783-2317,50.0,43290.74,Marketing,Austin,2024-03-10
12187,John Williams,john.williams353@example.com,+1-507-170-7450,56.0,33220.96,HR,Chicago,2022-10-26
12188,Joseph Martinez,joseph.martinez762@example.com,+1-889-693-8068,36.0,145971.12,Product,New York,2024-01-22
12189,Thomas Hernandez,thomas.hernandez487@example.com,+1-697-842-5544,33.0,66271.59,Marketing,Boston,2022-10-17
12190,Patricia Lopez,patricia.lopez465@example.com,+1-583-122-4305,54.0,94603.55,HR,Seattle,2024-02-15
12191,Jessica Davis,jessica.davis629@example.com,+1-707-444-6897,44.0,67463.89,Marketing,New York,2024-09-25
12192,Joseph Gonzalez,joseph.gonzalez352@example.com,+1-390-642-3866,62.0,73818.67,HR,Boston,2021-04-27
12193,Barbara Gonzalez,barbara.gonzalez504@example.com,+1-374-445-8733,42.0,30638.52,Sales,Seattle,2024-09-29
12194,Thomas Gonzalez,thomas.gonzalez114@example.com,+1-751-578-6518,23.0,55406.03,Engineering,San Francisco,2022-04-22
12195,Michael Taylor,michael.taylor601@example.com,+1-910-421-5644,35.0,88128.12,HR,Boston,2023-04-11
12196,John Garcia,john.garcia197@example.com,+1-423-742-4957,24.0,85093.62,Sales,Chicago,2024-04-12
12197,Elizabeth Moore,elizabeth.moore506@example.com,+1-765-274-6910,43.0,118818.91,Product,Boston,2023-10-16
12198,Patricia Martin,patricia.martin409@example.com,+1-383-960-1561,47.0,82386.55,Sales,San Francisco,2023-07-16
12199,Jessica Williams,jessica.williams931@example.com,+1-235-304-4891,32.0,72468.19,Product,Boston,2024-02-28
12200,James Hernandez,james.hernandez911@example.com,+1-551-562-4915,58.0,64308.93,HR,Boston,2024-02-26
12201,Jennifer Rodriguez,jennifer.rodriguez387@example.com,+1-782-984-1897,31.0,38682.52,HR,Chicago,2024-03-12
12202,Elizabeth Smith,elizabeth.smith824@example.com,+1-712-814-1598,53.0,132711.96,HR,Seattle,2022-04-04
12203,Jennifer Taylor,jennifer.taylor807@example.com,+1-655-693-8311,27.0,63864.41,HR,New York,2020-06-04
12204,Charles Smith,charles.smith968@example.com,+1-700-472-6785,61.0,99961.01,Engineering,New York,2024-01-14
12205,Jessica Williams,jessica.williams556@example.com,+1-313-670-6157,54.0,105186.57,Marketing,San Francisco,2020-04-09
12206,Robert Jackson,robert.jackson550@example.com,+1-426-600-2236,55.0,142410.3,Finance,Austin,2024-08-23
12207,Thomas Martin,thomas.martin559@example.com,+1-334-472-1460,60.0,17755.04,Engineering,San Francisco,2023-10-29
12208,Linda Martin,linda.martin430@example.com,+1-507-236-2513,28.0,8091.7,HR,Boston,2022-10-10
12209,Thomas Gonzalez,thomas.gonzalez970@example.com,+1-276-649-6161,28.0,109005.83,Marketing,Boston,2021-01-22
12210,Robert Moore,robert.moore245@example.com,+1-914-556-3939,28.0,94001.93,Finance,Austin,2020-06-24
12211,Jennifer Martinez,jennifer.martinez789@example.com,+1-637-150-8845,56.0,135281.67,Product,Chicago,2022-12-11
12212,Patricia Jones,patricia.jones860@example.com,+1-437-565-9312,50.0,11984.58,Finance,San Francisco,2020-02-12
12213,David Gonzalez,david.gonzalez392@example.com,+1-665-253-3217,37.0,,Marketing,Austin,2022-02-18
12214,Jessica Wilson,jessica.wilson550@example.com,+1-832-297-6805,37.0,128581.19,Finance,Austin,2021-10-12
12215,Jessica Davis,jessica.davis64@example.com,+1-659-268-4682,27.0,110152.89,Engineering,New York,2021-12-21
12216,James Martinez,james.martinez104@example.com,+1-320-225-8668,34.0,83803.86,Product,Austin,2021-12-05
12217,Elizabeth Moore,elizabeth.moore535@example.com,+1-773-142-9287,48.0,129281.81,Engineering,Austin,2020-08-27
12218,William Davis,william.davis240@example.com,+1-550-860-4642,38.0,146514.14,HR,Seattle,2020-12-22
12219,Elizabeth Anderson,elizabeth.anderson347@example.com,+1-926-168-1881,48.0,101481.44,Marketing,San Francisco,2024-02-18
12220,David Moore,david.moore101@example.com,+1-567-679-5751,33.0,143367.37,Marketing,Austin,2020-01-28
12221,Michael Anderson,michael.anderson888@example.com,+1-426-969-4321,43.0,89792.99,Finance,Austin,2024-11-24
12222,Jennifer Brown,jennifer.brown408@example.com,+1-481-290-5680,25.0,123418.21,Finance,Chicago,2024-07-27
12223,William Miller,william.miller422@example.com,+1-405-278-8663,53.0,64534.52,Product,Seattle,2022-01-17
12224,John Brown,john.brown115@example.com,+1-439-951-4489,33.0,33783.8,Engineering,Chicago,2024-04-28
12225,David Lopez,david.lopez880@example.com,+1-232-194-5300,23.0,148220.79,Sales,Chicago,2022-01-29
12226,Thomas Jones,thomas.jones660@example.com,+1-413-771-1919,32.0,,Marketing,Austin,2022-03-10
12227,Sarah Wilson,sarah.wilson51@example.com,+1-960-394-2360,22.0,115570.01,Marketing,Chicago,2022-12-23
12228,Joseph Wilson,joseph.wilson225@example.com,+1-727-665-8547,37.0,101812.05,Finance,Chicago,2021-09-30
12229,Susan Martinez,susan.martinez100@example.com,+1-248-260-2425,27.0,64779.52,HR,New York,2024-01-05
12230,Richard Johnson,richard.johnson506@example.com,+1-542-726-2117,43.0,100701.88,HR,San Francisco,2022-10-29
12231,Jessica Thomas,jessica.thomas352@example.com,+1-629-957-7081,26.0,,HR,Austin,2020-08-01
12232,Sarah Martin,sarah.martin974@example.com,+1-866-521-4972,42.0,20756.56,Product,San Francisco,2021-01-22
12233,Susan Wilson,susan.wilson567@example.com,+1-247-286-7645,25.0,66805.83,Sales,Austin,2021-04-19
12234,John Martinez,john.martinez737@example.com,+1-645-320-1939,,125599.56,Engineering,New York,2022-12-15
12235,Charles Miller,charles.miller461@example.com,+1-541-552-5304,30.0,125025.51,Finance,San Francisco,2024-06-07
12236,Jessica Moore,jessica.moore639@example.com,+1-336-678-1122,62.0,98184.37,Engineering,New York,2024-11-16
12237,Jennifer Garcia,jennifer.garcia518@example.com,+1-954-256-1871,30.0,90199.28,Product,Austin,2021-03-31
12238,Michael Davis,michael.davis596@example.com,+1-225-106-3638,36.0,146559.16,Sales,New York,2022-06-28
12239,Susan Hernandez,susan.hernandez251@example.com,+1-216-788-8426,40.0,20640.61,Engineering,New York,2022-11-29
12240,Michael Rodriguez,michael.rodriguez955@example.com,+1-322-436-4679,22.0,94188.54,HR,New York,2020-01-07
12241,Jennifer Hernandez,jennifer.hernandez192@example.com,+1-896-664-4811,54.0,63303.45,Product,Boston,2020-07-18
12242,Mary Garcia,mary.garcia995@example.com,+1-560-881-5085,61.0,48201.37,Engineering,San Francisco,2023-11-28
12243,James Taylor,james.taylor461@example.com,+1-715-990-5783,37.0,130123.49,Product,Chicago,2023-11-30
12244,Joseph Garcia,joseph.garcia33@example.com,+1-905-779-3424,36.0,44960.49,Engineering,Chicago,2022-08-27
12245,Linda Garcia,linda.garcia214@example.com,+1-540-131-4114,36.0,137740.45,Marketing,Austin,2023-09-22
12246,Thomas Rodriguez,thomas.rodriguez73@example.com,+1-659-825-2613,45.0,31287.26,Sales,Seattle,2022-09-08
12247,Elizabeth Williams,elizabeth.williams946@example.com,+1-885-186-5490,57.0,113071.74,HR,San Francisco,2021-06-08
12248,Charles Lopez,charles.lopez31@example.com,+1-259-485-7199,61.0,75781.06,Sales,Austin,2023-04-29
12249,Elizabeth Williams,elizabeth.williams359@example.com,+1-800-536-6532,51.0,104063.69,Sales,Austin,2020-05-31
12250,Michael Wilson,michael.wilson483@example.com,+1-817-895-7115,60.0,96441.5,Marketing,San Francisco,2020-09-19
12251,James Wilson,james.wilson52@example.com,+1-317-104-7778,28.0,140474.26,HR,Seattle,2021-06-30
12252,David Lopez,david.lopez956@example.com,+1-580-809-3900,29.0,125936.44,HR,San Francisco,2024-05-28
12253,Robert Lopez,robert.lopez904@example.com,+1-415-930-8268,50.0,147566.69,Product,Chicago,2022-10-31
12254,Jessica Lopez,jessica.lopez579@example.com,+1-220-248-4292,50.0,78086.55,Finance,Seattle,2020-02-27
12255,Sarah Martinez,sarah.martinez351@example.com,+1-366-250-7666,49.0,134866.46,Finance,Seattle,2023-07-19
12256,Susan Jones,susan.jones748@example.com,+1-700-688-8004,48.0,58820.45,Finance,Boston,2021-12-03
12257,Barbara Brown,barbara.brown306@example.com,+1-243-492-6209,48.0,89861.86,Product,Chicago,2020-02-28
12258,Jessica Thomas,jessica.thomas58@example.com,+1-576-131-6605,46.0,27389.47,Marketing,Austin,2021-01-12
12259,Charles Jones,charles.jones694@example.com,+1-396-957-1658,38.0,48919.77,Sales,Chicago,2021-12-18
12260,David Taylor,david.taylor622@example.com,+1-726-227-9401,35.0,55029.78,Sales,Boston,2021-03-22
12261,John Taylor,john.taylor454@example.com,+1-541-320-3552,30.0,44243.96,Marketing,Boston,2023-02-15
12262,Barbara Gonzalez,barbara.gonzalez127@example.com,+1-416-816-3124,58.0,77501.07,Product,San Francisco,2023-02-25
12263,Michael Taylor,michael.taylor862@example.com,+1-946-930-6068,63.0,75257.97,Product,New York,2024-01-18
12264,Susan Jackson,susan.jackson920@example.com,+1-288-850-2896,36.0,120568.1,Engineering,Seattle,2020-05-28
12265,Elizabeth Rodriguez,elizabeth.rodriguez203@example.com,+1-591-542-5996,23.0,25235.42,Product,Austin,2021-11-16
12266,Joseph Taylor,joseph.taylor129@example.com,+1-639-870-9624,34.0,,Sales,Chicago,2021-06-11
12267,James Johnson,james.johnson632@example.com,+1-607-446-2390,42.0,74244.85,Marketing,Boston,2020-06-29
12268,David Martin,david.martin432@example.com,+1-534-122-6992,36.0,11320.49,Engineering,Boston,2023-11-08
12269,Joseph Jackson,joseph.jackson590@example.com,+1-331-867-2545,33.0,23595.99,HR,San Francisco,2020-04-03
12270,Elizabeth Lopez,elizabeth.lopez240@example.com,+1-781-832-8753,37.0,30496.9,HR,New York,2023-03-30
12271,James Brown,james.brown434@example.com,+1-675-659-9580,34.0,64061.87,Product,New York,2024-02-03
12272,Charles Jones,charles.jones865@example.com,+1-655-421-5065,44.0,132053.03,HR,San Francisco,2022-10-14
12273,Robert Taylor,robert.taylor616@example.com,+1-277-753-1989,57.0,124103.84,Marketing,Chicago,2020-01-20
12274,Elizabeth Jones,elizabeth.jones595@example.com,+1-708-726-9614,27.0,130252.82,Engineering,San Francisco,2021-06-05
12275,Michael Hernandez,michael.hernandez631@example.com,+1-696-115-3536,53.0,45416.17,Marketing,Austin,2021-06-22
12276,Richard Garcia,richard.garcia696@example.com,+1-823-711-1958,46.0,,Sales,Boston,2023-11-10
12277,Robert Jones,robert.jones649@example.com,+1-460-702-6890,59.0,54715.29,Finance,Seattle,2024-09-29
12278,Elizabeth Anderson,elizabeth.anderson387@example.com,+1-967-685-4454,54.0,40110.98,Sales,Seattle,2021-01-11
12279,Jennifer Jones,jennifer.jones397@example.com,+1-439-173-7860,25.0,85219.35,Engineering,New York,2020-10-17
12280,Mary Rodriguez,mary.rodriguez45@example.com,+1-300-645-1741,44.0,145516.34,HR,Boston,2021-03-17
12281,Barbara Davis,barbara.davis350@example.com,+1-805-855-3570,30.0,13371.76,Product,Austin,2023-02-28
12282,David Smith,david.smith992@example.com,+1-785-284-5019,64.0,20458.9,Sales,New York,2021-01-18
12283,John Moore,john.moore934@example.com,+1-703-310-8695,61.0,,Product,San Francisco,2024-09-16
12284,Thomas Martinez,thomas.martinez75@example.com,+1-627-951-8881,30.0,116523.69,Sales,New York,2021-08-23
12285,Jessica Hernandez,jessica.hernandez554@example.com,+1-708-792-7327,40.0,24418.05,HR,San Francisco,2023-12-07
12286,Patricia Thomas,patricia.thomas325@example.com,+1-945-893-1718,34.0,82414.66,Marketing,Chicago,2022-12-15
12287,Mary Wilson,mary.wilson983@example.com,+1-229-829-4493,43.0,44426.09,Engineering,New York,2023-06-05
12288,Elizabeth Martinez,elizabeth.martinez764@example.com,+1-974-223-3847,32.0,13152.98,,Seattle,2022-08-21
12289,Patricia Anderson,patricia.anderson131@example.com,+1-417-152-2182,52.0,17760.76,HR,New York,2023-03-28
12290,John Brown,john.brown613@example.com,+1-304-141-4468,22.0,129512.49,Finance,San Francisco,2022-01-28
12291,Charles Martin,charles.martin129@example.com,+1-227-920-7260,38.0,101127.64,Product,San Francisco,2022-02-23
12292,Elizabeth Martinez,elizabeth.martinez419@example.com,+1-532-630-9111,38.0,137789.86,Product,Seattle,2020-07-15
12293,Thomas Jackson,thomas.jackson565@example.com,+1-795-636-3340,33.0,40494.97,Engineering,San Francisco,2020-02-01
12294,Robert Lopez,robert.lopez762@example.com,+1-314-821-6341,34.0,81629.89,Finance,San Francisco,2024-04-24
12295,James Martinez,james.martinez711@example.com,+1-322-800-7395,34.0,52931.32,Finance,Boston,2024-10-03
12296,Charles Hernandez,charles.hernandez670@example.com,+1-334-597-9973,60.0,70441.97,Sales,Boston,2020-01-12
12297,Patricia Thomas,patricia.thomas400@example.com,+1-515-779-8675,56.0,45523.61,Finance,Seattle,2022-11-10
12298,Elizabeth Gonzalez,elizabeth.gonzalez618@example.com,+1-423-191-9471,63.0,44057.89,Product,Chicago,2020-09-04
12299,Barbara Martinez,barbara.martinez595@example.com,+1-591-113-1044,59.0,143342.67,Product,Chicago,2024-06-19
12300,Charles Thomas,charles.thomas237@example.com,+1-682-914-9814,28.0,34932.93,Sales,San Francisco,2023-06-02
12301,Joseph Taylor,joseph.taylor699@example.com,+1-719-282-4138,41.0,71160.62,Marketing,Chicago,2022-07-04
12302,Susan Davis,susan.davis757@example.com,+1-513-419-6490,45.0,,Product,San Francisco,2023-07-10
12303,Mary Smith,mary.smith185@example.com,+1-288-738-9152,60.0,21450.78,HR,Austin,2021-04-19
12304,Richard Williams,richard.williams357@example.com,+1-237-482-7379,25.0,101528.86,Product,Seattle,2021-10-15
12305,William Moore,william.moore197@example.com,+1-652-946-3234,63.0,108517.64,HR,Boston,2020-04-11
12306,David Johnson,david.johnson620@example.com,+1-735-432-2700,51.0,7460.57,HR,Boston,2021-10-29
12307,John Rodriguez,john.rodriguez593@example.com,+1-446-580-7241,30.0,63190.36,Sales,New York,2023-12-18
12308,Jessica Moore,jessica.moore302@example.com,+1-480-296-1026,34.0,63830.81,Engineering,Boston,2022-11-16
12309,Patricia Martinez,patricia.martinez269@example.com,+1-857-162-9022,53.0,118832.89,HR,Chicago,2022-06-26
12310,William Taylor,william.taylor132@example.com,+1-256-259-7880,52.0,76201.85,Sales,San Francisco,2020-10-14
12311,William Taylor,william.taylor887@example.com,+1-588-610-9729,42.0,81276.33,Marketing,New York,2023-09-28
12312,Robert Wilson,robert.wilson115@example.com,+1-446-403-7486,59.0,15494.13,Product,San Francisco,2024-06-16
12313,Mary Gonzalez,mary.gonzalez47@example.com,+1-354-602-1104,41.0,47389.56,Engineering,Chicago,2021-01-04
12314,Robert Hernandez,robert.hernandez940@example.com,+1-811-214-3769,27.0,45661.99,HR,Chicago,2022-09-04
12315,Richard Martinez,richard.martinez565@example.com,+1-424-341-5492,46.0,62812.24,Finance,Seattle,2022-08-23
12316,Robert Miller,robert.miller960@example.com,+1-400-966-9203,61.0,84141.84,Sales,Seattle,2020-04-09
12317,Thomas Smith,thomas.smith770@example.com,+1-374-187-4470,50.0,135864.92,Finance,Austin,2024-10-27
12318,Susan Davis,susan.davis143@example.com,+1-646-217-2619,23.0,42307.42,Product,Boston,2024-04-05
12319,William Lopez,william.lopez21@example.com,+1-289-487-4023,33.0,117986.8,Finance,Seattle,2021-04-01
12320,Linda Davis,linda.davis957@example.com,+1-374-836-1034,50.0,31492.06,Marketing,Chicago,2023-10-12
12321,Susan Williams,susan.williams923@example.com,+1-466-662-9056,44.0,119681.96,Marketing,New York,2022-05-10
12322,John Rodriguez,john.rodriguez795@example.com,+1-755-858-3970,61.0,66356.8,Finance,Austin,2021-08-22
12323,Thomas Jackson,thomas.jackson636@example.com,+1-701-840-3811,32.0,42643.17,Marketing,Austin,2020-02-18
12324,Joseph Williams,joseph.williams935@example.com,+1-415-329-8806,24.0,54914.82,Sales,Boston,2023-08-03
12325,Richard Garcia,richard.garcia516@example.com,+1-316-735-2462,30.0,101642.03,Sales,Austin,2023-03-04
12326,Jennifer Williams,jennifer.williams394@example.com,+1-358-923-3518,41.0,90621.25,Sales,San Francisco,2022-10-13
12327,Richard Wilson,richard.wilson775@example.com,+1-341-776-3564,43.0,43260.41,HR,San Francisco,2020-12-23
12328,Sarah Johnson,sarah.johnson893@example.com,+1-769-606-1244,50.0,60259.48,HR,San Francisco,2022-11-11
12329,Susan Garcia,susan.garcia858@example.com,+1-973-441-8505,53.0,63991.19,Engineering,New York,2022-04-10
12330,Jessica Johnson,jessica.johnson617@example.com,+1-841-720-1984,40.0,82055.29,Sales,New York,2021-08-28
12331,Charles Williams,charles.williams869@example.com,+1-772-137-7533,61.0,92898.08,Engineering,Chicago,2021-08-17
12332,Mary Rodriguez,mary.rodriguez750@example.com,+1-828-425-7762,26.0,42111.15,HR,Chicago,2022-01-15
12333,Jennifer Hernandez,jennifer.hernandez311@example.com,+1-347-320-4769,56.0,147662.25,Marketing,Seattle,2020-10-18
12334,David Anderson,david.anderson143@example.com,+1-548-318-2022,23.0,134990.25,Marketing,New York,2021-06-06
12335,Jessica Smith,jessica.smith509@example.com,+1-657-797-4613,22.0,86955.45,Sales,Chicago,2020-11-17
12336,Mary Thomas,mary.thomas221@example.com,+1-432-258-3619,25.0,5210.3,Product,Chicago,2022-06-29
12337,William Martin,william.martin202@example.com,+1-298-212-9116,33.0,53489.15,HR,Chicago,2022-07-31
12338,Charles Martin,charles.martin532@example.com,+1-977-692-6327,41.0,88767.3,Sales,Boston,2024-05-17
12339,Michael Wilson,michael.wilson471@example.com,+1-567-757-1165,60.0,98379.45,Sales,New York,2021-08-24
12340,Jennifer Smith,jennifer.smith743@example.com,+1-625-346-9839,51.0,13909.95,Sales,New York,2021-05-20
12341,Jessica Garcia,jessica.garcia340@example.com,+1-204-962-6635,29.0,104041.2,Marketing,Chicago,2022-06-19
12342,Jessica Wilson,jessica.wilson161@example.com,+1-562-192-3696,47.0,25734.95,Engineering,Boston,2021-06-24
12343,Linda Thomas,linda.thomas66@example.com,+1-374-313-3074,60.0,102388.34,Marketing,Seattle,2020-09-21
12344,Charles Garcia,charles.garcia248@example.com,+1-526-169-7048,35.0,78425.79,Product,Seattle,2024-08-08
12345,Elizabeth Johnson,elizabeth.johnson345@example.com,+1-203-901-8664,55.0,149728.87,HR,San Francisco,2024-01-24
12346,James Smith,james.smith68@example.com,+1-445-618-2237,53.0,94202.54,Sales,Austin,2020-08-03
12347,Richard Lopez,richard.lopez230@example.com,+1-584-194-2882,57.0,142709.54,Marketing,New York,2021-09-15
12348,William Smith,william.smith498@example.com,+1-414-623-8169,64.0,36100.23,Engineering,Chicago,2021-12-04
12349,Elizabeth Martinez,elizabeth.martinez567@example.com,+1-694-360-2685,,74429.27,Finance,Chicago,2024-06-23
12350,Barbara Hernandez,barbara.hernandez469@example.com,+1-626-937-5852,52.0,66461.66,Marketing,Seattle,2023-11-08
12351,Elizabeth Jones,elizabeth.jones582@example.com,+1-899-568-7662,40.0,102490.86,Marketing,Seattle,2023-03-26
12352,Jessica Williams,jessica.williams243@example.com,+1-878-710-3683,,82982.79,HR,San Francisco,2023-08-10
12353,Elizabeth Garcia,elizabeth.garcia550@example.com,+1-826-593-2057,28.0,74869.79,Finance,Boston,2023-01-14
12354,Sarah Johnson,sarah.johnson637@example.com,+1-932-494-7562,51.0,119689.98,HR,Seattle,2021-07-02
12355,Susan Wilson,susan.wilson379@example.com,+1-430-194-3350,47.0,66461.84,Marketing,Seattle,2022-07-13
12356,John Anderson,john.anderson898@example.com,+1-606-617-2723,,105706.05,Marketing,Boston,2023-09-08
12357,David Gonzalez,david.gonzalez844@example.com,+1-877-962-9087,63.0,93805.46,Finance,Boston,2022-12-02
12358,Linda Williams,linda.williams982@example.com,+1-259-894-7039,35.0,119170.58,Sales,Seattle,2020-01-16
12359,James Jones,james.jones982@example.com,+1-472-566-8076,26.0,100024.13,HR,Austin,2021-02-20
12360,Sarah Williams,sarah.williams155@example.com,+1-266-202-4993,45.0,11680.6,Marketing,San Francisco,2022-01-07
12361,John Lopez,john.lopez805@example.com,+1-672-655-4525,63.0,85737.37,Product,San Francisco,2020-02-07
12362,Elizabeth Gonzalez,elizabeth.gonzalez136@example.com,+1-986-141-5136,60.0,91032.76,HR,Boston,2023-04-19
12363,Jessica Taylor,jessica.taylor155@example.com,+1-497-244-9207,42.0,,HR,Seattle,2020-04-16
12364,Linda Brown,linda.brown994@example.com,+1-898-735-8856,45.0,48648.38,Engineering,Chicago,2020-12-15
12365,John Jones,john.jones307@example.com,+1-524-379-9886,35.0,49925.67,Finance,Chicago,2023-11-12
12366,Elizabeth Thomas,elizabeth.thomas223@example.com,+1-815-460-9925,41.0,26407.86,Finance,Seattle,2024-02-08
12367,Michael Martinez,michael.martinez342@example.com,+1-356-518-2964,31.0,78945.98,Engineering,Austin,2022-01-01
12368,Mary Wilson,mary.wilson376@example.com,+1-354-598-8701,31.0,49001.84,Sales,Austin,2022-11-13
12369,Thomas Lopez,thomas.lopez723@example.com,+1-913-521-7992,47.0,107504.72,Engineering,Seattle,2023-04-16
12370,Michael Lopez,michael.lopez329@example.com,+1-937-757-4340,34.0,145989.11,Finance,Seattle,2023-04-23
12371,William Martinez,william.martinez304@example.com,+1-727-287-4483,33.0,137609.47,Marketing,Chicago,2023-08-17
12372,Michael Smith,michael.smith172@example.com,+1-252-574-5269,25.0,131603.11,HR,Boston,2023-08-24
12373,David Martinez,david.martinez427@example.com,+1-358-697-2837,25.0,81927.85,Product,Austin,2021-11-08
12374,Patricia Garcia,patricia.garcia116@example.com,+1-766-345-7670,22.0,,HR,San Francisco,2024-11-02
12375,Michael Wilson,michael.wilson707@example.com,+1-264-432-3419,36.0,,Product,Boston,2021-11-16
12376,Joseph Miller,joseph.miller334@example.com,+1-726-897-3594,26.0,27657.46,Product,Boston,2024-11-18
12377,Patricia Martin,patricia.martin543@example.com,+1-621-710-9637,22.0,38956.72,Product,San Francisco,2023-02-02
12378,Sarah Thomas,sarah.thomas21@example.com,+1-493-607-4924,62.0,110512.61,HR,Chicago,2020-05-25
12379,Michael Jackson,michael.jackson985@example.com,+1-408-441-1540,40.0,72564.36,Sales,Seattle,2021-11-18
12380,Joseph Lopez,joseph.lopez442@example.com,+1-598-799-7742,36.0,126111.21,Finance,San Francisco,2024-03-22
12381,Linda Moore,linda.moore389@example.com,+1-891-520-4058,48.0,65842.29,Product,Austin,2021-06-16
12382,Robert Martin,robert.martin74@example.com,+1-939-566-4343,39.0,144771.48,Marketing,Seattle,2023-04-11
12383,Robert Davis,robert.davis972@example.com,+1-371-734-1602,53.0,56354.6,HR,New York,2022-09-17
12384,Charles Moore,charles.moore470@example.com,+1-507-772-4166,46.0,,Product,Austin,2021-01-06
12385,Linda Smith,linda.smith543@example.com,+1-566-283-9608,46.0,36156.81,Product,San Francisco,2020-05-12
12386,Elizabeth Martinez,elizabeth.martinez491@example.com,+1-319-772-6980,39.0,36676.37,HR,Austin,2021-01-28
12387,Barbara Gonzalez,barbara.gonzalez348@example.com,+1-608-493-3267,61.0,18226.07,Product,Austin,2023-03-09
12388,Jessica Jackson,jessica.jackson685@example.com,+1-295-127-6349,53.0,144657.84,HR,New York,2021-06-25
12389,Linda Martinez,linda.martinez78@example.com,+1-719-734-5196,22.0,144628.9,Product,Chicago,2020-07-04
12390,Elizabeth Williams,elizabeth.williams392@example.com,+1-385-738-1927,25.0,51167.11,Engineering,New York,2020-11-16
12391,James Jackson,james.jackson633@example.com,+1-865-469-3588,32.0,8088.48,Finance,Boston,2022-07-18
12392,Elizabeth Wilson,elizabeth.wilson680@example.com,+1-904-266-2249,45.0,118103.78,HR,San Francisco,2024-10-22
12393,William Jones,william.jones452@example.com,+1-409-646-2733,64.0,,Engineering,Austin,2021-10-25
12394,Susan Rodriguez,susan.rodriguez508@example.com,+1-710-789-5783,,64756.29,HR,Austin,2022-10-11
12395,Jessica Williams,jessica.williams78@example.com,+1-638-176-8179,60.0,85818.88,Finance,Seattle,2021-02-20
12396,Robert Taylor,robert.taylor385@example.com,+1-726-439-1082,22.0,61131.1,Sales,Seattle,2021-01-23
12397,Sarah Wilson,sarah.wilson748@example.com,+1-930-418-2360,52.0,131545.92,Engineering,Boston,2024-06-16
12398,Elizabeth Davis,elizabeth.davis962@example.com,+1-483-949-3398,38.0,29186.25,Product,Seattle,2023-01-23
12399,Elizabeth Brown,elizabeth.brown812@example.com,+1-266-717-5955,36.0,73361.17,Marketing,San Francisco,2021-07-02
12400,Thomas Jackson,thomas.jackson141@example.com,+1-573-253-2446,59.0,144716.12,Marketing,Boston,2023-02-24
12401,Sarah Taylor,sarah.taylor916@example.com,+1-822-778-6755,33.0,126628.55,Marketing,Austin,2024-03-08
12402,Patricia Wilson,patricia.wilson570@example.com,+1-595-285-6637,44.0,140633.22,Engineering,Chicago,2023-05-12
12403,John Martin,john.martin616@example.com,+1-694-269-7866,22.0,52467.24,HR,San Francisco,2021-03-09
12404,Linda Martinez,linda.martinez996@example.com,+1-723-267-1854,35.0,48053.01,Product,Austin,2020-01-08
12405,Michael Wilson,michael.wilson481@example.com,+1-416-838-7001,26.0,82809.48,Product,Seattle,2023-04-01
12406,John Davis,john.davis508@example.com,+1-630-826-8213,37.0,123529.67,Sales,Austin,2020-05-15
12407,Jessica Gonzalez,jessica.gonzalez183@example.com,+1-836-431-3254,44.0,96410.48,Engineering,Seattle,2020-10-16
12408,Elizabeth Garcia,elizabeth.garcia226@example.com,+1-610-658-1881,61.0,122567.43,Marketing,Seattle,2023-04-30
12409,Charles Jones,charles.jones164@example.com,+1-339-904-1801,51.0,140650.59,Sales,San Francisco,2022-07-06
12410,William Martin,william.martin582@example.com,+1-984-318-5893,62.0,34936.73,Finance,Chicago,2021-02-13
12411,David Anderson,david.anderson673@example.com,+1-332-265-3168,32.0,10124.45,Engineering,San Francisco,2023-08-24
12412,Elizabeth Jones,elizabeth.jones973@example.com,+1-857-225-2643,51.0,112321.86,Product,Seattle,2022-10-27
12413,Patricia Hernandez,patricia.hernandez316@example.com,+1-292-682-6334,46.0,80441.87,Finance,Chicago,2020-06-06
12414,Thomas Martinez,thomas.martinez837@example.com,+1-976-279-7619,36.0,35179.42,Finance,New York,2021-09-29
12415,Patricia Miller,patricia.miller29@example.com,+1-766-857-7857,56.0,83281.57,Finance,Chicago,2022-07-24
12416,Patricia Jones,patricia.jones116@example.com,+1-980-843-4988,58.0,124897.43,Sales,Boston,2020-08-22
12417,Barbara Hernandez,barbara.hernandez867@example.com,+1-563-741-6612,64.0,126833.78,Engineering,Austin,2024-07-10
12418,Susan Jackson,susan.jackson442@example.com,+1-771-206-9308,48.0,30686.93,Sales,Chicago,2022-01-03
12419,William Anderson,william.anderson74@example.com,+1-774-277-7062,29.0,90789.15,Sales,Austin,2022-06-10
12420,Robert Johnson,robert.johnson952@example.com,+1-218-412-7671,48.0,11718.41,Finance,New York,2022-10-07
12421,Richard Wilson,richard.wilson120@example.com,+1-422-485-6384,36.0,66759.24,Engineering,San Francisco,2023-11-11
12422,Elizabeth Miller,elizabeth.miller180@example.com,+1-445-240-1616,58.0,70005.29,Product,New York,2022-07-11
12423,Elizabeth Williams,elizabeth.williams841@example.com,+1-552-470-7062,42.0,91928.93,Sales,Chicago,2024-04-28
12424,Charles Moore,charles.moore404@example.com,+1-226-969-5380,42.0,81003.04,Finance,Boston,2023-05-07
12425,Robert Smith,robert.smith536@example.com,+1-640-616-8059,59.0,92652.3,Engineering,Seattle,2023-04-22
12426,Barbara Brown,barbara.brown657@example.com,+1-327-934-2547,36.0,44258.32,Engineering,New York,2021-05-28
12427,John Johnson,john.johnson457@example.com,+1-537-917-8444,31.0,33956.53,Sales,San Francisco,2022-09-03
12428,Jessica Rodriguez,jessica.rodriguez535@example.com,+1-949-535-5461,38.0,16112.49,Product,Austin,2021-02-09
12429,Jennifer Moore,jennifer.moore624@example.com,+1-463-847-5328,61.0,126289.08,Finance,Boston,2024-08-26
12430,Patricia Johnson,patricia.johnson950@example.com,+1-971-187-4585,22.0,23815.68,Product,New York,2021-11-29
12431,Barbara Garcia,barbara.garcia858@example.com,+1-938-276-5590,56.0,53503.42,Engineering,San Francisco,2022-09-12
12432,James Johnson,james.johnson229@example.com,+1-295-964-3716,36.0,106400.06,Product,Boston,2024-03-13
12433,Richard Jones,richard.jones705@example.com,+1-829-279-7745,45.0,41609.71,Marketing,New York,2024-03-04
12434,Elizabeth Jones,elizabeth.jones980@example.com,+1-946-236-8946,58.0,95586.6,Engineering,San Francisco,2022-10-15
12435,Jessica Rodriguez,jessica.rodriguez77@example.com,+1-789-129-3711,60.0,135124.88,Product,Seattle,2024-08-29
12436,Jennifer Johnson,jennifer.johnson131@example.com,+1-323-552-1265,49.0,81264.24,Engineering,Boston,2022-11-24
12437,Robert Hernandez,robert.hernandez992@example.com,+1-234-458-1799,23.0,36990.47,Engineering,Austin,2024-01-14
12438,Elizabeth Anderson,elizabeth.anderson417@example.com,+1-252-675-3361,58.0,25691.55,HR,Seattle,2022-06-18
12439,David Wilson,david.wilson596@example.com,+1-327-940-9343,31.0,146900.98,Sales,Chicago,2022-07-26
12440,Linda Hernandez,linda.hernandez25@example.com,+1-878-707-9209,46.0,8677.46,Product,Chicago,2022-09-04
12441,Linda Lopez,linda.lopez580@example.com,+1-271-259-3448,35.0,79405.52,Finance,Boston,2024-06-07
12442,Richard Thomas,richard.thomas181@example.com,+1-898-896-5414,39.0,102445.42,HR,San Francisco,2020-09-05
12443,Elizabeth Brown,elizabeth.brown447@example.com,+1-731-882-8300,60.0,88992.69,HR,New York,2023-10-29
12444,Thomas Lopez,thomas.lopez105@example.com,+1-265-620-9421,,23120.45,Product,Austin,2020-09-27
12445,Linda Jackson,linda.jackson794@example.com,+1-596-135-1313,63.0,45617.43,HR,Boston,2024-04-07
12446,Barbara Taylor,barbara.taylor84@example.com,+1-482-807-6654,44.0,29669.4,Engineering,Chicago,2023-03-19
12447,Jennifer Garcia,jennifer.garcia535@example.com,+1-677-282-2579,35.0,100512.3,Sales,San Francisco,2024-10-11
12448,Richard Williams,richard.williams568@example.com,+1-362-215-8570,36.0,106334.5,Finance,Boston,2021-11-12
12449,Charles Rodriguez,charles.rodriguez690@example.com,+1-877-256-6591,29.0,93481.32,HR,New York,2023-04-02
12450,Thomas Moore,thomas.moore311@example.com,+1-671-910-9141,24.0,105242.27,Marketing,Boston,2023-05-20
12451,Robert Taylor,robert.taylor531@example.com,+1-924-460-7377,50.0,67351.71,Engineering,San Francisco,2024-10-23
12452,David Miller,david.miller357@example.com,+1-352-950-4361,53.0,131266.76,Product,Chicago,2022-01-01
12453,David Martinez,david.martinez404@example.com,+1-446-390-2636,44.0,14200.05,HR,Chicago,2023-05-29
12454,Richard Taylor,richard.taylor428@example.com,+1-286-358-3358,23.0,10856.4,Finance,Seattle,2021-05-19
12455,Jessica Smith,jessica.smith304@example.com,+1-251-943-9231,61.0,88703.93,Product,New York,2022-05-27
12456,Linda Rodriguez,linda.rodriguez688@example.com,+1-958-513-7186,31.0,84801.11,Product,Chicago,2021-12-26
12457,David Johnson,david.johnson336@example.com,+1-949-743-6403,41.0,69077.35,Engineering,Boston,2022-12-25
12458,Mary Miller,mary.miller856@example.com,+1-778-808-1807,57.0,55732.88,Product,Chicago,2020-08-06
12459,Elizabeth Martinez,elizabeth.martinez296@example.com,+1-744-398-1741,24.0,47903.83,Product,Boston,2021-03-06
12460,Linda Hernandez,linda.hernandez397@example.com,+1-756-171-2022,41.0,48125.77,Sales,Seattle,2023-01-17
12461,Barbara Lopez,barbara.lopez424@example.com,+1-353-724-6458,59.0,52309.95,Sales,Boston,2022-11-24
12462,Patricia Hernandez,patricia.hernandez110@example.com,+1-560-840-4782,39.0,89857.23,Engineering,San Francisco,2022-03-01
12463,Thomas Garcia,thomas.garcia23@example.com,+1-700-753-8051,,96549.42,Finance,New York,2022-12-04
12464,Patricia Martin,patricia.martin154@example.com,+1-717-181-6869,45.0,65145.54,Marketing,New York,2020-12-08
12465,Susan Brown,susan.brown438@example.com,+1-600-270-9769,25.0,67485.06,Sales,Boston,2020-09-14
12466,John Jackson,john.jackson500@example.com,+1-440-106-3596,46.0,80047.61,Marketing,New York,2023-09-22
12467,Joseph Thomas,joseph.thomas956@example.com,+1-680-922-9715,40.0,78671.68,Finance,New York,2020-08-22
12468,Susan Thomas,susan.thomas311@example.com,+1-386-549-9082,49.0,10228.67,Finance,New York,2022-03-29
12469,Patricia Miller,patricia.miller738@example.com,+1-740-804-9391,48.0,126797.54,Marketing,New York,2024-01-25
12470,Linda Hernandez,linda.hernandez901@example.com,+1-382-115-8663,25.0,110895.11,Engineering,Boston,2024-04-25
12471,William Williams,william.williams665@example.com,+1-299-189-1983,55.0,95947.29,Marketing,Seattle,2020-03-20
12472,Jessica Brown,jessica.brown894@example.com,+1-490-641-2909,39.0,111915.31,Finance,Chicago,2024-08-31
12473,William Wilson,william.wilson670@example.com,+1-575-325-3142,27.0,7096.82,Engineering,Austin,2021-04-03
12474,Charles Williams,charles.williams533@example.com,+1-545-922-9516,40.0,83352.75,Finance,Seattle,2024-08-09
12475,Barbara Jones,barbara.jones750@example.com,+1-715-668-8093,49.0,96756.64,Finance,Seattle,2023-07-28
12476,William Hernandez,william.hernandez30@example.com,+1-838-446-1960,22.0,75067.62,Engineering,San Francisco,2023-01-08
12477,David Davis,david.davis583@example.com,+1-558-132-6719,47.0,36325.83,Marketing,Chicago,2020-10-25
12478,Richard Jones,richard.jones849@example.com,+1-534-601-3779,57.0,45547.52,Marketing,Seattle,2022-12-30
12479,Richard Jackson,richard.jackson382@example.com,+1-485-932-9095,41.0,108419.68,Product,San Francisco,2023-10-07
12480,John Johnson,john.johnson259@example.com,+1-765-109-1677,40.0,139080.19,Sales,New York,2021-01-05
12481,Sarah Martin,sarah.martin711@example.com,+1-340-187-4314,63.0,16345.74,Finance,Boston,2022-08-24
12482,William Martinez,william.martinez695@example.com,+1-312-682-5794,59.0,69415.37,Product,Seattle,2022-11-21
12483,Jessica Martin,jessica.martin219@example.com,+1-921-525-4047,42.0,21100.61,Engineering,Austin,2020-10-25
12484,Sarah Williams,sarah.williams62@example.com,+1-807-915-2627,49.0,64335.19,Product,Austin,2021-02-20
12485,Jennifer Lopez,jennifer.lopez460@example.com,+1-626-489-7477,39.0,100916.49,Finance,New York,2021-11-08
12486,William Garcia,william.garcia527@example.com,+1-832-961-7564,35.0,46499.27,Engineering,Chicago,2021-12-21
12487,David Miller,david.miller978@example.com,+1-734-903-7285,41.0,15126.36,Sales,New York,2021-09-18
12488,Richard Wilson,richard.wilson899@example.com,+1-839-440-1733,46.0,,Marketing,Seattle,2023-09-16
12489,Jennifer Thomas,jennifer.thomas873@example.com,+1-595-714-9679,55.0,103741.73,,New York,2020-10-27
12490,Barbara Taylor,barbara.taylor487@example.com,+1-375-338-9801,48.0,51971.87,HR,Seattle,2020-04-08
12491,Elizabeth Williams,elizabeth.williams737@example.com,+1-726-537-6445,32.0,63980.45,Product,Austin,2020-06-16
12492,John Wilson,john.wilson860@example.com,+1-284-991-5756,30.0,21098.76,Engineering,Chicago,2022-03-22
12493,Jennifer Wilson,jennifer.wilson276@example.com,+1-292-784-8231,59.0,148442.8,Product,Seattle,2024-11-10
12494,John Martinez,john.martinez884@example.com,+1-585-235-1883,64.0,,Product,New York,2022-09-15
12495,Patricia Wilson,patricia.wilson832@example.com,+1-569-442-5030,26.0,,Finance,San Francisco,2020-04-13
12496,Charles Smith,charles.smith182@example.com,+1-615-202-8424,31.0,105018.5,HR,Chicago,2023-11-15
12497,Michael Rodriguez,michael.rodriguez64@example.com,+1-685-342-9601,37.0,92225.28,Marketing,San Francisco,2024-08-06
12498,Mary Wilson,mary.wilson800@example.com,+1-344-221-9218,23.0,49392.27,HR,Boston,2022-12-26
12499,Susan Williams,susan.williams499@example.com,+1-200-108-6999,30.0,130372.78,,Boston,2020-10-28
12500,Susan Jackson,susan.jackson468@example.com,+1-901-430-2293,60.0,77352.42,HR,Seattle,2024-01-31
12501,Joseph Gonzalez,joseph.gonzalez312@example.com,+1-672-890-7078,33.0,,Engineering,Seattle,2022-04-27
12502,David Gonzalez,david.gonzalez111@example.com,+1-824-804-1148,39.0,101251.62,Product,San Francisco,2023-01-12
12503,Jennifer Miller,jennifer.miller95@example.com,+1-283-326-4106,54.0,39647.4,Finance,Chicago,2020-09-26
12504,Patricia Taylor,patricia.taylor819@example.com,+1-228-490-2932,34.0,120471.51,Product,New York,2022-08-05
12505,Robert Hernandez,robert.hernandez458@example.com,+1-465-590-2262,56.0,45631.92,Marketing,New York,2024-01-13
12506,James Thomas,james.thomas79@example.com,+1-832-988-7323,38.0,131840.03,Engineering,Boston,2023-12-18
12507,Jennifer Rodriguez,jennifer.rodriguez46@example.com,+1-716-949-8829,,132570.02,Product,Boston,2024-02-16
12508,Thomas Williams,thomas.williams787@example.com,+1-390-674-6565,42.0,100192.26,Sales,Austin,2022-10-14
12509,Michael Johnson,michael.johnson362@example.com,+1-359-503-6826,25.0,131552.05,Sales,Austin,2023-03-01
12510,Elizabeth Gonzalez,elizabeth.gonzalez20@example.com,+1-380-331-2979,50.0,136631.67,Sales,San Francisco,2020-05-19
12511,Richard Taylor,richard.taylor597@example.com,+1-458-123-9047,57.0,88025.68,Engineering,Chicago,2024-01-19
12512,Jessica Martin,jessica.martin396@example.com,+1-900-798-1437,58.0,126569.7,Sales,Austin,2023-03-15
12513,Richard Brown,richard.brown329@example.com,+1-874-814-4921,48.0,121283.69,Product,San Francisco,2021-01-29
12514,Linda Rodriguez,linda.rodriguez217@example.com,+1-913-173-2108,35.0,147624.81,Engineering,New York,2023-12-20
12515,Robert Davis,robert.davis705@example.com,+1-844-155-5974,29.0,124752.41,Finance,Seattle,2020-11-24
12516,James Miller,james.miller928@example.com,+1-442-603-3821,41.0,48895.7,Engineering,Seattle,2020-11-28
12517,Jessica Hernandez,jessica.hernandez110@example.com,+1-395-901-1207,,101487.38,Engineering,Chicago,2023-03-16
12518,Elizabeth Jones,elizabeth.jones156@example.com,+1-916-606-7247,37.0,14295.66,HR,Boston,2024-03-20
12519,Linda Jones,linda.jones671@example.com,+1-494-819-6500,56.0,23554.41,Product,Seattle,2023-04-18
12520,Patricia Thomas,patricia.thomas276@example.com,+1-793-163-5214,28.0,6835.23,Marketing,New York,2020-10-19
12521,Joseph Gonzalez,joseph.gonzalez496@example.com,+1-714-123-2942,22.0,69536.04,HR,Boston,2023-09-07
12522,Jessica Jones,jessica.jones846@example.com,+1-591-259-1141,34.0,,Engineering,Boston,2024-04-04
12523,Robert Smith,robert.smith965@example.com,+1-870-862-5594,41.0,26572.57,Product,Chicago,2022-10-01
12524,Susan Smith,susan.smith380@example.com,+1-513-127-6349,58.0,,Finance,Boston,2023-06-02
12525,Linda Garcia,linda.garcia402@example.com,+1-217-626-7275,55.0,97721.57,Sales,Boston,2022-02-26
12526,Linda Taylor,linda.taylor868@example.com,+1-311-877-6191,42.0,82217.28,Product,Chicago,2020-10-30
12527,Charles Taylor,charles.taylor897@example.com,+1-531-812-7719,51.0,144753.51,Sales,Seattle,2022-06-24
12528,Jennifer Moore,jennifer.moore77@example.com,+1-691-140-8958,62.0,49190.46,Sales,Boston,2022-08-13
12529,Elizabeth Hernandez,elizabeth.hernandez933@example.com,+1-975-966-9498,56.0,106488.22,Product,Austin,2020-08-17
12530,Elizabeth Thomas,elizabeth.thomas165@example.com,+1-522-728-2214,63.0,135122.53,Finance,Seattle,2024-05-13
12531,Joseph Moore,joseph.moore889@example.com,+1-672-947-5582,64.0,87585.86,Finance,New York,2022-04-14
12532,James Taylor,james.taylor897@example.com,+1-918-481-1542,41.0,81427.84,Engineering,San Francisco,2023-03-25
12533,Elizabeth Moore,elizabeth.moore528@example.com,+1-710-711-7979,58.0,42342.64,Product,San Francisco,2021-03-14
12534,Joseph Taylor,joseph.taylor155@example.com,+1-202-629-5497,61.0,89294.82,Sales,San Francisco,2021-03-03
12535,Robert Gonzalez,robert.gonzalez809@example.com,+1-896-921-9346,44.0,124743.45,Sales,Boston,2022-03-02
12536,Mary Davis,mary.davis507@example.com,+1-618-602-1788,60.0,78833.02,Engineering,Chicago,2023-01-13
12537,Mary Anderson,mary.anderson374@example.com,+1-743-524-1966,35.0,23024.71,Sales,Boston,2021-11-02
12538,Mary Martinez,mary.martinez674@example.com,+1-793-464-8164,45.0,32121.55,Marketing,San Francisco,2020-08-17
12539,Jennifer Anderson,jennifer.anderson631@example.com,+1-342-169-5939,63.0,19911.43,Finance,Austin,2020-10-25
12540,Thomas Anderson,thomas.anderson294@example.com,+1-865-126-4522,24.0,56240.08,HR,Chicago,2023-10-25
12541,Richard Rodriguez,richard.rodriguez553@example.com,+1-861-185-3105,,82131.28,Product,Seattle,2021-01-05
12542,Richard Miller,richard.miller939@example.com,+1-477-439-1605,44.0,65883.52,,New York,2024-08-26
12543,James Garcia,james.garcia270@example.com,+1-446-178-5792,64.0,55098.59,Finance,Boston,2024-10-30
12544,Barbara Miller,barbara.miller255@example.com,+1-356-273-4558,30.0,68046.46,Sales,New York,2020-10-07
12545,Jessica Jackson,jessica.jackson346@example.com,+1-333-943-7914,56.0,138242.62,Sales,Chicago,2021-08-27
12546,William Moore,william.moore243@example.com,+1-777-855-2299,28.0,124313.09,Finance,San Francisco,2020-03-12
12547,Robert Thomas,robert.thomas115@example.com,+1-722-502-5815,53.0,,Marketing,Boston,2022-11-22
12548,Robert Davis,robert.davis606@example.com,+1-566-924-3052,34.0,128480.05,Engineering,Chicago,2023-10-01
12549,Mary Jones,mary.jones760@example.com,+1-680-278-7562,40.0,95951.65,Sales,Boston,2020-08-01
12550,Jennifer Martin,jennifer.martin446@example.com,+1-577-870-7746,43.0,144922.0,Sales,Boston,2022-05-12
12551,Sarah Anderson,sarah.anderson191@example.com,+1-368-302-7849,52.0,105118.19,Engineering,Austin,2021-03-17
12552,Richard Jones,richard.jones434@example.com,+1-484-770-7118,23.0,105739.84,Finance,Chicago,2020-03-31
12553,Linda Thomas,linda.thomas943@example.com,+1-368-644-3671,38.0,27561.18,Engineering,Boston,2024-01-11
12554,James Wilson,james.wilson583@example.com,+1-713-459-4537,45.0,97265.36,Marketing,Chicago,2022-10-20
12555,Robert Gonzalez,robert.gonzalez614@example.com,+1-830-899-1620,61.0,98625.27,Engineering,New York,2022-08-12
12556,Jennifer Wilson,jennifer.wilson677@example.com,+1-443-646-1449,43.0,113266.45,,Austin,2022-12-05
12557,Barbara Martin,barbara.martin176@example.com,+1-575-687-3248,63.0,16536.32,HR,San Francisco,2023-03-23
12558,Linda Garcia,linda.garcia751@example.com,+1-893-535-4212,53.0,104844.72,Engineering,San Francisco,2021-03-17
12559,William Hernandez,william.hernandez957@example.com,+1-469-318-1546,39.0,85893.46,HR,Chicago,2023-09-13
12560,Richard Wilson,richard.wilson946@example.com,+1-784-638-9075,63.0,62240.34,Engineering,Chicago,2021-12-05
12561,Linda Davis,linda.davis679@example.com,+1-841-181-7830,53.0,117628.37,Product,New York,2020-12-10
12562,Jessica Williams,jessica.williams295@example.com,+1-254-675-1557,48.0,31567.75,HR,Chicago,2021-03-23
12563,Patricia Martinez,patricia.martinez244@example.com,+1-301-863-9169,33.0,124962.41,Engineering,Boston,2021-07-26
12564,Barbara Garcia,barbara.garcia179@example.com,+1-318-141-7153,41.0,38949.6,Engineering,Seattle,2023-05-18
12565,Sarah Jones,sarah.jones139@example.com,+1-844-710-4743,40.0,10001.01,HR,Boston,2023-01-11
12566,Joseph Smith,joseph.smith949@example.com,+1-481-800-8767,44.0,36534.93,HR,Chicago,2024-04-15
12567,Susan Davis,susan.davis54@example.com,+1-692-415-7466,36.0,74674.38,Marketing,Boston,2021-07-09
12568,Mary Miller,mary.miller793@example.com,+1-671-449-4823,22.0,113184.85,Sales,Chicago,2024-09-20
12569,Michael Moore,michael.moore84@example.com,+1-337-578-7696,35.0,46374.08,Product,Chicago,2024-03-31
12570,Mary Moore,mary.moore464@example.com,+1-504-201-8721,28.0,33090.88,Marketing,New York,2021-07-25
12571,Jessica Anderson,jessica.anderson683@example.com,+1-698-254-5325,51.0,52359.63,Marketing,Austin,2022-12-13
12572,Jennifer Davis,jennifer.davis453@example.com,+1-337-877-1925,31.0,99692.1,Engineering,Seattle,2024-09-16
12573,Elizabeth Taylor,elizabeth.taylor929@example.com,+1-323-167-5570,59.0,64864.61,Engineering,San Francisco,2021-06-04
12574,Elizabeth Martinez,elizabeth.martinez575@example.com,+1-626-542-1600,52.0,59023.62,Marketing,Austin,2023-09-02
12575,Robert Jackson,robert.jackson740@example.com,+1-754-287-1025,32.0,127914.93,Engineering,Chicago,2022-06-01
12576,Linda Jones,linda.jones18@example.com,+1-830-149-6641,31.0,66792.96,Engineering,Boston,2021-12-02
12577,Susan Hernandez,susan.hernandez126@example.com,+1-438-982-7900,41.0,16424.0,Sales,Chicago,2024-06-23
12578,Sarah Martin,sarah.martin368@example.com,+1-808-833-9198,51.0,10700.51,Marketing,New York,2021-07-23
12579,Robert Davis,robert.davis803@example.com,+1-540-428-5496,58.0,99091.15,Engineering,Austin,2020-04-28
12580,Elizabeth Smith,elizabeth.smith183@example.com,+1-594-778-9721,48.0,114720.48,HR,Chicago,2020-06-04
12581,Richard Taylor,richard.taylor193@example.com,+1-779-904-9017,52.0,144067.95,Engineering,New York,2023-10-03
12582,Jessica Jones,jessica.jones272@example.com,+1-342-806-9485,47.0,54571.8,Marketing,Seattle,2021-02-20
12583,Mary Rodriguez,mary.rodriguez540@example.com,+1-365-124-7054,25.0,134415.19,Engineering,San Francisco,2021-01-03
12584,Sarah Martin,sarah.martin162@example.com,+1-401-420-5559,32.0,132618.67,,Chicago,2024-02-01
12585,James Martin,james.martin749@example.com,+1-741-605-8865,36.0,10458.53,Sales,San Francisco,2021-02-08
12586,Elizabeth Johnson,elizabeth.johnson602@example.com,+1-385-937-7222,38.0,,Engineering,Seattle,2022-01-25
12587,Elizabeth Martin,elizabeth.martin362@example.com,+1-887-778-9574,27.0,118972.15,Product,Austin,2023-01-11
12588,Charles Williams,charles.williams637@example.com,+1-522-279-1773,31.0,149007.77,Finance,Boston,2024-03-27
12589,Elizabeth Jones,elizabeth.jones262@example.com,+1-498-833-1973,31.0,70976.71,Finance,Chicago,2022-11-17
12590,Elizabeth Rodriguez,elizabeth.rodriguez358@example.com,+1-835-544-1438,58.0,119533.73,Marketing,Seattle,2023-07-13
12591,Jennifer Martinez,jennifer.martinez312@example.com,+1-414-127-7924,46.0,36481.68,Engineering,San Francisco,2022-11-25
12592,Joseph Lopez,joseph.lopez380@example.com,+1-626-196-7840,61.0,45185.71,HR,Seattle,2023-12-26
12593,Michael Rodriguez,michael.rodriguez390@example.com,+1-921-428-8416,29.0,125472.57,Product,San Francisco,2021-04-05
12594,Joseph Thomas,joseph.thomas630@example.com,+1-495-501-6554,63.0,5628.59,Product,Chicago,2020-03-16
12595,Michael Hernandez,michael.hernandez670@example.com,+1-990-589-7374,37.0,133546.65,Marketing,New York,2024-07-01
12596,Mary Lopez,mary.lopez98@example.com,+1-425-242-5149,25.0,63343.36,Finance,San Francisco,2023-12-24
12597,Barbara Thomas,barbara.thomas146@example.com,+1-607-378-2468,58.0,47600.25,Sales,Seattle,2020-05-06
12598,Thomas Rodriguez,thomas.rodriguez781@example.com,+1-218-524-3105,60.0,46221.19,,Seattle,2024-08-10
12599,Mary Anderson,mary.anderson743@example.com,+1-350-885-9628,43.0,70893.06,Marketing,Austin,2024-11-03
12600,Linda Hernandez,linda.hernandez236@example.com,+1-952-686-7160,57.0,70951.64,Product,Chicago,2023-11-11
12601,Richard Moore,richard.moore799@example.com,+1-763-280-9734,28.0,40522.13,Product,San Francisco,2024-04-15
12602,Charles Rodriguez,charles.rodriguez439@example.com,+1-538-283-5151,40.0,68554.06,HR,Chicago,2024-10-15
12603,Susan Rodriguez,susan.rodriguez754@example.com,+1-774-987-5342,24.0,112252.33,Engineering,Boston,2022-10-12
12604,Linda Rodriguez,linda.rodriguez894@example.com,+1-546-693-4395,61.0,126462.14,HR,Boston,2020-08-27
12605,Richard Davis,richard.davis671@example.com,+1-974-123-9892,26.0,42254.11,Product,San Francisco,2021-10-11
12606,Patricia Johnson,patricia.johnson982@example.com,+1-366-820-6164,31.0,37457.41,Engineering,Chicago,2021-02-03
12607,William Garcia,william.garcia563@example.com,+1-640-455-3966,33.0,67989.48,HR,Seattle,2022-09-18
12608,James Brown,james.brown822@example.com,+1-765-977-6313,29.0,76241.42,Sales,Seattle,2022-05-30
12609,Elizabeth Davis,elizabeth.davis441@example.com,+1-607-164-8824,59.0,115322.07,Finance,Boston,2021-01-18
12610,Linda Brown,linda.brown214@example.com,+1-427-339-7521,41.0,52947.19,HR,New York,2020-06-19
12611,Patricia Martin,patricia.martin138@example.com,+1-603-319-5567,49.0,112444.02,Product,Seattle,2020-04-03
12612,John Brown,john.brown858@example.com,+1-738-344-2598,43.0,142292.6,Engineering,Boston,2023-12-13
12613,Richard Wilson,richard.wilson984@example.com,+1-289-467-1550,62.0,68443.49,Marketing,Seattle,2023-12-02
12614,Barbara Smith,barbara.smith88@example.com,+1-264-282-6185,24.0,64715.48,Product,Chicago,2020-08-23
12615,Sarah Williams,sarah.williams430@example.com,+1-307-623-4577,41.0,77912.3,Product,Seattle,2020-11-17
12616,Sarah Jones,sarah.jones695@example.com,+1-880-549-2284,24.0,26493.75,Engineering,San Francisco,2021-09-28
12617,Sarah Wilson,sarah.wilson505@example.com,+1-716-861-3415,48.0,,Finance,Austin,2021-04-25
12618,John Garcia,john.garcia470@example.com,+1-504-754-1180,51.0,68666.6,Marketing,Austin,2022-01-01
12619,Barbara Gonzalez,barbara.gonzalez50@example.com,+1-608-661-2346,43.0,98835.69,Product,Austin,2021-01-10
12620,Susan Martin,susan.martin481@example.com,+1-948-514-9691,64.0,16268.31,Finance,Chicago,2024-07-23
12621,Susan Martin,susan.martin466@example.com,+1-333-797-7460,62.0,39997.32,Marketing,Chicago,2021-04-14
12622,Susan Anderson,susan.anderson133@example.com,+1-781-337-3122,31.0,65509.36,Marketing,San Francisco,2024-08-05
12623,Joseph Brown,joseph.brown571@example.com,+1-916-665-1992,53.0,107390.93,Marketing,New York,2021-11-03
12624,Sarah Gonzalez,sarah.gonzalez850@example.com,+1-791-831-7055,57.0,126635.31,HR,Boston,2023-10-23
12625,Patricia Smith,patricia.smith312@example.com,+1-915-248-2224,60.0,110006.31,HR,San Francisco,2022-10-11
12626,Mary Martinez,mary.martinez709@example.com,+1-730-754-4686,45.0,74900.93,HR,San Francisco,2023-04-15
12627,Mary Anderson,mary.anderson518@example.com,+1-771-467-5650,50.0,52910.6,Finance,Boston,2022-12-22
12628,Elizabeth Johnson,elizabeth.johnson599@example.com,+1-958-572-5412,62.0,54665.52,HR,San Francisco,2020-09-19
12629,Jennifer Lopez,jennifer.lopez56@example.com,+1-257-123-2313,,35165.32,HR,Seattle,2024-06-21
12630,Barbara Brown,barbara.brown319@example.com,+1-946-266-8989,64.0,143001.81,Sales,Austin,2021-12-25
12631,Mary Johnson,mary.johnson642@example.com,+1-720-438-2358,42.0,18605.19,Engineering,San Francisco,2021-04-25
12632,Joseph Taylor,joseph.taylor914@example.com,+1-777-926-5307,64.0,7087.82,Marketing,Seattle,2021-07-24
12633,Mary Johnson,mary.johnson690@example.com,+1-413-350-3366,42.0,95009.89,Engineering,San Francisco,2020-03-19
12634,Michael Davis,michael.davis583@example.com,+1-753-123-6580,34.0,35781.56,Marketing,Chicago,2023-07-25
12635,William Rodriguez,william.rodriguez783@example.com,+1-945-469-3698,45.0,,Product,Austin,2024-11-09
12636,Linda Taylor,linda.taylor952@example.com,+1-847-372-3147,48.0,120005.69,Sales,Seattle,2022-05-31
12637,Charles Taylor,charles.taylor347@example.com,+1-499-700-2011,46.0,56753.02,Finance,Boston,2020-06-22
12638,Elizabeth Wilson,elizabeth.wilson450@example.com,+1-400-675-3462,25.0,90787.21,Sales,Chicago,2021-05-07
12639,John Taylor,john.taylor11@example.com,+1-487-970-8604,43.0,25768.0,Product,Chicago,2021-10-14
12640,James Johnson,james.johnson175@example.com,+1-325-256-8740,53.0,35967.8,Finance,Chicago,2024-03-27
12641,Michael Johnson,michael.johnson308@example.com,+1-296-376-6404,53.0,36343.91,Finance,Seattle,2024-07-06
12642,Elizabeth Wilson,elizabeth.wilson55@example.com,+1-393-617-4641,62.0,132452.99,Finance,Austin,2020-08-26
12643,Sarah Anderson,sarah.anderson470@example.com,+1-572-890-7797,24.0,53610.95,Sales,New York,2023-01-24
12644,James Martinez,james.martinez48@example.com,+1-657-911-5968,51.0,13300.1,HR,Seattle,2023-11-04
12645,Joseph Moore,joseph.moore271@example.com,+1-777-424-1370,60.0,68115.37,Finance,Chicago,2024-02-04
12646,Joseph Lopez,joseph.lopez669@example.com,+1-843-797-1972,62.0,109018.78,Engineering,New York,2023-08-25
12647,Michael Davis,michael.davis208@example.com,+1-882-359-1123,28.0,113662.83,Marketing,Chicago,2022-11-30
12648,Sarah Thomas,sarah.thomas288@example.com,+1-579-264-9156,55.0,84572.01,Finance,New York,2020-06-21
12649,Joseph Hernandez,joseph.hernandez674@example.com,+1-354-751-2686,38.0,53017.81,Finance,Chicago,2023-09-01
12650,Susan Johnson,susan.johnson290@example.com,+1-521-405-5932,35.0,126576.68,Product,Seattle,2020-09-21
12651,Richard Moore,richard.moore128@example.com,+1-425-273-7272,36.0,,Product,San Francisco,2022-10-05
12652,Patricia Garcia,patricia.garcia98@example.com,+1-343-759-7958,54.0,30857.6,Marketing,New York,2020-06-16
12653,Elizabeth Jackson,elizabeth.jackson218@example.com,+1-442-353-6201,48.0,114689.68,Engineering,Chicago,2024-06-04
12654,James Lopez,james.lopez732@example.com,+1-528-595-5924,28.0,86057.94,HR,Seattle,2022-04-10
12655,Robert Davis,robert.davis572@example.com,+1-572-321-4951,40.0,123449.93,Product,Boston,2023-08-05
12656,Robert Gonzalez,robert.gonzalez510@example.com,+1-225-633-1860,33.0,123261.92,Marketing,Seattle,2022-04-20
12657,Patricia Davis,patricia.davis212@example.com,+1-645-617-9323,48.0,41323.42,Finance,San Francisco,2021-05-16
12658,John Taylor,john.taylor460@example.com,+1-530-809-3389,22.0,100788.06,Marketing,Austin,2021-04-06
12659,Susan Jackson,susan.jackson302@example.com,+1-648-162-8697,63.0,25475.49,Finance,Seattle,2024-07-14
12660,Jennifer Thomas,jennifer.thomas757@example.com,+1-608-539-6577,58.0,112257.07,HR,New York,2024-06-12
12661,Robert Hernandez,robert.hernandez538@example.com,+1-675-550-8480,55.0,11158.03,Sales,San Francisco,2023-10-04
12662,Thomas Gonzalez,thomas.gonzalez821@example.com,+1-681-725-7957,52.0,47931.18,Sales,Austin,2022-12-16
12663,James Thomas,james.thomas675@example.com,+1-542-317-6708,44.0,73031.32,,Seattle,2023-08-31
12664,Joseph Garcia,joseph.garcia340@example.com,+1-393-829-8358,55.0,144443.28,Finance,San Francisco,2021-06-01
12665,Charles Jones,charles.jones480@example.com,+1-691-399-6325,43.0,72372.85,Marketing,Seattle,2024-09-02
12666,Jennifer Garcia,jennifer.garcia457@example.com,+1-331-462-2719,39.0,124903.45,Finance,Chicago,2022-07-16
12667,Barbara Martin,barbara.martin989@example.com,+1-209-238-5262,40.0,126724.22,Marketing,Chicago,2020-03-10
12668,Linda Johnson,linda.johnson45@example.com,+1-829-354-6057,36.0,108111.76,Finance,Boston,2024-11-26
12669,Barbara Jones,barbara.jones801@example.com,+1-993-485-3989,55.0,15082.63,Sales,Austin,2021-10-16
12670,Jennifer Jackson,jennifer.jackson826@example.com,+1-695-760-7375,45.0,131841.84,HR,Austin,2024-10-28
12671,Jessica Taylor,jessica.taylor977@example.com,+1-449-611-7282,51.0,65710.42,Product,San Francisco,2020-01-12
12672,Joseph Hernandez,joseph.hernandez597@example.com,+1-987-546-6839,46.0,86385.69,Engineering,San Francisco,2020-08-30
12673,Michael Smith,michael.smith645@example.com,+1-996-252-7183,47.0,62820.98,Finance,Chicago,2020-01-01
12674,John Martin,john.martin987@example.com,+1-623-351-6853,59.0,120377.91,Finance,New York,2023-06-09
12675,Sarah Jackson,sarah.jackson326@example.com,+1-596-224-8247,36.0,107455.56,Product,New York,2022-10-23
12676,Michael Hernandez,michael.hernandez19@example.com,+1-714-630-5225,38.0,46829.75,Finance,New York,2024-07-31
12677,Elizabeth Martinez,elizabeth.martinez409@example.com,+1-555-198-9299,22.0,149374.34,Engineering,San Francisco,2022-01-18
12678,Jennifer Rodriguez,jennifer.rodriguez851@example.com,+1-528-628-5010,41.0,95693.18,Sales,Boston,2021-04-02
12679,Barbara Martin,barbara.martin790@example.com,+1-587-911-8037,36.0,134406.19,Engineering,Chicago,2021-03-25
12680,James Martin,james.martin890@example.com,+1-433-165-1229,47.0,10669.85,Sales,Austin,2021-10-20
12681,Richard Gonzalez,richard.gonzalez777@example.com,+1-654-140-7040,46.0,39621.13,Product,Boston,2024-10-13
12682,James Rodriguez,james.rodriguez550@example.com,+1-580-343-9374,53.0,67233.43,HR,Chicago,2021-01-02
12683,Jessica Rodriguez,jessica.rodriguez874@example.com,+1-542-838-7867,54.0,84103.39,Product,Boston,2024-05-09
12684,Sarah Miller,sarah.miller409@example.com,+1-251-954-1468,22.0,123260.29,Marketing,Boston,2024-02-18
12685,Jessica Gonzalez,jessica.gonzalez821@example.com,+1-505-191-1457,35.0,42898.23,Sales,Austin,2022-12-09
12686,John Smith,john.smith778@example.com,+1-653-470-3231,25.0,86870.79,Engineering,Seattle,2022-04-04
12687,Michael Miller,michael.miller528@example.com,+1-341-224-1089,39.0,43737.58,Sales,Austin,2023-04-24
12688,Susan Williams,susan.williams158@example.com,+1-822-631-2425,32.0,69114.99,Product,Seattle,2020-11-11
12689,Patricia Johnson,patricia.johnson821@example.com,+1-289-640-6851,29.0,113189.78,Product,Boston,2021-11-17
12690,Susan Brown,susan.brown451@example.com,+1-624-973-4716,31.0,6156.54,Marketing,Boston,2023-04-29
12691,Thomas Rodriguez,thomas.rodriguez965@example.com,+1-399-895-4450,,11395.97,Marketing,Chicago,2024-04-16
12692,Susan Wilson,susan.wilson340@example.com,+1-772-363-1267,23.0,98484.91,Sales,Boston,2021-12-19
12693,Robert Garcia,robert.garcia576@example.com,+1-616-892-5886,29.0,39600.76,Engineering,New York,2023-01-03
12694,John Martinez,john.martinez892@example.com,+1-985-634-8577,56.0,146942.58,Product,Austin,2023-02-03
12695,Jennifer Moore,jennifer.moore345@example.com,+1-410-499-5804,48.0,126126.24,Sales,San Francisco,2023-05-16
12696,Sarah Jackson,sarah.jackson742@example.com,+1-996-245-8236,33.0,105202.34,Finance,New York,2021-08-30
12697,Elizabeth Moore,elizabeth.moore273@example.com,+1-743-567-4006,34.0,122739.53,Marketing,Austin,2021-11-09
12698,Mary Miller,mary.miller843@example.com,+1-558-913-5494,37.0,30181.62,Finance,Austin,2024-02-04
12699,Jessica Martinez,jessica.martinez880@example.com,+1-947-655-2017,22.0,45990.08,Finance,Boston,2022-03-29
12700,Barbara Martinez,barbara.martinez865@example.com,+1-441-452-4319,55.0,26856.65,HR,Seattle,2024-08-24
12701,Jessica Jones,jessica.jones852@example.com,+1-244-518-1722,32.0,90633.54,Marketing,San Francisco,2021-09-21
12702,Joseph Thomas,joseph.thomas214@example.com,+1-446-148-1768,48.0,77738.83,Product,Chicago,2022-09-23
12703,Joseph Hernandez,joseph.hernandez887@example.com,+1-845-493-7253,47.0,58083.3,Sales,Austin,2021-07-25
12704,Susan Brown,susan.brown753@example.com,+1-864-944-2992,49.0,129475.21,Product,New York,2022-11-19
12705,James Hernandez,james.hernandez636@example.com,+1-652-930-2552,58.0,102652.87,Finance,Austin,2021-10-10
12706,David Smith,david.smith570@example.com,+1-321-425-8695,34.0,115266.23,Marketing,San Francisco,2020-09-08
12707,Thomas Anderson,thomas.anderson510@example.com,+1-624-474-6906,60.0,37709.14,Engineering,San Francisco,2022-09-13
12708,John Johnson,john.johnson634@example.com,+1-336-928-4942,49.0,118951.39,Engineering,Austin,2023-03-04
12709,Richard Williams,richard.williams683@example.com,+1-624-514-6286,35.0,73297.74,HR,New York,2020-06-28
12710,David Jackson,david.jackson111@example.com,+1-667-382-4100,39.0,25471.17,Finance,Seattle,2021-11-17
12711,Thomas Anderson,thomas.anderson27@example.com,+1-749-475-6720,41.0,128172.86,HR,New York,2023-02-01
12712,John Jackson,john.jackson19@example.com,+1-288-529-4198,64.0,93752.7,Marketing,Boston,2020-11-09
12713,Patricia Williams,patricia.williams203@example.com,+1-511-821-8496,49.0,59875.12,Finance,Chicago,2024-03-22
12714,Susan Wilson,susan.wilson622@example.com,+1-830-278-8811,43.0,131353.55,Engineering,Chicago,2023-03-13
12715,Richard Jones,richard.jones900@example.com,+1-838-266-5090,41.0,110459.5,Product,San Francisco,2023-09-05
12716,Susan Thomas,susan.thomas902@example.com,+1-260-308-1165,36.0,97762.86,HR,Boston,2024-04-14
12717,Jennifer Martinez,jennifer.martinez422@example.com,+1-918-192-9325,33.0,26053.51,Product,Boston,2022-10-14
12718,Michael Wilson,michael.wilson233@example.com,+1-367-206-2403,45.0,84351.27,Marketing,Boston,2021-01-04
12719,William Davis,william.davis820@example.com,+1-685-609-7885,47.0,16165.51,Product,Austin,2020-12-14
12720,Thomas Thomas,thomas.thomas835@example.com,+1-285-843-3558,64.0,89488.29,Sales,Boston,2021-06-25
12721,Robert Rodriguez,robert.rodriguez78@example.com,+1-953-251-3141,36.0,135521.59,Sales,Boston,2020-08-16
12722,William Gonzalez,william.gonzalez287@example.com,+1-276-735-7683,35.0,30702.45,Sales,Chicago,2020-01-12
12723,Barbara Smith,barbara.smith115@example.com,+1-965-526-8099,41.0,110892.08,Engineering,Seattle,2020-07-21
12724,Susan Martinez,susan.martinez783@example.com,+1-219-539-6363,32.0,101844.42,Sales,Boston,2020-08-07
12725,James Hernandez,james.hernandez350@example.com,+1-910-233-4249,,65128.14,Finance,Austin,2024-01-06
12726,Joseph Gonzalez,joseph.gonzalez897@example.com,+1-468-792-4636,58.0,118708.53,Marketing,Boston,2020-07-07
12727,Jennifer Thomas,jennifer.thomas968@example.com,+1-293-935-8718,37.0,79990.72,Finance,San Francisco,2021-07-20
12728,James Garcia,james.garcia581@example.com,+1-275-702-4469,36.0,36913.04,Sales,New York,2022-07-31
12729,Robert Thomas,robert.thomas402@example.com,+1-509-591-1759,22.0,72114.23,HR,Chicago,2024-08-01
12730,Linda Davis,linda.davis532@example.com,+1-224-907-7739,63.0,138547.76,Marketing,Seattle,2023-09-15
12731,Thomas Davis,thomas.davis232@example.com,+1-668-377-3237,40.0,65082.12,Marketing,Chicago,2023-04-28
12732,Elizabeth Smith,elizabeth.smith251@example.com,+1-361-975-2362,44.0,125133.25,,San Francisco,2021-01-26
12733,Joseph Anderson,joseph.anderson933@example.com,+1-363-205-6351,53.0,66073.96,Finance,New York,2024-08-29
12734,Sarah Williams,sarah.williams832@example.com,+1-756-844-6352,43.0,50181.36,Product,Seattle,2021-08-25
12735,Thomas Miller,thomas.miller303@example.com,+1-899-919-6020,61.0,111866.69,Sales,New York,2020-08-11
12736,Jessica Garcia,jessica.garcia738@example.com,+1-233-487-2732,35.0,23345.71,Product,Boston,2021-02-08
12737,Jennifer Rodriguez,jennifer.rodriguez746@example.com,+1-710-697-3774,57.0,127065.85,Finance,Austin,2024-05-23
12738,Elizabeth Martin,elizabeth.martin640@example.com,+1-907-602-9189,22.0,147900.18,Marketing,Boston,2021-10-23
12739,Elizabeth Rodriguez,elizabeth.rodriguez321@example.com,+1-795-965-8856,51.0,109440.91,Marketing,Seattle,2024-07-19
12740,Linda Anderson,linda.anderson817@example.com,+1-242-979-6561,24.0,17885.77,Marketing,Boston,2024-08-29
12741,Barbara Brown,barbara.brown18@example.com,+1-942-252-3478,56.0,54840.08,Marketing,Seattle,2021-04-16
12742,Barbara Hernandez,barbara.hernandez695@example.com,+1-879-950-1470,31.0,100178.12,Sales,San Francisco,2023-02-12
12743,Elizabeth Wilson,elizabeth.wilson593@example.com,+1-933-441-6479,34.0,118321.59,Product,Chicago,2023-09-15
12744,David Davis,david.davis911@example.com,+1-472-519-4141,31.0,56777.98,Finance,Austin,2024-09-30
12745,David Williams,david.williams39@example.com,+1-306-777-9581,56.0,8170.22,Marketing,Austin,2023-06-30
12746,Susan Williams,susan.williams593@example.com,+1-911-784-6408,63.0,104993.6,Finance,New York,2022-11-11
12747,James Jones,james.jones539@example.com,+1-262-529-4206,50.0,22705.4,Sales,Boston,2022-10-03
12748,Thomas Hernandez,thomas.hernandez324@example.com,+1-205-977-2279,61.0,149434.22,HR,New York,2022-04-17
12749,Robert Jones,robert.jones186@example.com,+1-486-847-5038,36.0,87452.56,Finance,Chicago,2024-01-23
12750,Jennifer Gonzalez,jennifer.gonzalez214@example.com,+1-731-199-9016,56.0,14550.57,HR,San Francisco,2023-07-28
12751,Jessica Smith,jessica.smith511@example.com,+1-878-301-7757,28.0,102714.39,Engineering,New York,2020-12-10
12752,John Thomas,john.thomas921@example.com,+1-742-947-4616,42.0,51450.93,Product,Boston,2022-10-20
12753,Jessica Wilson,jessica.wilson729@example.com,+1-525-421-3666,31.0,72406.2,Engineering,New York,2023-10-20
12754,John Martinez,john.martinez897@example.com,+1-532-712-5012,22.0,147493.67,Marketing,San Francisco,2024-09-26
12755,Sarah Jackson,sarah.jackson807@example.com,+1-269-170-6742,,105549.85,Product,Austin,2024-02-12
12756,Susan Thomas,susan.thomas896@example.com,+1-406-460-8603,23.0,87891.32,Sales,Chicago,2020-04-15
12757,Jennifer Anderson,jennifer.anderson189@example.com,+1-709-576-5769,37.0,68667.12,HR,Seattle,2024-08-18
12758,Charles Lopez,charles.lopez39@example.com,+1-273-271-9052,48.0,108660.57,Sales,San Francisco,2021-09-30
12759,Charles Davis,charles.davis193@example.com,+1-513-440-5322,,74620.53,Engineering,Austin,2023-12-02
12760,Barbara Williams,barbara.williams755@example.com,+1-980-136-9112,32.0,85480.37,Engineering,Seattle,2020-05-18
12761,Robert Brown,robert.brown577@example.com,+1-966-833-6991,56.0,49858.99,Finance,New York,2024-03-12
12762,Linda Jackson,linda.jackson169@example.com,+1-857-669-5174,45.0,29557.73,Finance,Boston,2020-12-17
12763,William Johnson,william.johnson400@example.com,+1-584-919-7241,47.0,80907.27,HR,Boston,2020-12-05
12764,Jessica Garcia,jessica.garcia450@example.com,+1-917-279-9432,39.0,72414.07,Engineering,Austin,2022-10-13
12765,Jennifer Williams,jennifer.williams754@example.com,+1-626-552-4262,35.0,48968.1,Marketing,Chicago,2024-09-10
12766,Charles Martin,charles.martin927@example.com,+1-998-460-5803,24.0,120549.48,Sales,Chicago,2020-02-28
12767,Joseph Miller,joseph.miller440@example.com,+1-827-295-9545,63.0,96610.37,Sales,Chicago,2020-08-17
12768,Barbara Wilson,barbara.wilson743@example.com,+1-758-749-2984,45.0,131157.07,Sales,Boston,2023-07-28
12769,Sarah Wilson,sarah.wilson251@example.com,+1-505-283-4575,,10682.46,Sales,San Francisco,2023-11-16
12770,Linda Smith,linda.smith980@example.com,+1-538-814-1003,44.0,51947.46,Sales,San Francisco,2022-06-19
12771,Elizabeth Davis,elizabeth.davis864@example.com,+1-926-101-9340,,13870.82,HR,San Francisco,2024-08-29
12772,James Martinez,james.martinez787@example.com,+1-915-806-5462,30.0,38454.54,Product,San Francisco,2022-12-02
12773,Jennifer Taylor,jennifer.taylor57@example.com,+1-859-376-3848,61.0,12388.71,Engineering,San Francisco,2021-05-18
12774,Jennifer Thomas,jennifer.thomas188@example.com,+1-679-258-9946,53.0,64188.69,Marketing,New York,2023-07-25
12775,Susan Thomas,susan.thomas939@example.com,+1-925-468-2238,26.0,40975.67,Finance,San Francisco,2021-01-14
12776,Barbara Rodriguez,barbara.rodriguez109@example.com,+1-993-174-8604,59.0,90506.1,Sales,New York,2020-03-15
12777,Jessica Lopez,jessica.lopez912@example.com,+1-558-652-8832,41.0,70194.84,Engineering,Seattle,2024-07-23
12778,James Jones,james.jones871@example.com,+1-693-588-3784,59.0,140842.61,Product,San Francisco,2020-03-04
12779,Mary Johnson,mary.johnson929@example.com,+1-713-235-7552,51.0,52350.88,,New York,2020-01-07
12780,Mary Williams,mary.williams875@example.com,+1-477-547-2428,33.0,12400.51,Product,Austin,2022-06-08
12781,Richard Wilson,richard.wilson758@example.com,+1-415-531-6440,51.0,32006.47,Engineering,Seattle,2021-03-27
12782,Joseph Jones,joseph.jones979@example.com,+1-967-382-5009,33.0,53732.79,Finance,Seattle,2022-05-26
12783,Mary Jackson,mary.jackson146@example.com,+1-568-621-4507,51.0,31062.76,Engineering,New York,2024-06-19
12784,Charles Wilson,charles.wilson381@example.com,+1-337-436-9932,43.0,35335.08,Engineering,Austin,2021-06-13
12785,Joseph Williams,joseph.williams675@example.com,+1-560-958-6194,,138672.01,Product,New York,2023-02-03
12786,Charles Jones,charles.jones382@example.com,+1-537-990-2096,47.0,35103.65,HR,New York,2022-12-27
12787,Robert Miller,robert.miller41@example.com,+1-819-178-4568,36.0,124230.0,Engineering,Chicago,2020-07-20
12788,David Thomas,david.thomas620@example.com,+1-860-204-7346,52.0,,Sales,Austin,2021-01-14
12789,Robert Lopez,robert.lopez727@example.com,+1-563-918-6179,28.0,16401.91,HR,Boston,2023-12-10
12790,John Johnson,john.johnson547@example.com,+1-961-470-6998,29.0,140821.73,Marketing,New York,2020-09-14
12791,Elizabeth Moore,elizabeth.moore639@example.com,+1-312-906-3304,30.0,138135.02,Marketing,Boston,2024-11-01
12792,Joseph Garcia,joseph.garcia944@example.com,+1-472-297-6723,30.0,114734.74,Product,Boston,2022-11-05
12793,Elizabeth Davis,elizabeth.davis967@example.com,+1-495-297-6689,35.0,140667.38,Finance,Austin,2020-01-06
12794,Jennifer Davis,jennifer.davis390@example.com,+1-739-240-9092,41.0,7928.41,Finance,Boston,2020-08-14
12795,Jessica Brown,jessica.brown861@example.com,+1-509-927-1378,28.0,35724.07,Sales,New York,2023-08-09
12796,William Jones,william.jones69@example.com,+1-511-205-3670,46.0,72092.7,HR,Chicago,2023-12-23
12797,Susan Davis,susan.davis988@example.com,+1-484-782-4973,50.0,144602.91,Engineering,Austin,2021-09-27
12798,Joseph Jones,joseph.jones825@example.com,+1-577-138-9539,23.0,52751.1,HR,San Francisco,2021-01-16
12799,Barbara Davis,barbara.davis189@example.com,+1-888-128-9929,29.0,26465.57,Product,San Francisco,2023-12-04
12800,Jessica Garcia,jessica.garcia163@example.com,+1-472-981-3499,64.0,90770.66,Product,Seattle,2020-09-07
12801,Jessica Thomas,jessica.thomas707@example.com,+1-519-298-2730,43.0,56159.58,HR,San Francisco,2023-12-26
12802,Elizabeth Taylor,elizabeth.taylor466@example.com,+1-307-591-9071,48.0,119214.82,HR,Chicago,2022-02-07
12803,Patricia Williams,patricia.williams921@example.com,+1-975-702-8974,33.0,74976.48,Sales,Boston,2021-08-01
12804,Elizabeth Smith,elizabeth.smith441@example.com,+1-579-869-7693,61.0,137062.27,Finance,Austin,2020-07-28
12805,James Martinez,james.martinez487@example.com,+1-393-349-5688,62.0,140048.56,Sales,New York,2024-07-17
12806,Jessica Davis,jessica.davis870@example.com,+1-481-575-3798,29.0,84851.89,Sales,Austin,2020-10-08
12807,Jessica Garcia,jessica.garcia423@example.com,+1-785-597-6175,60.0,128331.21,Product,San Francisco,2022-11-11
12808,Susan Martinez,susan.martinez512@example.com,+1-338-301-9845,51.0,106512.53,Finance,Boston,2024-04-22
12809,Thomas Jones,thomas.jones594@example.com,+1-257-595-8018,47.0,28316.5,Product,Chicago,2021-08-29
12810,Susan Davis,susan.davis169@example.com,+1-410-552-4755,27.0,80059.92,Engineering,Boston,2024-08-07
12811,David Johnson,david.johnson830@example.com,+1-661-949-3991,64.0,121531.46,HR,Boston,2023-09-16
12812,Thomas Jackson,thomas.jackson403@example.com,+1-595-266-1975,25.0,7753.73,Sales,San Francisco,2022-02-06
12813,Richard Gonzalez,richard.gonzalez313@example.com,+1-308-956-9174,50.0,102535.4,Product,San Francisco,2023-05-18
12814,Charles Martin,charles.martin573@example.com,+1-379-389-9677,38.0,,Finance,San Francisco,2022-11-23
12815,Jessica Lopez,jessica.lopez880@example.com,+1-698-902-4950,60.0,101271.91,Marketing,Austin,2024-10-16
12816,Robert Gonzalez,robert.gonzalez171@example.com,+1-415-885-7979,57.0,115358.99,Sales,Seattle,2024-08-31
12817,William Wilson,william.wilson629@example.com,+1-267-203-7335,24.0,7993.02,Marketing,Austin,2020-01-26
12818,James Johnson,james.johnson768@example.com,+1-802-144-5098,55.0,39939.9,Marketing,Boston,2020-06-24
12819,David Jackson,david.jackson735@example.com,+1-320-674-2920,42.0,,Sales,Austin,2020-01-29
12820,Sarah Taylor,sarah.taylor302@example.com,+1-493-596-4884,50.0,30841.72,HR,Chicago,2021-06-26
12821,David Martinez,david.martinez62@example.com,+1-601-662-3754,22.0,77068.04,Product,San Francisco,2022-07-21
12822,Barbara Lopez,barbara.lopez677@example.com,+1-236-840-6776,26.0,26242.35,Engineering,Austin,2024-11-30
12823,Elizabeth Jones,elizabeth.jones705@example.com,+1-354-131-7026,62.0,100926.68,Finance,Austin,2022-11-06
12824,Susan Hernandez,susan.hernandez959@example.com,+1-459-994-7504,36.0,20423.18,HR,Austin,2024-11-21
12825,Mary Smith,mary.smith187@example.com,+1-643-427-3289,43.0,112531.28,Marketing,Austin,2024-07-12
12826,Barbara Jackson,barbara.jackson177@example.com,+1-634-345-8542,45.0,38898.77,Engineering,Seattle,2024-07-29
12827,Michael Jackson,michael.jackson300@example.com,+1-368-659-4679,28.0,,Marketing,Austin,2024-01-12
12828,Richard Thomas,richard.thomas294@example.com,+1-230-547-3261,31.0,45030.08,Finance,Chicago,2020-12-02
12829,James Anderson,james.anderson568@example.com,+1-890-647-3970,27.0,83843.12,HR,San Francisco,2024-05-22
12830,John Anderson,john.anderson716@example.com,+1-620-656-6017,38.0,108962.99,Engineering,Austin,2024-11-20
12831,David Davis,david.davis263@example.com,+1-765-577-9320,55.0,22482.38,Engineering,New York,2023-06-03
12832,Patricia Anderson,patricia.anderson192@example.com,+1-550-614-6915,25.0,57158.24,Engineering,Seattle,2023-03-10
12833,Jennifer Taylor,jennifer.taylor706@example.com,+1-998-703-7592,23.0,126038.48,Finance,Seattle,2023-09-23
12834,John Smith,john.smith936@example.com,+1-319-497-1645,26.0,135373.43,Finance,Austin,2021-02-23
12835,David Martinez,david.martinez339@example.com,+1-324-415-5415,48.0,88411.6,Engineering,Boston,2022-12-30
12836,Sarah Brown,sarah.brown974@example.com,+1-980-394-3946,62.0,125238.6,Engineering,New York,2024-05-09
12837,Linda Thomas,linda.thomas955@example.com,+1-459-875-1009,51.0,42969.64,Product,Seattle,2023-05-10
12838,Elizabeth Brown,elizabeth.brown442@example.com,+1-243-258-8776,48.0,43140.14,Sales,New York,2023-11-13
12839,Linda Davis,linda.davis565@example.com,+1-467-889-3714,,114219.97,Product,New York,2022-12-11
12840,Susan Martin,susan.martin855@example.com,+1-987-968-5205,51.0,43792.26,Sales,Seattle,2022-04-18
12841,Richard Lopez,richard.lopez481@example.com,+1-278-349-7873,40.0,53291.46,Marketing,San Francisco,2022-11-06
12842,Linda Garcia,linda.garcia679@example.com,+1-786-494-2786,48.0,48350.76,HR,Austin,2021-01-14
12843,Jessica Davis,jessica.davis109@example.com,+1-542-981-2755,32.0,72444.62,Finance,San Francisco,2022-04-27
12844,Linda Taylor,linda.taylor59@example.com,+1-448-509-4450,56.0,57903.1,Finance,New York,2022-10-01
12845,Robert Rodriguez,robert.rodriguez992@example.com,+1-729-320-4818,29.0,148739.54,Finance,San Francisco,2024-07-21
12846,David Lopez,david.lopez121@example.com,+1-827-849-5147,41.0,99097.41,Marketing,Chicago,2022-04-08
12847,Michael Taylor,michael.taylor664@example.com,+1-572-837-5103,58.0,120893.72,Product,Chicago,2023-11-09
12848,David Lopez,david.lopez648@example.com,+1-898-168-7984,32.0,68063.09,Sales,Austin,2022-04-24
12849,Jessica Martinez,jessica.martinez757@example.com,+1-865-373-4112,63.0,50379.65,Product,San Francisco,2024-03-13
12850,Thomas Johnson,thomas.johnson255@example.com,+1-981-509-7641,55.0,126063.49,Product,Seattle,2021-02-26
12851,Jennifer Thomas,jennifer.thomas977@example.com,+1-820-634-9205,57.0,115934.05,Finance,Boston,2024-05-02
12852,Jessica Brown,jessica.brown856@example.com,+1-723-542-7394,24.0,66453.91,Finance,Boston,2024-01-13
12853,Barbara Taylor,barbara.taylor50@example.com,+1-787-813-5993,52.0,132466.45,Marketing,New York,2022-05-03
12854,Sarah Moore,sarah.moore341@example.com,+1-226-954-2403,,73634.16,Engineering,New York,2021-04-17
12855,Charles Martin,charles.martin329@example.com,+1-257-372-6317,,125639.1,Engineering,Chicago,2023-06-22
12856,Elizabeth Anderson,elizabeth.anderson403@example.com,+1-326-897-8281,45.0,108867.26,HR,New York,2020-05-25
12857,Elizabeth Martinez,elizabeth.martinez531@example.com,+1-304-717-9493,,125566.1,Product,San Francisco,2022-04-08
12858,David Gonzalez,david.gonzalez256@example.com,+1-672-156-7124,59.0,142698.88,Finance,Austin,2020-05-05
12859,Mary Smith,mary.smith142@example.com,+1-578-948-1317,22.0,13945.26,Marketing,San Francisco,2024-10-09
12860,Susan Taylor,susan.taylor565@example.com,+1-843-692-8376,32.0,149826.5,Product,San Francisco,2020-12-05
12861,Richard Thomas,richard.thomas104@example.com,+1-276-250-5237,60.0,110056.11,Engineering,Seattle,2024-10-25
12862,Linda Moore,linda.moore140@example.com,+1-660-368-4740,,139014.73,HR,Austin,2023-03-02
12863,Sarah Martin,sarah.martin912@example.com,+1-388-579-6076,39.0,15425.74,Product,San Francisco,2023-03-02
12864,Jennifer Lopez,jennifer.lopez929@example.com,+1-583-418-7368,60.0,47348.65,Sales,Seattle,2020-03-19
12865,John Jones,john.jones781@example.com,+1-634-626-4771,47.0,94141.8,Finance,Boston,2024-02-15
12866,John Wilson,john.wilson554@example.com,+1-526-837-5824,48.0,5815.32,Product,Austin,2020-11-14
12867,Michael Hernandez,michael.hernandez928@example.com,+1-468-461-2254,49.0,58874.66,HR,Austin,2021-05-03
12868,Jennifer Williams,jennifer.williams885@example.com,+1-560-974-9549,23.0,111580.6,Sales,New York,2024-05-04
12869,John Lopez,john.lopez589@example.com,+1-369-421-8786,35.0,135237.33,HR,Chicago,2024-07-23
12870,Linda Martin,linda.martin522@example.com,+1-808-698-3890,36.0,139297.68,Sales,New York,2021-08-04
12871,Jennifer Davis,jennifer.davis765@example.com,+1-438-628-8071,50.0,110041.14,Engineering,Boston,2023-04-24
12872,Jennifer Wilson,jennifer.wilson475@example.com,+1-348-546-3358,60.0,50286.49,HR,Seattle,2021-05-22
12873,Thomas Davis,thomas.davis587@example.com,+1-323-312-9262,41.0,19267.78,HR,New York,2021-11-13
12874,David Gonzalez,david.gonzalez385@example.com,+1-360-713-3326,41.0,70239.54,Product,San Francisco,2023-08-02
12875,Barbara Hernandez,barbara.hernandez836@example.com,+1-479-187-6080,49.0,48907.39,HR,Seattle,2023-05-12
12876,Joseph Thomas,joseph.thomas353@example.com,+1-970-868-6166,59.0,135325.59,Sales,New York,2022-07-05
12877,David Thomas,david.thomas890@example.com,+1-225-198-5571,54.0,6639.35,Product,New York,2021-11-30
12878,James Rodriguez,james.rodriguez662@example.com,+1-613-920-6883,37.0,6600.23,Engineering,Austin,2022-04-16
12879,James Smith,james.smith636@example.com,+1-269-558-8549,37.0,72964.81,Marketing,San Francisco,2022-04-10
12880,Barbara Thomas,barbara.thomas768@example.com,+1-385-855-1768,41.0,111263.63,HR,New York,2024-03-09
12881,Richard Johnson,richard.johnson744@example.com,+1-758-337-9562,47.0,88444.75,Product,Boston,2023-11-16
12882,James Davis,james.davis624@example.com,+1-786-696-2335,58.0,110076.68,Engineering,Chicago,2020-03-24
12883,Joseph Wilson,joseph.wilson461@example.com,+1-813-170-6644,38.0,122601.23,HR,Austin,2020-08-05
12884,Sarah Moore,sarah.moore961@example.com,+1-379-508-6181,38.0,120251.74,Marketing,San Francisco,2021-11-29
12885,Elizabeth Taylor,elizabeth.taylor348@example.com,+1-451-506-9141,38.0,56736.52,Product,Boston,2021-02-06
12886,Patricia Smith,patricia.smith220@example.com,+1-370-637-7564,43.0,50218.57,Marketing,Seattle,2021-04-21
12887,Thomas Martinez,thomas.martinez646@example.com,+1-352-117-1496,36.0,7829.54,Marketing,San Francisco,2022-12-20
12888,Elizabeth Martin,elizabeth.martin217@example.com,+1-286-750-7743,26.0,30922.14,Product,Seattle,2020-08-08
12889,Joseph Martin,joseph.martin487@example.com,+1-860-786-1506,27.0,71345.78,Marketing,Seattle,2020-10-21
12890,Susan Brown,susan.brown165@example.com,+1-549-541-2957,36.0,18069.92,HR,San Francisco,2021-08-07
12891,Richard Jones,richard.jones784@example.com,+1-821-499-5785,,65462.1,Finance,Chicago,2023-08-04
12892,Barbara Miller,barbara.miller895@example.com,+1-577-568-5968,51.0,84408.24,Marketing,Austin,2021-11-25
12893,Barbara Thomas,barbara.thomas648@example.com,+1-710-601-4734,42.0,106943.76,Product,Austin,2023-04-25
12894,James Brown,james.brown739@example.com,+1-847-951-2982,30.0,89627.02,Finance,Seattle,2022-04-02
12895,Joseph Davis,joseph.davis122@example.com,+1-659-703-2779,,120929.25,Engineering,Seattle,2022-05-23
12896,Robert Jones,robert.jones13@example.com,+1-677-220-9933,63.0,112873.06,Product,Boston,2020-09-13
12897,Thomas Lopez,thomas.lopez922@example.com,+1-892-249-9785,31.0,28349.14,HR,Seattle,2023-11-06
12898,Robert Jackson,robert.jackson15@example.com,+1-351-834-8348,28.0,125556.3,Product,Boston,2021-02-15
12899,David Wilson,david.wilson552@example.com,+1-203-208-8061,50.0,143256.96,Finance,Seattle,2024-06-06
12900,Patricia Garcia,patricia.garcia262@example.com,+1-790-295-9453,23.0,60574.27,HR,Seattle,2021-11-11
12901,Mary Brown,mary.brown958@example.com,+1-800-764-1072,29.0,104082.84,HR,San Francisco,2023-09-26
12902,Mary Hernandez,mary.hernandez55@example.com,+1-325-120-6289,53.0,133200.0,Product,Boston,2023-09-18
12903,John Hernandez,john.hernandez892@example.com,+1-340-473-7659,44.0,60980.2,Sales,San Francisco,2022-06-06
12904,Sarah Taylor,sarah.taylor316@example.com,+1-669-283-1624,56.0,131122.89,Marketing,Seattle,2020-02-28
12905,Elizabeth Williams,elizabeth.williams542@example.com,+1-303-932-5497,34.0,143533.86,Sales,Chicago,2021-08-30
12906,Linda Davis,linda.davis424@example.com,+1-717-474-8691,60.0,115991.11,HR,San Francisco,2024-01-02
12907,Elizabeth Taylor,elizabeth.taylor876@example.com,+1-298-129-6410,60.0,36508.26,,San Francisco,2020-10-14
12908,James Brown,james.brown407@example.com,+1-470-287-2555,41.0,17053.37,HR,San Francisco,2021-02-11
12909,Jessica Gonzalez,jessica.gonzalez887@example.com,+1-219-902-9438,27.0,107714.83,Marketing,New York,2024-09-11
12910,Linda Miller,linda.miller46@example.com,+1-544-703-3339,38.0,146252.47,Finance,New York,2024-01-07
12911,Charles Rodriguez,charles.rodriguez29@example.com,+1-670-530-1996,25.0,57949.62,HR,Chicago,2021-08-07
12912,Robert Jones,robert.jones766@example.com,+1-742-389-5008,35.0,44579.76,HR,San Francisco,2021-02-25
12913,Michael Wilson,michael.wilson310@example.com,+1-985-387-8169,62.0,102603.85,Finance,San Francisco,2024-02-23
12914,Barbara Thomas,barbara.thomas658@example.com,+1-421-822-4815,29.0,124401.42,Sales,Chicago,2024-04-18
12915,Joseph Smith,joseph.smith770@example.com,+1-782-720-6407,49.0,120359.88,Sales,Austin,2024-03-28
12916,Susan Hernandez,susan.hernandez844@example.com,+1-408-899-8611,22.0,8618.49,Engineering,Seattle,2023-09-10
12917,Elizabeth Miller,elizabeth.miller942@example.com,+1-881-515-2691,27.0,6535.81,Product,San Francisco,2020-02-05
12918,Elizabeth Smith,elizabeth.smith446@example.com,+1-977-329-8008,,124031.35,Marketing,Chicago,2021-09-19
12919,Elizabeth Garcia,elizabeth.garcia814@example.com,+1-409-638-9097,29.0,134605.53,Product,Seattle,2022-04-02
12920,John Garcia,john.garcia56@example.com,+1-606-982-9445,22.0,29343.86,Engineering,New York,2024-09-03
12921,Elizabeth Martinez,elizabeth.martinez887@example.com,+1-856-646-3462,25.0,94650.38,Marketing,New York,2024-05-02
12922,Jennifer Martin,jennifer.martin153@example.com,+1-875-630-3145,28.0,,Product,Austin,2020-08-16
12923,Sarah Johnson,sarah.johnson496@example.com,+1-971-587-3750,54.0,17835.48,Sales,Seattle,2022-10-05
12924,Jennifer Miller,jennifer.miller113@example.com,+1-863-213-2531,25.0,112870.42,Sales,Austin,2022-10-23
12925,Richard Hernandez,richard.hernandez929@example.com,+1-571-388-6709,45.0,22878.66,Marketing,Chicago,2023-10-27
12926,Barbara Taylor,barbara.taylor167@example.com,+1-526-760-1869,25.0,53565.83,Engineering,Seattle,2022-12-19
12927,Susan Jones,susan.jones332@example.com,+1-308-562-6699,,84498.71,Product,Seattle,2021-03-16
12928,Linda Taylor,linda.taylor230@example.com,+1-990-167-2338,40.0,101125.57,Finance,Austin,2021-02-27
12929,William Martinez,william.martinez768@example.com,+1-906-343-8879,59.0,54736.71,Product,Austin,2023-02-03
12930,Robert Wilson,robert.wilson640@example.com,+1-256-287-4123,,136188.41,HR,San Francisco,2020-06-03
12931,William Garcia,william.garcia293@example.com,+1-375-709-2455,24.0,105940.68,HR,Austin,2020-11-26
12932,Elizabeth Hernandez,elizabeth.hernandez628@example.com,+1-825-534-5667,31.0,106350.74,Finance,Chicago,2022-10-11
12933,Thomas Wilson,thomas.wilson916@example.com,+1-757-680-6995,53.0,61620.67,Engineering,Chicago,2021-01-01
12934,Charles Martin,charles.martin127@example.com,+1-334-626-2872,35.0,115537.14,Engineering,Boston,2020-01-04
12935,Charles Rodriguez,charles.rodriguez479@example.com,+1-242-303-1346,61.0,101555.04,Product,New York,2023-10-27
12936,Charles Lopez,charles.lopez20@example.com,+1-771-843-9938,24.0,51902.96,Product,New York,2022-03-19
12937,Elizabeth Brown,elizabeth.brown990@example.com,+1-247-206-8431,48.0,148277.05,Product,Boston,2022-07-07
12938,Thomas Rodriguez,thomas.rodriguez76@example.com,+1-960-243-6260,47.0,122666.21,Product,Boston,2024-09-16
12939,William Moore,william.moore631@example.com,+1-411-358-2699,,16528.54,Engineering,Seattle,2020-01-21
12940,Joseph Martin,joseph.martin105@example.com,+1-631-287-8019,60.0,30440.06,Marketing,Boston,2023-09-02
12941,Elizabeth Miller,elizabeth.miller484@example.com,+1-773-895-1507,37.0,65220.56,HR,San Francisco,2022-02-26
12942,Mary Moore,mary.moore663@example.com,+1-755-785-6212,60.0,85720.57,Marketing,New York,2023-12-29
12943,Thomas Anderson,thomas.anderson863@example.com,+1-960-502-9475,44.0,5924.78,Sales,New York,2024-09-18
12944,Richard Miller,richard.miller168@example.com,+1-259-598-2610,61.0,76134.34,Engineering,Seattle,2024-01-29
12945,Jennifer Johnson,jennifer.johnson869@example.com,+1-563-620-6022,54.0,59978.86,Marketing,Seattle,2021-05-31
12946,James Johnson,james.johnson877@example.com,+1-348-241-7394,63.0,98320.3,HR,Boston,2022-01-30
12947,Elizabeth Gonzalez,elizabeth.gonzalez711@example.com,+1-923-163-4943,,70761.17,Finance,Boston,2021-12-27
12948,William Taylor,william.taylor616@example.com,+1-945-400-1087,63.0,101700.06,Marketing,San Francisco,2023-02-10
12949,Patricia Gonzalez,patricia.gonzalez762@example.com,+1-680-802-6038,63.0,78948.82,Product,San Francisco,2021-04-21
12950,Elizabeth Wilson,elizabeth.wilson808@example.com,+1-617-959-4488,38.0,21376.17,Sales,Seattle,2023-10-16
12951,Charles Brown,charles.brown71@example.com,+1-411-347-2727,62.0,35101.27,,Boston,2023-11-13
12952,Thomas Gonzalez,thomas.gonzalez500@example.com,+1-587-800-6670,40.0,,Product,Chicago,2023-04-14
12953,Susan Jones,susan.jones405@example.com,+1-891-253-8694,24.0,76890.55,HR,Seattle,2023-07-28
12954,Michael Hernandez,michael.hernandez156@example.com,+1-274-572-6120,53.0,145334.8,Finance,San Francisco,2020-01-17
12955,Linda Rodriguez,linda.rodriguez124@example.com,+1-402-905-8710,23.0,15162.97,Finance,San Francisco,2023-02-23
12956,Susan Taylor,susan.taylor616@example.com,+1-407-760-1819,22.0,46087.64,Sales,New York,2021-01-26
12957,Michael Moore,michael.moore158@example.com,+1-455-488-6318,33.0,137956.86,Engineering,Chicago,2020-04-17
12958,Charles Martinez,charles.martinez629@example.com,+1-437-415-1839,36.0,,HR,Boston,2024-01-28
12959,Jennifer Wilson,jennifer.wilson229@example.com,+1-211-894-6504,31.0,136196.97,HR,Seattle,2021-05-12
12960,Sarah Johnson,sarah.johnson249@example.com,+1-566-955-4238,63.0,52769.23,Product,Chicago,2022-06-16
12961,David Moore,david.moore48@example.com,+1-947-745-2971,,32145.95,Marketing,Boston,2024-05-18
12962,Jessica Johnson,jessica.johnson752@example.com,+1-300-838-1293,59.0,89484.83,HR,Chicago,2024-09-23
12963,Elizabeth Jackson,elizabeth.jackson495@example.com,+1-662-105-8112,57.0,132797.5,Engineering,New York,2021-11-19
12964,Jennifer Thomas,jennifer.thomas715@example.com,+1-992-702-9258,44.0,,HR,Boston,2021-07-24
12965,James Lopez,james.lopez763@example.com,+1-633-419-9433,38.0,141115.96,Product,Chicago,2024-07-21
12966,Michael Moore,michael.moore747@example.com,+1-771-585-8733,29.0,102092.02,Engineering,New York,2024-04-20
12967,Elizabeth Taylor,elizabeth.taylor519@example.com,+1-506-804-5492,59.0,52895.59,Engineering,Seattle,2020-07-29
12968,William Smith,william.smith86@example.com,+1-807-197-7711,35.0,64333.56,Product,New York,2023-10-13
12969,Jennifer Jones,jennifer.jones732@example.com,+1-635-484-5180,60.0,50115.47,HR,Seattle,2023-12-20
12970,Richard Martin,richard.martin592@example.com,+1-462-481-8737,63.0,49202.56,HR,Chicago,2022-11-04
12971,Michael Lopez,michael.lopez279@example.com,+1-786-323-5699,27.0,53995.56,,New York,2022-06-16
12972,Patricia Wilson,patricia.wilson680@example.com,+1-454-856-5293,64.0,58891.65,Engineering,Seattle,2024-09-18
12973,Elizabeth Brown,elizabeth.brown309@example.com,+1-845-442-7263,29.0,40003.21,HR,San Francisco,2022-10-31
12974,Elizabeth Wilson,elizabeth.wilson359@example.com,+1-838-481-8464,26.0,141100.1,Engineering,New York,2024-10-17
12975,James Taylor,james.taylor680@example.com,+1-891-637-5707,26.0,56234.79,Marketing,Seattle,2024-11-12
12976,Patricia Moore,patricia.moore485@example.com,+1-992-643-1355,32.0,50142.31,Engineering,Boston,2024-01-08
12977,William Williams,william.williams511@example.com,+1-336-286-7179,51.0,50754.92,Sales,Seattle,2022-10-26
12978,Jennifer Martin,jennifer.martin673@example.com,+1-369-859-9823,58.0,128623.63,Finance,Austin,2022-01-23
12979,James Martin,james.martin801@example.com,+1-245-603-4841,36.0,139585.76,Product,Chicago,2022-09-05
12980,John Davis,john.davis975@example.com,+1-294-232-8003,36.0,63476.61,Product,Chicago,2022-09-07
12981,David Brown,david.brown413@example.com,+1-435-695-3906,27.0,19010.1,Product,San Francisco,2024-04-18
12982,Charles Miller,charles.miller579@example.com,+1-297-224-7079,50.0,128655.99,Engineering,New York,2024-10-01
12983,Michael Johnson,michael.johnson822@example.com,+1-286-194-5291,37.0,76612.1,Finance,Seattle,2022-10-02
12984,Jessica Martinez,jessica.martinez899@example.com,+1-931-517-1816,27.0,137669.39,Finance,Seattle,2020-10-08
12985,Jennifer Martin,jennifer.martin262@example.com,+1-653-288-2796,23.0,106452.64,Finance,Austin,2023-10-06
12986,John Thomas,john.thomas679@example.com,+1-626-103-3920,29.0,22652.28,Product,Austin,2021-03-25
12987,Charles Jackson,charles.jackson27@example.com,+1-828-735-6659,26.0,11273.16,HR,Chicago,2020-05-20
12988,Jennifer Smith,jennifer.smith65@example.com,+1-997-981-2119,44.0,87827.54,Engineering,Seattle,2021-02-08
12989,Joseph Smith,joseph.smith596@example.com,+1-287-617-5911,42.0,38369.25,Marketing,Chicago,2023-09-20
12990,Charles Jones,charles.jones827@example.com,+1-378-346-9064,55.0,,Finance,Boston,2020-03-16
12991,James Jones,james.jones713@example.com,+1-980-512-6558,25.0,,HR,Seattle,2021-11-26
12992,Robert Anderson,robert.anderson738@example.com,+1-293-783-7186,25.0,78095.79,Product,Seattle,2022-09-02
12993,Michael Gonzalez,michael.gonzalez278@example.com,+1-636-726-8900,60.0,70646.58,Finance,San Francisco,2022-07-06
12994,John Rodriguez,john.rodriguez785@example.com,+1-421-943-7235,63.0,114053.61,Marketing,San Francisco,2022-06-27
12995,Linda Martinez,linda.martinez584@example.com,+1-302-353-9704,47.0,43022.28,Marketing,Chicago,2021-01-31
12996,Robert Jones,robert.jones267@example.com,+1-301-554-3963,23.0,15418.67,,Chicago,2024-02-12
12997,James Moore,james.moore93@example.com,+1-259-387-4705,26.0,114856.22,Sales,San Francisco,2020-12-07
12998,Richard Brown,richard.brown874@example.com,+1-345-975-8721,43.0,107994.81,Marketing,New York,2024-04-04
12999,William Williams,william.williams180@example.com,+1-344-587-8348,54.0,74082.63,HR,New York,2023-04-30
13000,Michael Anderson,michael.anderson912@example.com,+1-258-644-4624,54.0,135657.24,HR,New York,2023-06-01
13001,Jessica Rodriguez,jessica.rodriguez294@example.com,+1-296-941-3171,49.0,39950.35,Product,Seattle,2023-08-30
13002,Mary Martinez,mary.martinez687@example.com,+1-599-941-5014,42.0,98357.62,Marketing,Chicago,2024-04-09
13003,Linda Lopez,linda.lopez148@example.com,+1-573-146-3137,57.0,60294.03,HR,New York,2023-06-02
13004,Robert Hernandez,robert.hernandez131@example.com,+1-623-932-8596,58.0,85780.13,HR,San Francisco,2024-07-02
13005,David Smith,david.smith344@example.com,+1-311-845-2192,,121530.55,Engineering,New York,2024-11-07
13006,Patricia Brown,patricia.brown915@example.com,+1-216-859-2883,29.0,26558.86,Product,San Francisco,2021-09-22
13007,David Thomas,david.thomas653@example.com,+1-629-619-2407,48.0,30920.43,HR,Seattle,2020-03-03
13008,William Thomas,william.thomas367@example.com,+1-574-670-6128,26.0,54876.84,Product,Chicago,2024-09-25
13009,John Johnson,john.johnson946@example.com,+1-786-583-4912,,82523.96,Marketing,Austin,2023-04-05
13010,Jessica Jackson,jessica.jackson65@example.com,+1-272-893-9243,27.0,23426.83,HR,Seattle,2024-03-24
13011,Elizabeth Hernandez,elizabeth.hernandez214@example.com,+1-490-310-2389,43.0,138699.03,Engineering,Boston,2022-07-05
13012,John Brown,john.brown107@example.com,+1-904-877-5445,53.0,146801.06,,New York,2022-01-20
13013,Thomas Garcia,thomas.garcia404@example.com,+1-755-218-4771,60.0,28527.6,Product,Austin,2024-07-03
13014,Mary Garcia,mary.garcia340@example.com,+1-569-541-6239,42.0,58271.58,Marketing,San Francisco,2024-06-27
13015,Linda Johnson,linda.johnson531@example.com,+1-882-474-4498,58.0,97381.9,Marketing,Seattle,2020-01-23
13016,Jennifer Gonzalez,jennifer.gonzalez542@example.com,+1-513-219-4028,54.0,51217.21,Product,Chicago,2023-10-09
13017,Linda Jones,linda.jones157@example.com,+1-773-624-9377,58.0,69095.61,Engineering,San Francisco,2023-12-15
13018,William Rodriguez,william.rodriguez929@example.com,+1-736-135-6383,62.0,109813.18,Marketing,Austin,2020-02-07
13019,Charles Williams,charles.williams913@example.com,+1-496-985-7069,61.0,52662.65,Engineering,New York,2022-07-19
13020,Barbara Johnson,barbara.johnson853@example.com,+1-300-798-4544,23.0,50964.16,Sales,New York,2023-05-20
13021,Linda Anderson,linda.anderson850@example.com,+1-402-859-6184,32.0,,Finance,San Francisco,2024-09-24
13022,Richard Martin,richard.martin459@example.com,+1-261-472-6579,48.0,140095.06,HR,Boston,2023-03-12
13023,Michael Lopez,michael.lopez535@example.com,+1-233-989-3799,30.0,70621.88,HR,Boston,2022-11-23
13024,Robert Miller,robert.miller589@example.com,+1-948-179-4643,57.0,87176.27,HR,Seattle,2024-02-13
13025,Jennifer Miller,jennifer.miller288@example.com,+1-824-475-2952,62.0,78125.65,HR,New York,2020-03-12
13026,Charles Williams,charles.williams337@example.com,+1-835-252-6374,46.0,127338.68,Sales,Austin,2021-07-04
13027,Elizabeth Miller,elizabeth.miller155@example.com,+1-926-264-5742,31.0,94227.51,Engineering,San Francisco,2022-07-31
13028,Mary Moore,mary.moore338@example.com,+1-770-900-7831,33.0,98797.88,HR,Chicago,2022-01-04
13029,David Gonzalez,david.gonzalez48@example.com,+1-418-316-3753,56.0,87433.77,Sales,New York,2021-02-23
13030,Patricia Taylor,patricia.taylor888@example.com,+1-373-173-9004,52.0,95298.26,Product,New York,2023-02-10
13031,Elizabeth Johnson,elizabeth.johnson905@example.com,+1-507-403-9022,59.0,133987.63,Finance,San Francisco,2023-02-15
13032,Linda Moore,linda.moore793@example.com,+1-798-961-8635,37.0,131214.12,Sales,San Francisco,2022-05-03
13033,David Wilson,david.wilson626@example.com,+1-747-677-6304,27.0,116071.17,Finance,San Francisco,2022-01-08
13034,Robert Anderson,robert.anderson888@example.com,+1-307-656-9047,23.0,123333.72,Engineering,Austin,2023-09-04
13035,Joseph Moore,joseph.moore231@example.com,+1-674-207-1862,60.0,78832.44,Finance,Seattle,2022-02-23
13036,Richard Taylor,richard.taylor451@example.com,+1-504-345-2201,24.0,131844.59,Marketing,Boston,2021-09-22
13037,William Moore,william.moore34@example.com,+1-759-379-9093,44.0,82341.45,Engineering,New York,2023-05-09
13038,Jessica Garcia,jessica.garcia822@example.com,+1-492-829-1171,,95457.86,Finance,Chicago,2022-10-30
13039,William Martinez,william.martinez400@example.com,+1-314-674-9535,47.0,46134.75,HR,Seattle,2020-07-15
13040,James Brown,james.brown575@example.com,+1-870-393-7001,,94497.24,Sales,Seattle,2022-01-09
13041,Jessica Anderson,jessica.anderson538@example.com,+1-484-104-9911,55.0,99115.02,Engineering,New York,2023-11-01
13042,Richard Garcia,richard.garcia886@example.com,+1-921-451-3653,50.0,57438.01,Marketing,Boston,2021-11-26
13043,David Martinez,david.martinez244@example.com,+1-330-796-1813,40.0,109772.79,HR,San Francisco,2021-07-30
13044,James Davis,james.davis155@example.com,+1-565-709-5343,33.0,89414.23,Sales,Boston,2023-06-22
13045,Joseph Gonzalez,joseph.gonzalez44@example.com,+1-404-989-6503,30.0,118516.72,Marketing,San Francisco,2021-11-27
13046,Charles Davis,charles.davis118@example.com,+1-688-277-1248,25.0,54778.27,Finance,Boston,2021-09-19
13047,Patricia Smith,patricia.smith550@example.com,+1-378-775-3719,35.0,130353.66,Sales,Austin,2023-11-19
13048,Joseph Davis,joseph.davis323@example.com,+1-820-228-4081,48.0,,Finance,Austin,2023-11-22
13049,Robert Jackson,robert.jackson816@example.com,+1-867-756-6540,40.0,62055.25,HR,Seattle,2023-09-08
13050,Jessica Williams,jessica.williams795@example.com,+1-949-297-2185,54.0,11480.77,Engineering,Seattle,2024-03-01
13051,Michael Johnson,michael.johnson436@example.com,+1-660-983-5823,,97224.57,HR,Seattle,2023-10-08
13052,Linda Wilson,linda.wilson873@example.com,+1-656-852-1203,32.0,136649.77,HR,San Francisco,2020-08-09
13053,Thomas Gonzalez,thomas.gonzalez968@example.com,+1-210-168-2637,25.0,15159.0,Engineering,Seattle,2022-12-13
13054,Jessica Williams,jessica.williams332@example.com,+1-520-884-1954,27.0,75804.89,Marketing,Boston,2020-10-10
13055,Elizabeth Martin,elizabeth.martin397@example.com,+1-775-787-6121,64.0,92462.19,Sales,Seattle,2021-01-02
13056,Elizabeth Williams,elizabeth.williams459@example.com,+1-594-891-7676,46.0,127569.96,Finance,Austin,2021-03-06
13057,Charles Anderson,charles.anderson835@example.com,+1-737-317-4582,49.0,124487.9,Finance,San Francisco,2023-12-13
13058,Richard Thomas,richard.thomas168@example.com,+1-723-324-7956,53.0,109665.87,,San Francisco,2021-01-03
13059,William Davis,william.davis81@example.com,+1-946-981-9438,59.0,109432.92,Engineering,New York,2020-01-10
13060,Barbara Miller,barbara.miller27@example.com,+1-539-780-2591,,132495.26,Finance,Boston,2023-07-14
13061,David Davis,david.davis424@example.com,+1-322-301-5944,59.0,31206.43,Finance,Boston,2023-12-05
13062,Charles Moore,charles.moore809@example.com,+1-558-792-2788,54.0,144128.49,HR,Chicago,2022-09-06
13063,Linda Jackson,linda.jackson403@example.com,+1-849-717-3772,25.0,,Engineering,Austin,2024-06-13
13064,John Taylor,john.taylor348@example.com,+1-261-326-2157,50.0,33725.61,HR,New York,2023-08-10
13065,Linda Moore,linda.moore267@example.com,+1-948-131-9951,,149760.14,Sales,San Francisco,2020-09-21
13066,Jessica Gonzalez,jessica.gonzalez11@example.com,+1-712-915-5559,64.0,15817.14,Marketing,San Francisco,2021-05-25
13067,William Miller,william.miller894@example.com,+1-573-358-7588,30.0,,Engineering,New York,2022-02-04
13068,William Martinez,william.martinez888@example.com,+1-395-459-3435,22.0,14594.52,Finance,Austin,2023-03-18
13069,Mary Jackson,mary.jackson460@example.com,+1-278-842-8286,31.0,82438.13,Product,Boston,2022-12-04
13070,Mary Gonzalez,mary.gonzalez194@example.com,+1-335-124-7476,39.0,146967.06,Engineering,Seattle,2021-01-04
13071,Linda Jackson,linda.jackson97@example.com,+1-664-876-9685,51.0,61544.03,Product,San Francisco,2020-07-05
13072,Robert Miller,robert.miller839@example.com,+1-309-384-5865,47.0,98314.8,Sales,San Francisco,2024-03-02
13073,William Davis,william.davis36@example.com,+1-317-153-5599,62.0,112209.81,Engineering,Boston,2023-05-24
13074,Linda Smith,linda.smith595@example.com,+1-574-636-6361,26.0,23568.27,Engineering,San Francisco,2021-03-30
13075,David Jones,david.jones789@example.com,+1-708-376-6384,50.0,109576.61,Marketing,Chicago,2021-03-03
13076,Elizabeth Wilson,elizabeth.wilson380@example.com,+1-587-844-4161,34.0,39360.24,Engineering,Boston,2023-07-04
13077,Richard Taylor,richard.taylor837@example.com,+1-797-300-8526,44.0,25561.38,Engineering,Chicago,2023-03-24
13078,Linda Lopez,linda.lopez715@example.com,+1-566-636-9962,55.0,129502.38,Sales,Austin,2020-12-14
13079,John Hernandez,john.hernandez812@example.com,+1-950-875-2092,27.0,82247.58,HR,Austin,2024-10-23
13080,Thomas Williams,thomas.williams166@example.com,+1-287-327-7508,53.0,53539.87,,Seattle,2023-05-26
13081,Richard Martinez,richard.martinez144@example.com,+1-841-843-7169,61.0,40855.56,Product,San Francisco,2021-05-07
13082,Elizabeth Thomas,elizabeth.thomas111@example.com,+1-209-572-2146,40.0,117584.1,Marketing,New York,2024-12-02
13083,Elizabeth Wilson,elizabeth.wilson931@example.com,+1-329-845-2503,49.0,141951.35,HR,Chicago,2020-03-17
13084,Patricia Lopez,patricia.lopez643@example.com,+1-309-778-2665,35.0,23280.3,Marketing,Austin,2022-04-19
13085,Charles Anderson,charles.anderson541@example.com,+1-753-961-5502,45.0,22959.5,Finance,San Francisco,2024-08-10
13086,Joseph Davis,joseph.davis472@example.com,+1-861-451-1235,30.0,32493.33,Finance,Seattle,2020-04-17
13087,Jessica Garcia,jessica.garcia538@example.com,+1-243-284-7532,60.0,17541.81,Sales,New York,2022-09-15
13088,Michael Wilson,michael.wilson519@example.com,+1-769-807-8611,35.0,11005.7,HR,Boston,2021-01-31
13089,James Anderson,james.anderson686@example.com,+1-589-478-9408,38.0,,HR,San Francisco,2022-01-25
13090,David Martin,david.martin608@example.com,+1-445-257-8715,33.0,55170.24,Engineering,Seattle,2020-03-28
13091,David Jones,david.jones997@example.com,+1-852-839-5104,60.0,109961.72,Marketing,Chicago,2021-04-05
13092,James Gonzalez,james.gonzalez864@example.com,+1-656-235-2629,57.0,50173.62,Engineering,Chicago,2022-02-17
13093,Barbara Taylor,barbara.taylor263@example.com,+1-613-732-4936,60.0,5976.76,Engineering,Chicago,2022-09-08
13094,Charles Brown,charles.brown888@example.com,+1-948-174-2052,62.0,76103.78,HR,San Francisco,2021-12-23
13095,Mary Smith,mary.smith292@example.com,+1-590-420-3617,46.0,119521.02,Product,New York,2023-05-21
13096,Susan Jackson,susan.jackson394@example.com,+1-812-517-4036,48.0,45543.09,Product,Boston,2022-03-14
13097,Elizabeth Williams,elizabeth.williams748@example.com,+1-226-389-5123,52.0,24549.14,Engineering,Seattle,2022-06-09
13098,Jennifer Wilson,jennifer.wilson936@example.com,+1-637-110-1836,52.0,131782.1,Sales,Boston,2020-04-19
13099,Barbara Garcia,barbara.garcia550@example.com,+1-898-948-3554,32.0,43627.59,Finance,New York,2022-01-02
13100,Mary Moore,mary.moore519@example.com,+1-861-422-3735,61.0,60933.42,Product,New York,2023-12-03
13101,Joseph Johnson,joseph.johnson568@example.com,+1-882-695-7831,49.0,,,San Francisco,2024-01-14
13102,Michael Taylor,michael.taylor80@example.com,+1-747-338-8747,37.0,110731.28,Product,Boston,2023-10-03
13103,Richard Taylor,richard.taylor685@example.com,+1-723-661-5455,33.0,97503.28,Finance,San Francisco,2022-05-10
13104,Linda Anderson,linda.anderson453@example.com,+1-400-716-9186,55.0,91223.71,Engineering,Seattle,2022-04-18
13105,Elizabeth Jackson,elizabeth.jackson143@example.com,+1-457-161-1481,50.0,61194.7,Engineering,Chicago,2023-10-28
13106,John Thomas,john.thomas44@example.com,+1-847-687-4884,42.0,28272.37,Product,Austin,2022-06-05
13107,Sarah Miller,sarah.miller642@example.com,+1-880-612-1329,33.0,109047.21,Engineering,Boston,2020-05-06
13108,Barbara Wilson,barbara.wilson283@example.com,+1-817-102-3373,43.0,56999.96,Sales,Boston,2021-01-07
13109,Jennifer Smith,jennifer.smith539@example.com,+1-689-602-6817,22.0,37863.24,Finance,Seattle,2023-02-12
13110,Susan Jackson,susan.jackson494@example.com,+1-221-694-6443,26.0,33828.03,Sales,San Francisco,2020-10-10
13111,Jennifer Moore,jennifer.moore17@example.com,+1-236-697-9263,59.0,11170.15,Finance,Boston,2021-07-10
13112,James Gonzalez,james.gonzalez743@example.com,+1-225-197-1275,27.0,9203.79,,Chicago,2022-07-21
13113,Richard Taylor,richard.taylor562@example.com,+1-672-400-2807,41.0,77993.26,HR,Seattle,2020-05-30
13114,Jessica Jones,jessica.jones621@example.com,+1-543-690-7989,25.0,115159.52,Engineering,San Francisco,2020-07-30
13115,Thomas Gonzalez,thomas.gonzalez241@example.com,+1-242-364-2831,54.0,10141.56,Finance,New York,2020-08-25
13116,Michael Williams,michael.williams736@example.com,+1-399-355-5589,24.0,137990.41,Marketing,Boston,2020-09-26
13117,Robert Jackson,robert.jackson115@example.com,+1-636-184-6121,24.0,46255.83,Finance,New York,2023-05-30
13118,Barbara Taylor,barbara.taylor345@example.com,+1-632-556-2502,,137539.3,Finance,Austin,2023-07-27
13119,Charles Johnson,charles.johnson652@example.com,+1-494-191-8335,23.0,108248.93,Marketing,Chicago,2024-07-30
13120,Susan Williams,susan.williams297@example.com,+1-604-935-4728,63.0,16326.73,Marketing,Seattle,2020-08-05
13121,Susan Johnson,susan.johnson810@example.com,+1-917-183-3660,48.0,131721.2,Finance,San Francisco,2023-08-15
13122,Elizabeth Johnson,elizabeth.johnson395@example.com,+1-563-965-7417,37.0,119915.35,Sales,Boston,2021-05-10
13123,Elizabeth Martinez,elizabeth.martinez926@example.com,+1-638-478-9030,57.0,33321.02,,Austin,2022-09-09
13124,David Moore,david.moore139@example.com,+1-975-502-9696,,140937.01,Product,New York,2022-05-24
13125,Richard Taylor,richard.taylor295@example.com,+1-315-248-1403,63.0,75055.92,HR,Austin,2023-01-21
13126,Linda Miller,linda.miller827@example.com,+1-859-383-4591,28.0,47834.16,Sales,Seattle,2022-01-27
13127,James Martin,james.martin835@example.com,+1-626-512-5249,32.0,19532.14,Marketing,New York,2022-10-21
13128,Joseph Smith,joseph.smith771@example.com,+1-447-187-9625,57.0,124312.84,HR,San Francisco,2021-05-21
13129,Patricia Jones,patricia.jones403@example.com,+1-819-783-7947,56.0,9862.42,Engineering,Seattle,2020-01-31
13130,Linda Williams,linda.williams170@example.com,+1-505-722-8891,25.0,71873.36,Engineering,Boston,2021-03-22
13131,Robert Miller,robert.miller508@example.com,+1-262-918-2287,40.0,55330.67,HR,New York,2020-06-27
13132,Robert Johnson,robert.johnson713@example.com,+1-491-687-1817,56.0,131484.2,Sales,Austin,2024-08-16
13133,Richard Hernandez,richard.hernandez880@example.com,+1-245-551-4212,62.0,40413.65,Marketing,Chicago,2024-01-23
13134,William Davis,william.davis106@example.com,+1-389-959-5290,35.0,110369.26,Product,Seattle,2020-12-05
13135,Patricia Taylor,patricia.taylor184@example.com,+1-932-422-3057,40.0,124904.01,Sales,Boston,2022-03-16
13136,James Taylor,james.taylor34@example.com,+1-460-659-8565,31.0,130816.86,Marketing,Austin,2022-10-16
13137,James Thomas,james.thomas922@example.com,+1-431-389-1158,,30293.6,Finance,Austin,2020-08-05
13138,Robert Lopez,robert.lopez496@example.com,+1-898-780-6924,25.0,130392.91,,Chicago,2020-02-10
13139,Thomas Hernandez,thomas.hernandez862@example.com,+1-973-893-7925,56.0,100134.67,HR,Boston,2021-03-12
13140,William Lopez,william.lopez592@example.com,+1-216-288-1521,59.0,108858.17,Marketing,Boston,2023-09-30
13141,Linda Lopez,linda.lopez242@example.com,+1-798-704-7250,22.0,47312.44,Finance,Austin,2022-10-15
13142,Susan Martinez,susan.martinez523@example.com,+1-442-327-7703,,97202.06,Product,Seattle,2023-12-02
13143,Barbara Johnson,barbara.johnson479@example.com,+1-380-681-8883,63.0,109096.73,Engineering,Austin,2022-04-12
13144,Richard Moore,richard.moore467@example.com,+1-444-348-1944,57.0,44910.28,Sales,Seattle,2022-11-15
13145,Patricia Lopez,patricia.lopez160@example.com,+1-815-699-5477,51.0,86386.6,Engineering,Boston,2024-09-08
13146,Robert Miller,robert.miller699@example.com,+1-793-723-4504,48.0,34710.42,Engineering,Austin,2021-05-14
13147,Elizabeth Davis,elizabeth.davis499@example.com,+1-867-146-9095,32.0,123077.98,Product,Boston,2022-02-09
13148,Charles Wilson,charles.wilson586@example.com,+1-942-380-5181,31.0,128429.39,Sales,San Francisco,2022-09-01
13149,William Jackson,william.jackson56@example.com,+1-711-529-6209,22.0,13275.46,Sales,Boston,2021-05-27
13150,Richard Taylor,richard.taylor790@example.com,+1-980-653-9933,58.0,15749.59,Marketing,Chicago,2023-08-08
13151,Elizabeth Martinez,elizabeth.martinez619@example.com,+1-614-234-9963,53.0,115826.82,HR,Seattle,2023-10-20
13152,Jennifer Miller,jennifer.miller921@example.com,+1-269-307-9139,,136242.67,Marketing,Seattle,2020-04-21
13153,Mary Taylor,mary.taylor156@example.com,+1-331-831-7993,61.0,74698.48,Engineering,San Francisco,2022-07-15
13154,Patricia Rodriguez,patricia.rodriguez566@example.com,+1-283-619-9298,30.0,21901.29,HR,Austin,2020-09-03
13155,Susan Wilson,susan.wilson412@example.com,+1-515-960-5373,51.0,90945.2,Engineering,Seattle,2024-03-27
13156,Patricia Johnson,patricia.johnson541@example.com,+1-758-695-2291,38.0,30701.93,Finance,New York,2023-12-08
13157,James Brown,james.brown385@example.com,+1-407-661-4475,39.0,44592.66,Engineering,Boston,2023-02-17
13158,Michael Martin,michael.martin733@example.com,+1-417-862-4415,22.0,36689.62,HR,San Francisco,2020-10-16
13159,Mary Moore,mary.moore487@example.com,+1-735-319-4757,24.0,77343.21,Product,San Francisco,2020-12-19
13160,Sarah Gonzalez,sarah.gonzalez646@example.com,+1-366-152-1275,53.0,147008.32,Marketing,Chicago,2022-04-08
13161,Jessica Johnson,jessica.johnson121@example.com,+1-783-755-5310,53.0,119555.27,Finance,San Francisco,2024-10-31
13162,William Jackson,william.jackson989@example.com,+1-330-442-8745,37.0,128009.1,HR,San Francisco,2022-02-08
13163,Elizabeth Miller,elizabeth.miller438@example.com,+1-502-945-3951,26.0,128907.48,Engineering,New York,2022-11-16
13164,Elizabeth Hernandez,elizabeth.hernandez747@example.com,+1-326-215-1923,55.0,47407.05,HR,New York,2020-07-07
13165,Mary Jackson,mary.jackson410@example.com,+1-704-510-7472,,,Engineering,Chicago,2020-09-01
13166,David Jones,david.jones221@example.com,+1-338-467-3533,37.0,106124.8,Engineering,New York,2024-06-12
13167,Patricia Miller,patricia.miller864@example.com,+1-420-825-5408,32.0,,Marketing,Boston,2021-06-02
13168,Susan Moore,susan.moore499@example.com,+1-623-486-6021,45.0,66913.74,HR,Austin,2023-04-29
13169,Jessica Moore,jessica.moore114@example.com,+1-620-974-6468,25.0,84598.09,HR,Austin,2020-02-26
13170,Elizabeth Johnson,elizabeth.johnson440@example.com,+1-837-539-6331,37.0,135945.86,Engineering,Chicago,2020-06-30
13171,William Jones,william.jones503@example.com,+1-558-879-6204,39.0,102354.9,Sales,Austin,2024-09-09
13172,Robert Miller,robert.miller585@example.com,+1-755-855-2035,62.0,65662.54,Marketing,Boston,2022-02-07
13173,Sarah Martinez,sarah.martinez886@example.com,+1-864-143-2132,55.0,149544.14,Sales,San Francisco,2020-05-28
13174,Linda Anderson,linda.anderson487@example.com,+1-454-158-1519,26.0,5289.31,Product,Boston,2021-09-27
13175,Thomas Smith,thomas.smith383@example.com,+1-433-285-9996,32.0,84488.91,Sales,Boston,2023-06-07
13176,Jennifer Davis,jennifer.davis876@example.com,+1-367-384-1102,38.0,98751.6,HR,Boston,2020-06-01
13177,Robert Jackson,robert.jackson542@example.com,+1-487-895-6990,,137399.51,HR,Chicago,2024-06-03
13178,Patricia Williams,patricia.williams360@example.com,+1-482-736-2759,54.0,7324.69,HR,San Francisco,2022-07-22
13179,Susan Taylor,susan.taylor331@example.com,+1-561-669-1589,33.0,149469.54,Engineering,Chicago,2023-07-12
13180,Sarah Lopez,sarah.lopez593@example.com,+1-852-487-1202,36.0,78583.44,Engineering,Seattle,2022-02-07
13181,Sarah Garcia,sarah.garcia206@example.com,+1-785-297-6443,25.0,127099.83,Sales,New York,2023-10-01
13182,Sarah Smith,sarah.smith451@example.com,+1-332-126-4328,37.0,83953.58,HR,Chicago,2023-10-14
13183,Mary Lopez,mary.lopez924@example.com,+1-670-808-6430,46.0,5985.26,Finance,Boston,2024-07-02
13184,Jessica Miller,jessica.miller597@example.com,+1-978-859-3379,47.0,53874.24,Marketing,Chicago,2020-03-22
13185,Thomas Williams,thomas.williams477@example.com,+1-889-993-6429,45.0,,Product,San Francisco,2024-08-09
13186,Joseph Martin,joseph.martin324@example.com,+1-873-931-4321,,65984.66,Engineering,Seattle,2022-09-22
13187,Patricia Martinez,patricia.martinez592@example.com,+1-221-506-3123,,109549.65,Marketing,Chicago,2022-05-14
13188,Richard Miller,richard.miller440@example.com,+1-865-809-3019,44.0,75981.37,Finance,Austin,2022-10-05
13189,Barbara Garcia,barbara.garcia109@example.com,+1-380-770-3143,61.0,102041.26,Product,Austin,2022-06-22
13190,Michael Williams,michael.williams572@example.com,+1-577-323-9905,49.0,54084.25,Product,Austin,2022-01-04
13191,Thomas Lopez,thomas.lopez955@example.com,+1-302-140-8501,45.0,40856.57,Marketing,Seattle,2022-08-03
13192,Richard Jones,richard.jones40@example.com,+1-229-212-8817,51.0,123348.03,Product,Austin,2020-10-02
13193,Thomas Martin,thomas.martin19@example.com,+1-460-419-2927,51.0,49929.83,Finance,Austin,2024-07-08
13194,Elizabeth Martin,elizabeth.martin753@example.com,+1-718-926-2930,50.0,84069.1,Marketing,Chicago,2022-08-06
13195,Jessica Rodriguez,jessica.rodriguez54@example.com,+1-996-929-8655,34.0,142658.02,Finance,New York,2021-06-30
13196,John Thomas,john.thomas358@example.com,+1-461-821-1412,46.0,59713.16,Engineering,Seattle,2024-09-23
13197,Robert Martinez,robert.martinez623@example.com,+1-680-279-4396,27.0,107514.74,Marketing,Austin,2023-07-18
13198,Robert Martin,robert.martin432@example.com,+1-713-318-7039,62.0,103091.43,HR,San Francisco,2021-05-09
13199,John Smith,john.smith580@example.com,+1-314-727-9304,54.0,122527.31,HR,Seattle,2023-03-31
13200,Linda Thomas,linda.thomas142@example.com,+1-698-489-8337,45.0,47634.22,Finance,Austin,2022-03-29
13201,James Brown,james.brown194@example.com,+1-861-313-7566,48.0,8139.69,Sales,Seattle,2023-12-02
13202,Linda Anderson,linda.anderson673@example.com,+1-372-886-5442,62.0,47029.89,Product,New York,2023-03-15
13203,Charles Miller,charles.miller173@example.com,+1-879-481-7874,27.0,17449.79,HR,Boston,2022-12-22
13204,Linda Rodriguez,linda.rodriguez537@example.com,+1-715-381-7363,32.0,31098.02,Marketing,San Francisco,2021-02-26
13205,Barbara Martin,barbara.martin875@example.com,+1-272-173-5496,36.0,15607.91,Marketing,Boston,2024-08-03
13206,John Davis,john.davis285@example.com,+1-964-914-6009,44.0,90927.26,Marketing,San Francisco,2021-01-23
13207,Linda Gonzalez,linda.gonzalez414@example.com,+1-690-906-9447,48.0,41562.32,Marketing,New York,2023-08-07
13208,James Rodriguez,james.rodriguez671@example.com,+1-506-446-2416,28.0,107999.91,Product,San Francisco,2020-03-06
13209,John Jackson,john.jackson593@example.com,+1-242-934-6440,45.0,73272.28,Product,San Francisco,2020-03-30
13210,Jennifer Lopez,jennifer.lopez507@example.com,+1-555-716-5862,33.0,30846.69,HR,Chicago,2021-01-01
13211,Jennifer Jackson,jennifer.jackson487@example.com,+1-693-330-5459,57.0,75933.28,Product,San Francisco,2022-02-02
13212,Jennifer Anderson,jennifer.anderson855@example.com,+1-384-486-9933,55.0,18874.44,Finance,San Francisco,2023-04-19
13213,Elizabeth Hernandez,elizabeth.hernandez48@example.com,+1-452-989-1954,63.0,7263.66,Finance,San Francisco,2020-08-04
13214,Mary Jackson,mary.jackson928@example.com,+1-880-625-2575,49.0,73711.28,Finance,Boston,2023-05-11
13215,Thomas Williams,thomas.williams260@example.com,+1-276-521-5827,35.0,,HR,Austin,2023-06-05
13216,Mary Smith,mary.smith705@example.com,+1-721-436-7796,43.0,70652.02,Sales,Seattle,2023-01-25
13217,Linda Smith,linda.smith962@example.com,+1-748-601-5193,24.0,71609.59,Marketing,San Francisco,2022-08-25
13218,Michael Brown,michael.brown526@example.com,+1-840-610-9085,31.0,108228.17,Marketing,New York,2024-10-07
13219,Michael Gonzalez,michael.gonzalez178@example.com,+1-269-312-2606,39.0,121197.28,HR,Seattle,2020-07-26
13220,Susan Thomas,susan.thomas764@example.com,+1-843-790-2874,55.0,,Engineering,Boston,2021-09-09
13221,Jennifer Anderson,jennifer.anderson742@example.com,+1-800-614-1809,35.0,117381.94,Finance,Boston,2023-08-27
13222,Thomas Taylor,thomas.taylor554@example.com,+1-813-376-6618,35.0,96521.51,Engineering,Boston,2020-06-23
13223,Michael Hernandez,michael.hernandez46@example.com,+1-834-300-6183,59.0,,Sales,Boston,2022-01-24
13224,Patricia Wilson,patricia.wilson287@example.com,+1-234-724-1174,54.0,36749.51,Finance,Boston,2021-07-21
13225,Mary Davis,mary.davis875@example.com,+1-295-442-7999,22.0,54564.97,Marketing,Chicago,2023-01-09
13226,Joseph Taylor,joseph.taylor449@example.com,+1-961-756-6951,59.0,46173.1,Product,New York,2023-01-30
13227,Michael Garcia,michael.garcia602@example.com,+1-743-287-5261,50.0,44805.21,Finance,New York,2023-12-30
13228,Elizabeth Jackson,elizabeth.jackson810@example.com,+1-775-893-9641,56.0,124788.77,Engineering,San Francisco,2022-01-08
13229,Charles Martinez,charles.martinez879@example.com,+1-569-498-4191,25.0,28813.93,Product,New York,2023-11-09
13230,James Anderson,james.anderson838@example.com,+1-278-625-5420,27.0,,HR,San Francisco,2022-10-14
13231,Thomas Miller,thomas.miller689@example.com,+1-214-553-8430,25.0,143220.0,Engineering,San Francisco,2024-08-25
13232,Robert Hernandez,robert.hernandez623@example.com,+1-676-292-1905,50.0,37826.61,HR,Chicago,2022-12-24
13233,William Lopez,william.lopez197@example.com,+1-224-327-6237,56.0,,Engineering,Chicago,2023-08-27
13234,Susan Taylor,susan.taylor965@example.com,+1-222-780-8431,53.0,136143.59,Finance,Seattle,2022-02-07
13235,Robert Martin,robert.martin848@example.com,+1-445-925-9191,43.0,101480.28,Finance,San Francisco,2021-09-03
13236,Thomas Martin,thomas.martin269@example.com,+1-444-917-5145,37.0,92645.19,Finance,Seattle,2022-07-02
13237,Thomas Johnson,thomas.johnson487@example.com,+1-605-636-8735,49.0,119579.12,Engineering,Seattle,2021-04-08
13238,Elizabeth Rodriguez,elizabeth.rodriguez599@example.com,+1-272-419-2881,57.0,122534.52,Engineering,Austin,2023-01-17
13239,Jessica Gonzalez,jessica.gonzalez962@example.com,+1-683-486-6487,35.0,98471.01,Marketing,San Francisco,2023-10-29
13240,Jessica Gonzalez,jessica.gonzalez593@example.com,+1-290-799-8565,62.0,77862.54,HR,Boston,2021-06-23
13241,Michael Anderson,michael.anderson761@example.com,+1-421-679-9453,23.0,95140.91,Marketing,New York,2022-08-25
13242,David Taylor,david.taylor319@example.com,+1-836-633-8548,54.0,51759.66,Finance,Chicago,2021-05-16
13243,Richard Anderson,richard.anderson975@example.com,+1-304-621-6064,62.0,,Engineering,New York,2022-12-28
13244,David Jones,david.jones488@example.com,+1-878-304-5214,59.0,17122.22,Marketing,San Francisco,2020-05-11
13245,Barbara Garcia,barbara.garcia473@example.com,+1-320-399-5963,54.0,21303.47,Sales,Chicago,2021-12-19
13246,James Williams,james.williams246@example.com,+1-644-743-7314,35.0,83689.07,Finance,Austin,2022-02-13
13247,Thomas Brown,thomas.brown713@example.com,+1-601-221-7032,38.0,125110.6,Engineering,Austin,2022-06-26
13248,David Thomas,david.thomas621@example.com,+1-983-840-8090,50.0,39501.14,Sales,New York,2021-02-15
13249,John Martin,john.martin280@example.com,+1-636-957-3392,58.0,115716.87,Marketing,Seattle,2023-09-23
13250,Jennifer Moore,jennifer.moore868@example.com,+1-821-667-3132,43.0,30092.78,Marketing,Seattle,2020-06-24
13251,Elizabeth Martin,elizabeth.martin273@example.com,+1-870-602-6200,50.0,28653.49,Product,San Francisco,2022-12-28
13252,Michael Anderson,michael.anderson505@example.com,+1-385-516-9898,63.0,69780.72,Sales,New York,2020-02-05
13253,Jennifer Hernandez,jennifer.hernandez877@example.com,+1-466-616-1797,,14291.24,Marketing,Austin,2021-01-12
13254,Richard Thomas,richard.thomas816@example.com,+1-409-870-1815,46.0,33386.62,Sales,Austin,2022-12-22
13255,Joseph Gonzalez,joseph.gonzalez250@example.com,+1-875-674-3304,49.0,27923.85,Sales,San Francisco,2021-09-29
13256,William Jones,william.jones294@example.com,+1-262-745-1750,62.0,116498.76,Marketing,Chicago,2022-07-29
13257,Linda Rodriguez,linda.rodriguez342@example.com,+1-946-965-5740,22.0,89715.86,Product,San Francisco,2022-03-12
13258,Elizabeth Anderson,elizabeth.anderson548@example.com,+1-541-773-4701,38.0,108966.9,Finance,San Francisco,2022-10-16
13259,Richard Gonzalez,richard.gonzalez54@example.com,+1-940-296-2770,44.0,20932.82,Marketing,Chicago,2023-05-03
13260,Joseph Brown,joseph.brown398@example.com,+1-906-534-2752,53.0,93541.93,Sales,New York,2024-08-16
13261,Linda Jones,linda.jones64@example.com,+1-481-871-4866,59.0,91878.3,Engineering,Austin,2024-05-04
13262,Richard Gonzalez,richard.gonzalez271@example.com,+1-678-845-3612,58.0,67169.78,Engineering,Seattle,2024-05-14
13263,Jessica Lopez,jessica.lopez218@example.com,+1-762-244-7563,50.0,139370.84,Sales,Austin,2020-02-13
13264,Jessica Wilson,jessica.wilson345@example.com,+1-438-985-5819,60.0,5430.21,Product,Chicago,2021-04-05
13265,Mary Martinez,mary.martinez895@example.com,+1-732-337-8089,43.0,27368.55,Engineering,Chicago,2024-07-29
13266,Barbara Brown,barbara.brown778@example.com,+1-853-861-3121,63.0,13144.64,Product,Seattle,2024-06-14
13267,Linda Miller,linda.miller90@example.com,+1-964-751-7628,58.0,33764.94,Engineering,San Francisco,2024-07-19
13268,Thomas Rodriguez,thomas.rodriguez685@example.com,+1-656-674-5188,23.0,91439.82,Finance,San Francisco,2022-01-22
13269,Joseph Jackson,joseph.jackson860@example.com,+1-639-732-7857,29.0,99921.63,Finance,San Francisco,2023-01-02
13270,Robert Hernandez,robert.hernandez719@example.com,+1-655-843-4544,63.0,96699.35,Sales,Boston,2023-01-03
13271,John Rodriguez,john.rodriguez138@example.com,+1-573-674-5837,61.0,39202.85,Marketing,Seattle,2023-09-26
13272,Michael Jackson,michael.jackson560@example.com,+1-497-171-3303,48.0,108652.97,Product,Austin,2023-11-09
13273,Robert Williams,robert.williams905@example.com,+1-947-178-1815,62.0,,Marketing,Chicago,2023-02-03
13274,Susan Lopez,susan.lopez698@example.com,+1-591-675-7431,24.0,55428.82,HR,San Francisco,2023-09-18
13275,James Johnson,james.johnson316@example.com,+1-413-129-9278,47.0,18511.82,Finance,New York,2020-01-15
13276,John Rodriguez,john.rodriguez509@example.com,+1-213-329-5186,41.0,83277.3,Product,Austin,2024-05-30
13277,Thomas Garcia,thomas.garcia504@example.com,+1-818-565-7587,56.0,108804.32,Marketing,Boston,2020-12-22
13278,Barbara Wilson,barbara.wilson172@example.com,+1-437-717-9779,26.0,143545.78,Finance,Seattle,2023-09-08
13279,Jennifer Gonzalez,jennifer.gonzalez495@example.com,+1-278-421-5234,37.0,56239.42,Engineering,Chicago,2020-08-11
13280,Elizabeth Martin,elizabeth.martin686@example.com,+1-620-931-4983,47.0,87013.06,Marketing,San Francisco,2023-12-21
13281,Elizabeth Brown,elizabeth.brown301@example.com,+1-316-691-3734,61.0,133466.9,HR,Austin,2021-09-20
13282,David Jones,david.jones79@example.com,+1-373-543-4772,44.0,53665.6,Marketing,Seattle,2020-11-14
13283,Michael Miller,michael.miller138@example.com,+1-643-389-9578,39.0,22454.8,Product,New York,2022-05-23
13284,William Johnson,william.johnson384@example.com,+1-495-575-7982,30.0,42713.59,HR,New York,2023-12-12
13285,Thomas Martinez,thomas.martinez568@example.com,+1-567-442-6484,,147707.16,Engineering,New York,2020-07-04
13286,James Williams,james.williams115@example.com,+1-617-741-9756,62.0,18856.25,Engineering,San Francisco,2021-03-28
13287,Barbara Smith,barbara.smith626@example.com,+1-887-148-9359,36.0,62769.69,Sales,San Francisco,2024-07-14
13288,James Garcia,james.garcia243@example.com,+1-465-957-9690,47.0,147275.08,Finance,Seattle,2020-12-10
13289,Thomas Smith,thomas.smith932@example.com,+1-841-428-4254,,,Sales,Chicago,2020-10-29
13290,Joseph Williams,joseph.williams663@example.com,+1-762-489-4728,39.0,56873.46,HR,Seattle,2020-12-02
13291,Robert Taylor,robert.taylor101@example.com,+1-208-986-3823,46.0,,,Boston,2022-03-01
13292,William Brown,william.brown427@example.com,+1-430-309-6281,55.0,126485.88,Marketing,San Francisco,2024-02-06
13293,John Jones,john.jones21@example.com,+1-694-883-5624,36.0,88008.06,Engineering,New York,2020-03-05
13294,Elizabeth Williams,elizabeth.williams778@example.com,+1-218-644-6074,57.0,129791.63,Marketing,Boston,2021-04-06
13295,William Garcia,william.garcia579@example.com,+1-811-733-4228,30.0,97754.04,Marketing,San Francisco,2023-07-04
13296,Patricia Rodriguez,patricia.rodriguez261@example.com,+1-844-198-1177,30.0,106539.56,Sales,New York,2022-06-10
13297,Robert Hernandez,robert.hernandez330@example.com,+1-507-589-7900,57.0,39683.49,Sales,Boston,2020-01-24
13298,James Rodriguez,james.rodriguez810@example.com,+1-767-289-3588,64.0,86653.71,HR,Boston,2020-10-25
13299,Richard Williams,richard.williams989@example.com,+1-299-715-4672,61.0,71037.82,Finance,Chicago,2022-02-21
13300,Joseph Garcia,joseph.garcia653@example.com,+1-257-211-4699,55.0,22213.78,HR,Boston,2023-09-16
13301,Robert Garcia,robert.garcia306@example.com,+1-203-509-5902,63.0,5271.06,Marketing,Austin,2021-07-19
13302,Jennifer Lopez,jennifer.lopez896@example.com,+1-420-881-1634,46.0,61500.94,Engineering,San Francisco,2021-09-06
13303,David Miller,david.miller253@example.com,+1-967-245-9606,64.0,89866.19,Marketing,Chicago,2022-05-11
13304,Jessica Hernandez,jessica.hernandez119@example.com,+1-529-241-9867,44.0,97353.75,Engineering,San Francisco,2021-10-07
13305,Charles Davis,charles.davis952@example.com,+1-414-176-3142,58.0,121175.24,HR,San Francisco,2024-01-07
13306,William Jackson,william.jackson16@example.com,+1-694-838-5862,47.0,118511.0,Engineering,Austin,2021-11-26
13307,William Johnson,william.johnson667@example.com,+1-918-666-1810,45.0,144489.78,Engineering,Boston,2024-11-20
13308,Mary Johnson,mary.johnson570@example.com,+1-801-537-1762,43.0,63312.82,Engineering,Chicago,2023-06-11
13309,Robert Davis,robert.davis443@example.com,+1-387-113-5165,32.0,141206.99,Finance,Boston,2020-11-13
13310,Sarah Williams,sarah.williams400@example.com,+1-469-193-4534,34.0,21304.67,Product,San Francisco,2020-04-12
13311,John Martin,john.martin26@example.com,+1-788-377-9627,61.0,136848.32,Engineering,Boston,2023-03-01
13312,Mary Taylor,mary.taylor367@example.com,+1-343-453-2274,50.0,105247.8,Marketing,Seattle,2021-04-29
13313,James Rodriguez,james.rodriguez664@example.com,+1-647-191-6371,57.0,146923.24,Engineering,San Francisco,2021-07-15
13314,Richard Thomas,richard.thomas573@example.com,+1-962-717-5806,38.0,62437.82,Marketing,San Francisco,2022-02-06
13315,Jessica Garcia,jessica.garcia431@example.com,+1-253-287-2890,48.0,66116.96,Finance,Chicago,2024-04-20
13316,John Garcia,john.garcia958@example.com,+1-763-251-5808,58.0,22350.96,Marketing,New York,2023-08-21
13317,Jennifer Martin,jennifer.martin145@example.com,+1-267-253-6582,27.0,55067.24,Finance,Seattle,2022-12-05
13318,Michael Gonzalez,michael.gonzalez458@example.com,+1-520-244-2037,27.0,64001.96,Sales,Seattle,2021-10-17
13319,Patricia Johnson,patricia.johnson965@example.com,+1-628-392-7520,,138521.6,Finance,Austin,2022-06-27
13320,Richard Hernandez,richard.hernandez94@example.com,+1-584-103-2730,44.0,114772.37,Finance,San Francisco,2022-04-26
13321,Richard Martinez,richard.martinez632@example.com,+1-489-796-2258,50.0,42360.84,Sales,San Francisco,2023-06-01
13322,Jennifer Martin,jennifer.martin354@example.com,+1-800-989-3445,38.0,37141.95,Sales,Austin,2021-09-27
13323,Jennifer Martin,jennifer.martin74@example.com,+1-436-102-4692,63.0,57187.76,Marketing,New York,2022-08-12
13324,Joseph Miller,joseph.miller376@example.com,+1-907-806-4606,35.0,142097.43,Sales,Seattle,2024-11-12
13325,Barbara Brown,barbara.brown662@example.com,+1-724-797-2505,42.0,47932.25,Marketing,Seattle,2021-11-26
13326,James Jackson,james.jackson876@example.com,+1-347-896-8600,51.0,31800.3,Finance,Seattle,2020-04-10
13327,William Taylor,william.taylor887@example.com,+1-334-903-8772,50.0,103135.12,Sales,New York,2023-12-11
13328,Michael Johnson,michael.johnson780@example.com,+1-576-751-3743,54.0,108891.54,Product,New York,2021-04-29
13329,Mary Moore,mary.moore242@example.com,+1-663-448-8453,51.0,80193.18,Product,Chicago,2023-04-08
13330,Jessica Wilson,jessica.wilson17@example.com,+1-556-680-3186,50.0,28665.48,Finance,New York,2022-11-08
13331,Joseph Brown,joseph.brown636@example.com,+1-558-791-8540,35.0,32990.04,Product,Boston,2021-05-19
13332,Thomas Jones,thomas.jones540@example.com,+1-337-655-1313,49.0,31704.15,HR,Chicago,2021-02-07
13333,Joseph Brown,joseph.brown993@example.com,+1-883-848-6806,53.0,23738.25,Product,Chicago,2024-09-17
13334,Joseph Brown,joseph.brown721@example.com,+1-410-832-8570,26.0,72579.32,Engineering,San Francisco,2023-06-22
13335,Joseph Lopez,joseph.lopez902@example.com,+1-425-912-4513,41.0,35941.33,Marketing,Boston,2023-10-08
13336,Patricia Jones,patricia.jones491@example.com,+1-407-402-3473,24.0,,Sales,San Francisco,2022-08-02
13337,Joseph Brown,joseph.brown797@example.com,+1-572-956-7905,,108472.0,Product,Austin,2021-01-08
13338,Charles Smith,charles.smith10@example.com,+1-636-785-5505,55.0,110348.57,HR,San Francisco,2020-08-26
13339,Elizabeth Hernandez,elizabeth.hernandez313@example.com,+1-481-794-1185,51.0,42100.95,Engineering,Chicago,2024-11-02
13340,Mary Williams,mary.williams336@example.com,+1-394-992-1078,64.0,77892.21,Engineering,Boston,2021-03-22
13341,Jennifer Jones,jennifer.jones765@example.com,+1-729-782-6991,50.0,48649.17,Marketing,San Francisco,2023-10-05
13342,James Johnson,james.johnson196@example.com,+1-207-723-1544,56.0,148931.93,Finance,Seattle,2024-10-13
13343,Mary Gonzalez,mary.gonzalez598@example.com,+1-422-535-3153,33.0,108376.44,Marketing,Boston,2021-11-18
13344,Susan Jones,susan.jones860@example.com,+1-640-383-6614,47.0,40802.75,HR,Austin,2022-03-21
13345,James Martin,james.martin510@example.com,+1-389-605-5103,41.0,140274.49,Finance,New York,2021-07-25
13346,Thomas Brown,thomas.brown388@example.com,+1-655-978-8175,35.0,80140.66,HR,Boston,2024-03-30
13347,Robert Gonzalez,robert.gonzalez176@example.com,+1-792-395-9772,,116941.76,Product,Seattle,2022-03-16
13348,John Jones,john.jones92@example.com,+1-582-648-8194,34.0,145261.64,Sales,Boston,2021-12-15
13349,Joseph Smith,joseph.smith280@example.com,+1-683-147-9885,60.0,81828.22,Finance,Boston,2021-06-22
13350,Mary Wilson,mary.wilson61@example.com,+1-669-342-9528,56.0,140110.59,Engineering,Chicago,2020-02-21
13351,Thomas Davis,thomas.davis955@example.com,+1-590-346-8562,24.0,101701.93,HR,Seattle,2023-09-30
13352,William Garcia,william.garcia853@example.com,+1-509-800-2600,55.0,117121.69,Sales,Austin,2020-12-21
13353,Richard Moore,richard.moore622@example.com,+1-318-508-2675,54.0,105796.03,Sales,San Francisco,2024-02-03
13354,Elizabeth Lopez,elizabeth.lopez462@example.com,+1-318-448-7836,34.0,55388.06,Product,Austin,2021-03-29
13355,John Davis,john.davis141@example.com,+1-354-883-5817,28.0,118365.76,Marketing,Seattle,2024-07-21
13356,Jennifer Johnson,jennifer.johnson488@example.com,+1-430-323-7600,36.0,133290.84,Finance,Seattle,2022-05-26
13357,John Rodriguez,john.rodriguez498@example.com,+1-445-935-2488,31.0,73523.97,Finance,Seattle,2023-10-24
13358,Elizabeth Martin,elizabeth.martin975@example.com,+1-847-945-2013,59.0,87570.45,Product,Chicago,2024-06-01
13359,Susan Garcia,susan.garcia757@example.com,+1-335-508-3271,46.0,110715.21,Sales,San Francisco,2023-04-26
13360,Jessica Taylor,jessica.taylor615@example.com,+1-645-215-2695,48.0,39099.61,Product,Austin,2024-08-05
13361,John Miller,john.miller633@example.com,+1-504-449-7067,52.0,91535.61,Engineering,Austin,2023-12-15
13362,Jennifer Hernandez,jennifer.hernandez746@example.com,+1-986-934-2924,33.0,148825.24,Engineering,San Francisco,2023-09-13
13363,Susan Lopez,susan.lopez593@example.com,+1-395-881-3952,32.0,55849.54,HR,Austin,2023-11-24
13364,Thomas Smith,thomas.smith221@example.com,+1-325-921-4709,23.0,88552.1,Product,New York,2024-03-27
13365,Jessica Miller,jessica.miller348@example.com,+1-342-522-2864,26.0,62310.81,Finance,Austin,2023-12-30
13366,William Johnson,william.johnson603@example.com,+1-758-975-3034,53.0,132619.17,Product,New York,2021-07-05
13367,Jessica Jones,jessica.jones445@example.com,+1-595-265-4041,25.0,24371.65,Product,New York,2020-04-24
13368,Jennifer Williams,jennifer.williams273@example.com,+1-723-933-9540,44.0,94516.25,Engineering,San Francisco,2023-09-27
13369,Patricia Brown,patricia.brown462@example.com,+1-650-161-1595,41.0,16093.45,Sales,Seattle,2022-12-26
13370,William Wilson,william.wilson805@example.com,+1-234-395-3917,23.0,132780.28,Sales,Austin,2023-09-09
13371,Charles Wilson,charles.wilson825@example.com,+1-610-944-7355,,17875.9,HR,New York,2022-02-28
13372,Elizabeth Anderson,elizabeth.anderson63@example.com,+1-537-474-6085,34.0,5179.71,,Austin,2024-08-30
13373,Sarah Brown,sarah.brown604@example.com,+1-593-114-8148,39.0,101819.84,Product,Chicago,2024-11-03
13374,Robert Thomas,robert.thomas776@example.com,+1-368-180-5893,39.0,41527.92,Finance,Boston,2022-12-13
13375,Michael Davis,michael.davis991@example.com,+1-797-674-2470,51.0,145902.32,Finance,San Francisco,2022-08-22
13376,William Jones,william.jones684@example.com,+1-338-397-6375,41.0,32019.98,Engineering,Boston,2020-09-23
13377,David Smith,david.smith345@example.com,+1-781-462-7333,45.0,97886.82,Product,San Francisco,2023-05-22
13378,Thomas Lopez,thomas.lopez101@example.com,+1-562-137-3711,64.0,111962.48,Engineering,San Francisco,2023-05-05
13379,Sarah Rodriguez,sarah.rodriguez941@example.com,+1-824-440-6697,54.0,50031.93,HR,New York,2024-11-29
13380,Patricia Taylor,patricia.taylor36@example.com,+1-504-822-9960,47.0,92956.11,Finance,Austin,2022-10-11
13381,David Thomas,david.thomas836@example.com,+1-428-573-8323,47.0,44496.69,Product,New York,2024-11-22
13382,Sarah Rodriguez,sarah.rodriguez532@example.com,+1-684-718-4884,,31043.05,Engineering,San Francisco,2024-01-24
13383,Robert Martin,robert.martin622@example.com,+1-494-557-9129,22.0,60412.16,Sales,Seattle,2023-11-23
13384,Robert Taylor,robert.taylor16@example.com,+1-714-431-9636,36.0,88014.59,Finance,Seattle,2022-09-23
13385,James Hernandez,james.hernandez54@example.com,+1-745-310-1263,29.0,110562.56,Marketing,Chicago,2020-11-29
13386,Sarah Martinez,sarah.martinez743@example.com,+1-242-309-1965,32.0,37900.25,Sales,New York,2023-06-23
13387,William Johnson,william.johnson302@example.com,+1-283-308-9249,46.0,80124.22,Engineering,Seattle,2023-09-16
13388,Sarah Wilson,sarah.wilson299@example.com,+1-413-531-7392,50.0,48166.02,Engineering,Austin,2021-12-05
13389,Michael Thomas,michael.thomas996@example.com,+1-539-545-3156,54.0,142233.76,HR,Boston,2020-12-07
13390,Patricia Jones,patricia.jones641@example.com,+1-601-489-6481,49.0,85649.53,Finance,Seattle,2023-04-24
13391,Linda Jackson,linda.jackson358@example.com,+1-680-933-9182,54.0,20337.53,Sales,San Francisco,2020-01-17
13392,Michael Rodriguez,michael.rodriguez323@example.com,+1-682-343-4892,26.0,16463.14,Finance,San Francisco,2021-12-21
13393,Barbara Rodriguez,barbara.rodriguez793@example.com,+1-762-868-7673,55.0,110788.99,HR,Chicago,2023-11-09
13394,Barbara Jackson,barbara.jackson545@example.com,+1-737-252-9604,31.0,31140.63,,New York,2023-10-10
13395,Jennifer Lopez,jennifer.lopez165@example.com,+1-787-830-7420,30.0,17316.23,Finance,Chicago,2024-01-07
13396,Robert Davis,robert.davis30@example.com,+1-810-674-7957,,39629.2,Sales,Austin,2023-09-21
13397,Linda Martinez,linda.martinez203@example.com,+1-559-619-4149,41.0,,Marketing,Boston,2020-03-25
13398,Susan Hernandez,susan.hernandez459@example.com,+1-227-986-2352,44.0,86748.61,Product,Chicago,2020-02-29
13399,Richard Taylor,richard.taylor914@example.com,+1-378-881-8660,26.0,95889.89,Marketing,Austin,2022-07-14
13400,Susan Williams,susan.williams550@example.com,+1-241-559-4190,48.0,144785.14,Sales,Chicago,2020-10-11
13401,Robert Gonzalez,robert.gonzalez590@example.com,+1-675-157-7862,45.0,26097.78,Finance,Chicago,2023-06-28
13402,Susan Moore,susan.moore339@example.com,+1-548-599-8834,56.0,48802.33,Marketing,Seattle,2022-10-01
13403,Sarah Taylor,sarah.taylor998@example.com,+1-896-522-1927,25.0,,Engineering,San Francisco,2020-03-18
13404,Barbara Hernandez,barbara.hernandez651@example.com,+1-875-681-1291,43.0,30099.45,Sales,Boston,2023-11-30
13405,Linda Smith,linda.smith863@example.com,+1-738-171-9569,27.0,144037.36,Engineering,New York,2022-12-23
13406,Mary Taylor,mary.taylor299@example.com,+1-682-519-7500,59.0,76057.22,Product,Chicago,2020-12-30
13407,Linda Anderson,linda.anderson880@example.com,+1-902-774-1200,63.0,114658.09,Product,Seattle,2022-05-06
13408,Barbara Rodriguez,barbara.rodriguez105@example.com,+1-865-639-7653,41.0,60812.92,Engineering,Chicago,2020-10-03
13409,Patricia Taylor,patricia.taylor350@example.com,+1-620-327-2918,46.0,141193.4,Engineering,Boston,2022-05-16
13410,Linda Jackson,linda.jackson606@example.com,+1-619-928-9730,59.0,148541.92,Engineering,Seattle,2024-06-14
13411,Jessica Lopez,jessica.lopez289@example.com,+1-699-298-6494,35.0,41293.04,Marketing,Austin,2023-09-07
13412,Elizabeth Wilson,elizabeth.wilson699@example.com,+1-703-159-6052,47.0,76128.65,HR,Chicago,2023-06-04
13413,Elizabeth Anderson,elizabeth.anderson517@example.com,+1-790-890-1126,29.0,134215.65,Sales,Chicago,2021-11-24
13414,James Garcia,james.garcia167@example.com,+1-809-816-3408,45.0,56595.0,Finance,Austin,2023-06-24
13415,Joseph Anderson,joseph.anderson475@example.com,+1-254-404-2976,24.0,30733.47,HR,New York,2021-11-12
13416,Robert Taylor,robert.taylor382@example.com,+1-396-263-1821,,86002.37,,Chicago,2021-05-07
13417,Charles Garcia,charles.garcia305@example.com,+1-433-440-1592,22.0,82783.4,HR,Boston,2020-09-14
13418,Susan Moore,susan.moore49@example.com,+1-233-846-6905,55.0,125925.27,Marketing,Chicago,2022-08-08
13419,Susan Miller,susan.miller185@example.com,+1-944-937-7991,30.0,119374.28,,San Francisco,2024-07-11
13420,Thomas Hernandez,thomas.hernandez353@example.com,+1-463-267-6144,25.0,91958.35,Product,Austin,2020-01-28
13421,Patricia Jones,patricia.jones897@example.com,+1-746-745-5973,54.0,,Product,Boston,2023-10-10
13422,Michael Hernandez,michael.hernandez336@example.com,+1-899-699-6366,45.0,,Marketing,Seattle,2023-09-20
13423,Thomas Martinez,thomas.martinez479@example.com,+1-205-318-4987,,9589.55,Sales,Chicago,2023-04-27
13424,David Lopez,david.lopez559@example.com,+1-562-869-9785,33.0,,Sales,San Francisco,2020-11-13
13425,Sarah Lopez,sarah.lopez167@example.com,+1-529-295-2454,41.0,94257.68,Product,Seattle,2024-06-28
13426,Thomas Wilson,thomas.wilson644@example.com,+1-906-292-5993,61.0,72434.34,Marketing,Seattle,2023-04-08
13427,John Lopez,john.lopez480@example.com,+1-952-448-3090,29.0,12091.78,Product,Seattle,2023-11-07
13428,Elizabeth Hernandez,elizabeth.hernandez701@example.com,+1-724-815-6940,31.0,45643.43,Engineering,Austin,2021-06-02
13429,Patricia Smith,patricia.smith174@example.com,+1-945-202-5531,28.0,67328.99,Sales,Chicago,2024-02-26
13430,Sarah Johnson,sarah.johnson81@example.com,+1-551-151-5555,60.0,54783.92,Finance,San Francisco,2022-11-25
13431,Elizabeth Martin,elizabeth.martin264@example.com,+1-876-299-1835,50.0,81289.61,Sales,Boston,2020-09-15
13432,Susan Rodriguez,susan.rodriguez62@example.com,+1-952-943-3734,63.0,117858.77,Engineering,San Francisco,2022-12-01
13433,Jennifer Taylor,jennifer.taylor725@example.com,+1-594-948-5770,62.0,118889.27,HR,Boston,2023-01-27
13434,Richard Miller,richard.miller951@example.com,+1-873-294-7759,22.0,56203.49,Engineering,Austin,2020-01-03
13435,Charles Moore,charles.moore543@example.com,+1-805-456-7214,51.0,54833.21,Marketing,Chicago,2022-11-11
13436,Michael Taylor,michael.taylor392@example.com,+1-944-617-2360,55.0,120896.66,Product,Chicago,2023-04-24
13437,Charles Garcia,charles.garcia619@example.com,+1-867-861-3633,62.0,54841.06,Engineering,Boston,2023-08-08
13438,Linda Miller,linda.miller711@example.com,+1-853-276-2540,40.0,119825.2,Sales,Chicago,2024-07-21
13439,John Williams,john.williams278@example.com,+1-571-137-1901,50.0,14742.44,Sales,New York,2020-09-21
13440,Joseph Moore,joseph.moore912@example.com,+1-963-700-8908,44.0,130973.89,Product,Seattle,2021-03-01
13441,Barbara Gonzalez,barbara.gonzalez46@example.com,+1-725-733-9941,33.0,132196.28,Product,Seattle,2021-05-09
13442,Elizabeth Jackson,elizabeth.jackson281@example.com,+1-619-949-5584,60.0,116016.76,Engineering,Austin,2021-03-15
13443,Elizabeth Jackson,elizabeth.jackson427@example.com,+1-996-679-8135,32.0,38471.89,Finance,Seattle,2024-02-07
13444,Linda Martinez,linda.martinez546@example.com,+1-969-957-9019,24.0,53619.32,Engineering,Austin,2022-01-29
13445,Thomas Thomas,thomas.thomas52@example.com,+1-755-900-2622,59.0,107741.46,HR,Seattle,2021-10-03
13446,Susan Gonzalez,susan.gonzalez743@example.com,+1-518-944-8414,58.0,85563.38,Marketing,New York,2021-12-05
13447,Linda Taylor,linda.taylor262@example.com,+1-701-547-8073,62.0,44794.49,Marketing,Seattle,2024-09-30
13448,John Brown,john.brown759@example.com,+1-799-995-4002,35.0,26605.39,Marketing,Austin,2022-01-20
13449,Patricia Wilson,patricia.wilson923@example.com,+1-211-777-1297,57.0,37412.92,Marketing,Boston,2024-11-23
13450,Mary Martinez,mary.martinez916@example.com,+1-483-702-4182,51.0,98185.9,Engineering,Seattle,2024-10-05
13451,Joseph Martin,joseph.martin260@example.com,+1-938-266-6967,44.0,139755.78,Sales,Austin,2024-04-08
13452,Charles Moore,charles.moore336@example.com,+1-311-891-7445,29.0,126321.57,Engineering,Chicago,2020-07-03
13453,Mary Martinez,mary.martinez308@example.com,+1-481-571-7553,29.0,62832.85,Engineering,San Francisco,2024-10-05
13454,Elizabeth Lopez,elizabeth.lopez555@example.com,+1-568-977-6053,27.0,50367.46,Engineering,San Francisco,2023-12-11
13455,Charles Garcia,charles.garcia560@example.com,+1-965-244-7436,24.0,35276.89,Product,San Francisco,2020-02-18
13456,Thomas Jackson,thomas.jackson886@example.com,+1-860-167-1508,53.0,73298.63,HR,Seattle,2022-03-06
13457,Thomas Martinez,thomas.martinez559@example.com,+1-760-171-9961,56.0,20348.3,Finance,New York,2023-08-04
13458,Elizabeth Martinez,elizabeth.martinez538@example.com,+1-503-589-7502,44.0,95285.17,Finance,New York,2021-05-15
13459,Joseph Johnson,joseph.johnson970@example.com,+1-331-619-2328,50.0,27778.73,Finance,Boston,2024-02-24
13460,Elizabeth Wilson,elizabeth.wilson250@example.com,+1-469-766-9819,58.0,118908.61,Product,Boston,2024-02-18
13461,Jessica Miller,jessica.miller398@example.com,+1-787-893-3411,32.0,25039.04,Product,Seattle,2022-01-05
13462,James Moore,james.moore648@example.com,+1-204-545-5383,46.0,77837.17,Marketing,San Francisco,2024-08-30
13463,Susan Williams,susan.williams873@example.com,+1-721-673-5831,29.0,64964.76,HR,Chicago,2023-11-20
13464,Robert Anderson,robert.anderson40@example.com,+1-307-381-3668,27.0,106082.48,Marketing,Seattle,2023-04-08
13465,Mary Martinez,mary.martinez46@example.com,+1-290-332-4058,62.0,93926.09,Marketing,Seattle,2024-01-07
13466,Richard Rodriguez,richard.rodriguez339@example.com,+1-747-246-7492,44.0,135274.49,Marketing,Austin,2021-12-06
13467,John Jackson,john.jackson550@example.com,+1-606-438-7238,37.0,144319.75,Engineering,Seattle,2021-06-18
13468,David Moore,david.moore61@example.com,+1-910-393-3347,46.0,95237.44,Engineering,Chicago,2021-03-11
13469,Joseph Davis,joseph.davis948@example.com,+1-847-384-7156,22.0,47344.55,Finance,New York,2020-04-17
13470,Joseph Hernandez,joseph.hernandez294@example.com,+1-458-272-2740,24.0,9556.19,Product,Chicago,2021-04-15
13471,Mary Moore,mary.moore457@example.com,+1-942-569-8005,34.0,109887.83,Marketing,Chicago,2020-06-29
13472,Elizabeth Thomas,elizabeth.thomas296@example.com,+1-286-485-1602,43.0,87941.57,Sales,New York,2023-06-07
13473,Michael Gonzalez,michael.gonzalez761@example.com,+1-948-574-8120,42.0,37687.42,Engineering,Chicago,2023-12-20
13474,Sarah Miller,sarah.miller448@example.com,+1-843-596-6918,51.0,90834.64,,San Francisco,2020-12-05
13475,Charles Garcia,charles.garcia914@example.com,+1-900-819-5756,30.0,137544.11,Sales,Seattle,2021-09-14
13476,William Thomas,william.thomas401@example.com,+1-853-114-3687,60.0,42837.54,Marketing,Austin,2023-03-26
13477,Sarah Jackson,sarah.jackson150@example.com,+1-546-886-5929,22.0,11001.02,HR,Boston,2021-01-20
13478,Barbara Taylor,barbara.taylor181@example.com,+1-756-436-4667,50.0,20182.98,Engineering,Boston,2023-05-17
13479,Susan Thomas,susan.thomas255@example.com,+1-230-794-5570,50.0,33904.67,Marketing,Chicago,2024-02-12
13480,James Garcia,james.garcia464@example.com,+1-777-101-5590,26.0,63893.42,Marketing,New York,2024-02-15
13481,Elizabeth Hernandez,elizabeth.hernandez413@example.com,+1-207-319-9916,59.0,63848.09,Engineering,San Francisco,2024-02-22
13482,William Johnson,william.johnson953@example.com,+1-549-201-8815,24.0,8257.3,HR,Chicago,2021-05-24
13483,Sarah Martin,sarah.martin30@example.com,+1-240-991-2899,25.0,59329.76,HR,Austin,2021-05-28
13484,Jessica Gonzalez,jessica.gonzalez18@example.com,+1-252-895-1127,40.0,72263.99,Finance,Seattle,2022-01-26
13485,Robert Martin,robert.martin768@example.com,+1-963-736-3179,55.0,134356.62,Product,New York,2024-11-16
13486,Mary Hernandez,mary.hernandez849@example.com,+1-365-821-8242,27.0,141276.41,Product,Austin,2021-08-23
13487,Linda Wilson,linda.wilson85@example.com,+1-538-864-6569,36.0,10851.51,Product,Austin,2023-10-13
13488,Thomas Jackson,thomas.jackson934@example.com,+1-675-555-2752,,47028.9,Engineering,San Francisco,2023-12-09
13489,Elizabeth Jones,elizabeth.jones82@example.com,+1-627-398-2259,24.0,133399.01,Sales,Boston,2024-08-28
13490,Elizabeth Jackson,elizabeth.jackson29@example.com,+1-784-526-1953,,121864.69,Product,San Francisco,2020-12-21
13491,Richard Miller,richard.miller571@example.com,+1-559-677-4970,63.0,98279.78,HR,Seattle,2024-09-14
13492,Linda Wilson,linda.wilson868@example.com,+1-691-888-8811,40.0,70377.07,Finance,New York,2021-03-31
13493,Patricia Hernandez,patricia.hernandez807@example.com,+1-512-708-6727,25.0,14965.59,Marketing,San Francisco,2021-08-20
13494,Thomas Rodriguez,thomas.rodriguez11@example.com,+1-987-702-7897,48.0,74139.91,Engineering,New York,2023-12-20
13495,Barbara Taylor,barbara.taylor780@example.com,+1-801-129-3513,38.0,103952.19,Engineering,Chicago,2021-01-08
13496,Charles Wilson,charles.wilson637@example.com,+1-738-706-9626,56.0,64911.14,HR,San Francisco,2022-06-22
13497,Sarah Garcia,sarah.garcia265@example.com,+1-756-612-7438,48.0,82001.52,Product,San Francisco,2024-03-22
13498,Barbara Smith,barbara.smith922@example.com,+1-428-824-2306,56.0,147910.24,HR,Austin,2022-08-19
13499,Charles Gonzalez,charles.gonzalez662@example.com,+1-996-579-8045,30.0,56837.85,Engineering,Austin,2020-09-18
13500,Jessica Williams,jessica.williams969@example.com,+1-876-374-7360,39.0,99653.06,Engineering,Austin,2023-12-20
13501,Patricia Williams,patricia.williams378@example.com,+1-447-667-8643,43.0,57207.62,Finance,New York,2020-10-15
13502,Mary Brown,mary.brown560@example.com,+1-655-324-5736,26.0,128094.88,Sales,Austin,2022-09-08
13503,Patricia Rodriguez,patricia.rodriguez822@example.com,+1-780-113-7578,47.0,129765.29,Product,Austin,2020-12-10
13504,Jessica Miller,jessica.miller638@example.com,+1-391-529-3264,31.0,78306.69,Product,Chicago,2021-10-30
13505,Charles Lopez,charles.lopez664@example.com,+1-968-559-8532,35.0,137786.44,HR,San Francisco,2024-03-29
13506,Charles Martin,charles.martin563@example.com,+1-627-570-1512,25.0,134860.86,Sales,San Francisco,2021-08-12
13507,Charles Jackson,charles.jackson246@example.com,+1-671-497-3204,63.0,77460.42,Marketing,Austin,2022-03-25
13508,Jennifer Wilson,jennifer.wilson338@example.com,+1-874-399-2699,46.0,24280.08,Engineering,Boston,2020-06-26
13509,Elizabeth Gonzalez,elizabeth.gonzalez178@example.com,+1-216-643-4965,30.0,12245.9,Finance,New York,2021-11-10
13510,John Taylor,john.taylor699@example.com,+1-675-564-5589,32.0,44255.94,Engineering,Boston,2021-08-03
13511,Linda Gonzalez,linda.gonzalez520@example.com,+1-736-997-3663,61.0,72500.05,Marketing,Austin,2021-04-16
13512,Susan Garcia,susan.garcia216@example.com,+1-307-603-3489,22.0,101769.54,Sales,New York,2020-08-11
13513,Elizabeth Hernandez,elizabeth.hernandez918@example.com,+1-697-376-4993,54.0,130991.78,Product,Chicago,2021-06-04
13514,Susan Gonzalez,susan.gonzalez740@example.com,+1-377-929-6157,56.0,147195.17,HR,New York,2022-07-27
13515,Michael Brown,michael.brown675@example.com,+1-805-786-7172,55.0,15538.01,Engineering,Chicago,2021-10-14
13516,Jessica Martin,jessica.martin128@example.com,+1-335-872-9979,37.0,47894.15,Marketing,New York,2023-09-30
13517,Linda Jackson,linda.jackson569@example.com,+1-934-815-7163,53.0,112590.07,Marketing,Seattle,2020-10-05
13518,Jennifer Wilson,jennifer.wilson92@example.com,+1-231-153-9928,64.0,15613.31,Product,Chicago,2021-09-21
13519,Michael Miller,michael.miller278@example.com,+1-393-223-4342,23.0,64361.05,Finance,San Francisco,2020-08-31
13520,Robert Brown,robert.brown940@example.com,+1-654-643-3421,45.0,,Marketing,New York,2021-10-01
13521,Barbara Jones,barbara.jones264@example.com,+1-613-267-1069,26.0,133207.44,Marketing,Chicago,2024-07-12
13522,Richard Gonzalez,richard.gonzalez496@example.com,+1-428-288-2122,,55869.6,Engineering,San Francisco,2021-04-04
13523,Linda Davis,linda.davis689@example.com,+1-757-834-9081,36.0,37620.63,Marketing,San Francisco,2020-05-20
13524,Barbara Thomas,barbara.thomas119@example.com,+1-683-229-9697,22.0,149582.25,Sales,San Francisco,2024-07-26
13525,Susan Moore,susan.moore885@example.com,+1-499-440-8171,63.0,105284.37,Sales,Chicago,2023-04-23
13526,Jennifer Brown,jennifer.brown240@example.com,+1-650-237-8505,49.0,138860.65,Sales,Chicago,2023-03-29
13527,Michael Miller,michael.miller939@example.com,+1-405-435-6380,,126685.28,Marketing,Seattle,2022-05-26
13528,Mary Gonzalez,mary.gonzalez288@example.com,+1-448-932-6149,52.0,124560.59,Marketing,Austin,2021-06-07
13529,Richard Lopez,richard.lopez835@example.com,+1-626-616-2203,34.0,144427.54,Sales,New York,2020-01-08
13530,Mary Brown,mary.brown461@example.com,+1-443-239-3448,42.0,19915.51,HR,Boston,2024-02-26
13531,William Johnson,william.johnson584@example.com,+1-966-229-4015,39.0,136857.53,Marketing,Chicago,2023-11-30
13532,Susan Thomas,susan.thomas742@example.com,+1-689-379-4196,63.0,24918.37,Engineering,Seattle,2022-05-09
13533,Mary Jackson,mary.jackson485@example.com,+1-884-911-3870,36.0,75937.78,Marketing,New York,2024-03-12
13534,Michael Brown,michael.brown902@example.com,+1-932-912-5251,58.0,126554.08,HR,Chicago,2022-12-28
13535,Elizabeth Davis,elizabeth.davis519@example.com,+1-574-826-2178,44.0,146976.62,Marketing,New York,2022-10-03
13536,Susan Miller,susan.miller604@example.com,+1-599-452-2324,31.0,88510.21,Marketing,Austin,2022-02-09
13537,Joseph Brown,joseph.brown826@example.com,+1-680-868-2961,62.0,7971.85,Engineering,Seattle,2021-04-22
13538,John Martin,john.martin996@example.com,+1-765-404-5570,51.0,103454.12,Finance,Austin,2024-07-05
13539,Susan Wilson,susan.wilson184@example.com,+1-357-721-6600,30.0,95663.12,Sales,San Francisco,2023-10-25
13540,Linda Martin,linda.martin880@example.com,+1-624-147-8502,46.0,68743.1,Marketing,Chicago,2024-05-17
13541,Thomas Martin,thomas.martin498@example.com,+1-988-241-7394,54.0,28544.22,Marketing,New York,2022-01-22
13542,Joseph Jones,joseph.jones90@example.com,+1-549-746-8118,31.0,105892.38,HR,Seattle,2024-11-03
13543,Robert Taylor,robert.taylor917@example.com,+1-332-681-7262,32.0,89302.15,Product,San Francisco,2020-11-30
13544,John Thomas,john.thomas694@example.com,+1-280-374-5483,46.0,138324.59,Marketing,Seattle,2023-11-05
13545,Jennifer Jackson,jennifer.jackson518@example.com,+1-812-773-7794,45.0,140238.6,Marketing,Seattle,2020-12-03
13546,Patricia Brown,patricia.brown957@example.com,+1-880-716-6581,29.0,112292.17,Marketing,Austin,2024-03-19
13547,Thomas Martin,thomas.martin309@example.com,+1-827-337-1680,53.0,38577.28,HR,San Francisco,2022-06-08
13548,Richard Moore,richard.moore459@example.com,+1-360-204-9283,58.0,121382.91,HR,Boston,2021-08-23
13549,Thomas Jones,thomas.jones134@example.com,+1-533-363-2750,50.0,98293.66,Product,New York,2023-05-14
13550,Linda Rodriguez,linda.rodriguez446@example.com,+1-398-701-4078,28.0,81526.34,,Seattle,2021-06-08
13551,Sarah Gonzalez,sarah.gonzalez362@example.com,+1-772-826-1892,44.0,146502.67,Engineering,Chicago,2021-07-21
13552,Jessica Brown,jessica.brown163@example.com,+1-550-161-2483,39.0,98045.83,Engineering,Seattle,2024-02-05
13553,John Taylor,john.taylor86@example.com,+1-447-806-2591,56.0,109621.63,HR,Austin,2024-05-20
13554,Richard Brown,richard.brown132@example.com,+1-232-754-9336,27.0,6176.77,Product,Boston,2021-10-25
13555,Elizabeth Moore,elizabeth.moore178@example.com,+1-928-282-4920,41.0,50029.38,Finance,Austin,2021-03-09
13556,William Davis,william.davis143@example.com,+1-360-883-1733,31.0,139511.82,Product,Austin,2023-12-16
13557,Elizabeth Gonzalez,elizabeth.gonzalez429@example.com,+1-266-441-3434,43.0,99524.03,Sales,Boston,2023-11-26
13558,Thomas Lopez,thomas.lopez322@example.com,+1-353-900-9800,57.0,81566.8,Product,San Francisco,2024-04-01
13559,James Jackson,james.jackson295@example.com,+1-622-818-9685,56.0,70547.79,Product,New York,2021-06-06
13560,Elizabeth Wilson,elizabeth.wilson644@example.com,+1-987-307-3233,38.0,123972.76,Engineering,Boston,2022-08-28
13561,Sarah Moore,sarah.moore106@example.com,+1-581-475-8126,23.0,44037.31,Engineering,Austin,2020-07-17
13562,Joseph Brown,joseph.brown890@example.com,+1-434-801-4968,39.0,82147.58,Marketing,Chicago,2023-02-17
13563,James Rodriguez,james.rodriguez55@example.com,+1-435-660-7480,55.0,119243.92,Sales,Austin,2024-08-02
13564,Sarah Martin,sarah.martin419@example.com,+1-355-589-7471,23.0,119444.26,Marketing,New York,2021-09-28
13565,Thomas Johnson,thomas.johnson387@example.com,+1-286-773-7823,28.0,94392.7,HR,New York,2024-06-04
13566,Mary Hernandez,mary.hernandez873@example.com,+1-933-116-9108,25.0,32952.26,Finance,Boston,2024-04-16
13567,Barbara Taylor,barbara.taylor742@example.com,+1-809-241-5655,37.0,42147.54,Marketing,Boston,2023-07-10
13568,Barbara Martinez,barbara.martinez95@example.com,+1-755-872-9651,57.0,108471.94,Sales,Chicago,2023-10-07
13569,Jennifer Rodriguez,jennifer.rodriguez238@example.com,+1-585-230-5266,31.0,84219.02,Finance,Chicago,2024-03-14
13570,Linda Wilson,linda.wilson622@example.com,+1-349-994-9024,22.0,140229.06,Finance,New York,2022-10-16
13571,Barbara Martin,barbara.martin937@example.com,+1-687-813-7579,22.0,27505.9,Finance,San Francisco,2021-12-19
13572,Joseph Martinez,joseph.martinez414@example.com,+1-218-679-7158,27.0,44929.0,HR,Boston,2023-02-01
13573,Jennifer Garcia,jennifer.garcia291@example.com,+1-346-613-8235,26.0,61749.85,Finance,Boston,2020-08-24
13574,Michael Brown,michael.brown235@example.com,+1-803-572-5213,56.0,140525.29,Marketing,Austin,2021-04-06
13575,Joseph Jackson,joseph.jackson315@example.com,+1-933-722-5150,33.0,24314.32,Finance,Austin,2023-09-20
13576,Richard Lopez,richard.lopez248@example.com,+1-629-708-3883,34.0,66693.37,Finance,New York,2022-10-31
13577,Linda Jones,linda.jones287@example.com,+1-753-200-7547,49.0,,Finance,Chicago,2022-03-15
13578,Elizabeth Martin,elizabeth.martin655@example.com,+1-598-242-1756,30.0,,Finance,Boston,2021-04-15
13579,Linda Thomas,linda.thomas30@example.com,+1-339-364-1456,50.0,47826.55,Marketing,New York,2024-07-21
13580,Linda Johnson,linda.johnson57@example.com,+1-878-882-8248,40.0,133645.7,Product,New York,2024-11-13
13581,Elizabeth Martin,elizabeth.martin801@example.com,+1-669-266-7781,62.0,89403.73,HR,Seattle,2020-05-30
13582,Elizabeth Smith,elizabeth.smith20@example.com,+1-940-737-1152,55.0,71086.09,Marketing,Austin,2020-07-24
13583,Charles Martinez,charles.martinez416@example.com,+1-601-962-1100,38.0,97201.65,Marketing,Chicago,2020-05-08
13584,Patricia Miller,patricia.miller385@example.com,+1-531-784-1910,41.0,116371.17,HR,Boston,2023-03-27
13585,Richard Davis,richard.davis985@example.com,+1-402-832-1242,45.0,100439.58,Marketing,Seattle,2021-10-21
13586,Elizabeth Thomas,elizabeth.thomas298@example.com,+1-614-714-3575,,72012.98,Finance,Austin,2022-06-29
13587,John Miller,john.miller993@example.com,+1-829-854-6238,29.0,93493.79,Product,San Francisco,2022-04-07
13588,Jessica Martinez,jessica.martinez512@example.com,+1-352-316-8517,59.0,,Finance,New York,2020-11-13
13589,Sarah Wilson,sarah.wilson984@example.com,+1-461-151-2019,50.0,47164.48,Sales,New York,2020-10-14
13590,Elizabeth Williams,elizabeth.williams839@example.com,+1-934-112-5933,42.0,24346.71,Product,New York,2022-04-18
13591,Linda Martin,linda.martin90@example.com,+1-687-281-3405,42.0,37877.35,Marketing,Boston,2021-04-09
13592,Charles Davis,charles.davis534@example.com,+1-251-364-7072,26.0,139543.63,Product,Seattle,2023-04-10
13593,Joseph Davis,joseph.davis214@example.com,+1-690-417-9082,22.0,39183.24,HR,New York,2022-11-12
13594,Elizabeth Johnson,elizabeth.johnson631@example.com,+1-849-716-3363,22.0,15557.74,Marketing,Chicago,2020-03-15
13595,Sarah Martinez,sarah.martinez659@example.com,+1-481-669-7349,26.0,97273.32,Marketing,Seattle,2024-09-10
13596,David Anderson,david.anderson774@example.com,+1-449-527-1368,62.0,94423.46,Product,Boston,2021-06-22
13597,James Martinez,james.martinez312@example.com,+1-516-273-8582,25.0,16297.26,HR,New York,2022-10-23
13598,Joseph Miller,joseph.miller892@example.com,+1-924-612-5791,44.0,107989.42,HR,Chicago,2021-06-13
13599,Jennifer Thomas,jennifer.thomas494@example.com,+1-840-377-7957,44.0,69692.69,Product,Seattle,2020-10-26
13600,Richard Miller,richard.miller828@example.com,+1-936-722-7893,34.0,127888.49,HR,Austin,2023-10-24
13601,Michael Johnson,michael.johnson294@example.com,+1-516-611-5124,57.0,15414.19,Product,Austin,2020-08-02
13602,Robert Wilson,robert.wilson852@example.com,+1-841-716-1565,45.0,10456.49,Product,Boston,2022-11-13
13603,Barbara Jackson,barbara.jackson383@example.com,+1-752-861-1376,36.0,99295.06,,Seattle,2024-06-01
13604,Elizabeth Johnson,elizabeth.johnson528@example.com,+1-476-797-1376,46.0,64009.35,Finance,Chicago,2023-08-04
13605,Jennifer Gonzalez,jennifer.gonzalez752@example.com,+1-585-441-6426,23.0,75837.95,Sales,Austin,2022-02-14
13606,Michael Rodriguez,michael.rodriguez607@example.com,+1-585-600-3363,27.0,53528.1,Finance,Boston,2021-01-28
13607,Barbara Lopez,barbara.lopez751@example.com,+1-661-724-5006,56.0,81910.49,Engineering,Austin,2020-03-20
13608,Michael Thomas,michael.thomas655@example.com,+1-499-419-3370,35.0,42175.64,HR,New York,2020-08-31
13609,Charles Garcia,charles.garcia956@example.com,+1-238-292-9518,56.0,45342.2,Sales,Boston,2020-09-23
13610,Barbara Lopez,barbara.lopez18@example.com,+1-647-887-6690,,121382.89,HR,Chicago,2020-02-10
13611,Thomas Jackson,thomas.jackson103@example.com,+1-615-162-7663,42.0,142180.77,Finance,Austin,2024-08-15
13612,Patricia Davis,patricia.davis601@example.com,+1-206-936-8687,24.0,88020.03,HR,Austin,2021-09-03
13613,John Martinez,john.martinez106@example.com,+1-857-492-8013,30.0,8850.83,Marketing,Boston,2020-03-02
13614,Patricia Anderson,patricia.anderson577@example.com,+1-945-183-4786,,23664.04,Sales,New York,2021-01-16
13615,Mary Gonzalez,mary.gonzalez640@example.com,+1-648-521-9107,36.0,76717.97,Product,Boston,2024-02-09
13616,Mary Moore,mary.moore396@example.com,+1-305-175-5611,28.0,17121.82,Marketing,Austin,2021-10-09
13617,William Martinez,william.martinez753@example.com,+1-456-318-3404,53.0,,Finance,Chicago,2020-01-15
13618,Richard Hernandez,richard.hernandez37@example.com,+1-896-174-9245,,,Engineering,Boston,2024-11-30
13619,Robert Jackson,robert.jackson870@example.com,+1-824-320-9339,24.0,120501.22,Finance,Boston,2022-11-13
13620,Richard Thomas,richard.thomas373@example.com,+1-376-901-9714,54.0,137557.85,Marketing,Seattle,2021-04-29
13621,Jessica Martinez,jessica.martinez109@example.com,+1-315-479-6714,25.0,9136.63,Marketing,Austin,2022-09-02
13622,Mary Lopez,mary.lopez307@example.com,+1-478-395-8224,35.0,108556.33,Marketing,Chicago,2021-02-12
13623,John Jones,john.jones233@example.com,+1-560-557-4397,32.0,75626.08,Engineering,New York,2022-08-03
13624,Patricia Rodriguez,patricia.rodriguez411@example.com,+1-882-435-8855,63.0,119571.39,Engineering,New York,2020-02-14
13625,Robert Brown,robert.brown221@example.com,+1-855-555-8403,43.0,45150.44,Product,Chicago,2023-09-16
13626,Jessica Moore,jessica.moore850@example.com,+1-313-342-6792,41.0,22707.47,Finance,Seattle,2024-07-03
13627,Mary Garcia,mary.garcia573@example.com,+1-460-274-7954,53.0,115191.23,Marketing,New York,2023-03-11
13628,James Anderson,james.anderson998@example.com,+1-673-740-2077,60.0,8904.65,Product,Seattle,2021-02-11
13629,Susan Davis,susan.davis798@example.com,+1-635-968-7407,35.0,121947.92,Product,San Francisco,2022-12-17
13630,William Rodriguez,william.rodriguez828@example.com,+1-896-556-5836,27.0,71303.41,Engineering,San Francisco,2024-12-02
13631,Elizabeth Gonzalez,elizabeth.gonzalez47@example.com,+1-612-342-6483,36.0,43458.78,Marketing,New York,2020-11-02
13632,Mary Brown,mary.brown866@example.com,+1-298-325-4986,58.0,40112.91,Engineering,Seattle,2021-03-27
13633,James Wilson,james.wilson704@example.com,+1-272-244-6003,45.0,141694.81,Engineering,Seattle,2022-06-12
13634,Barbara Lopez,barbara.lopez360@example.com,+1-754-178-9980,29.0,76213.5,HR,Chicago,2021-09-09
13635,Patricia Anderson,patricia.anderson544@example.com,+1-614-977-7986,41.0,140473.05,Sales,New York,2020-08-21
13636,David Taylor,david.taylor144@example.com,+1-618-229-4620,58.0,70141.65,Sales,Boston,2024-06-13
13637,Robert Davis,robert.davis936@example.com,+1-808-760-2250,42.0,102015.66,HR,Austin,2022-01-30
13638,Sarah Davis,sarah.davis422@example.com,+1-588-444-3514,62.0,45001.17,Engineering,New York,2020-09-26
13639,Elizabeth Gonzalez,elizabeth.gonzalez585@example.com,+1-795-684-4065,55.0,131633.18,Product,New York,2021-12-22
13640,William Jackson,william.jackson308@example.com,+1-267-637-6739,54.0,80872.12,Sales,Seattle,2022-08-25
13641,Joseph Jackson,joseph.jackson29@example.com,+1-863-993-8338,45.0,21968.88,Marketing,Chicago,2020-06-13
13642,Barbara Miller,barbara.miller954@example.com,+1-997-858-1877,55.0,51777.85,Sales,Seattle,2023-05-25
13643,Jennifer Anderson,jennifer.anderson98@example.com,+1-201-155-3717,36.0,81936.92,Product,Boston,2021-12-22
13644,Mary Thomas,mary.thomas577@example.com,+1-951-532-3622,37.0,50223.67,Product,San Francisco,2020-10-05
13645,Thomas Davis,thomas.davis551@example.com,+1-966-339-9375,63.0,25693.6,Finance,San Francisco,2021-09-30
13646,Susan Martinez,susan.martinez728@example.com,+1-908-382-4600,62.0,73137.97,Engineering,New York,2024-10-25
13647,Richard Moore,richard.moore669@example.com,+1-491-346-9748,43.0,88736.21,Marketing,Seattle,2024-06-01
13648,Patricia Thomas,patricia.thomas880@example.com,+1-539-828-4801,53.0,18943.45,Finance,New York,2021-07-08
13649,John Wilson,john.wilson73@example.com,+1-592-774-8937,27.0,74899.29,Sales,New York,2021-11-20
13650,Robert Williams,robert.williams720@example.com,+1-493-862-6596,22.0,149070.55,Marketing,Boston,2021-07-17
13651,Susan Taylor,susan.taylor622@example.com,+1-637-574-8753,59.0,44827.72,Product,Seattle,2023-05-05
13652,Sarah Davis,sarah.davis374@example.com,+1-683-866-5017,40.0,86738.85,Sales,Boston,2022-09-21
13653,Patricia Hernandez,patricia.hernandez208@example.com,+1-398-913-5877,47.0,31162.5,Sales,Chicago,2023-09-05
13654,William Martinez,william.martinez703@example.com,+1-938-810-3520,51.0,,HR,Seattle,2024-08-03
13655,James Garcia,james.garcia320@example.com,+1-265-473-3778,39.0,20565.64,Finance,New York,2024-07-24
13656,Charles Johnson,charles.johnson594@example.com,+1-554-825-4760,,87343.8,Marketing,New York,2023-08-05
13657,Patricia Moore,patricia.moore502@example.com,+1-477-445-2261,30.0,76997.94,HR,Chicago,2022-11-17
13658,William Martin,william.martin490@example.com,+1-600-559-4637,26.0,10170.36,HR,San Francisco,2021-02-06
13659,Linda Smith,linda.smith383@example.com,+1-535-270-7487,29.0,20816.12,Finance,Austin,2022-01-18
13660,Thomas Miller,thomas.miller459@example.com,+1-722-930-2009,24.0,20831.75,Finance,New York,2021-05-16
13661,Susan Hernandez,susan.hernandez133@example.com,+1-394-682-8911,32.0,147861.36,Finance,Boston,2022-01-22
13662,Jennifer Miller,jennifer.miller142@example.com,+1-295-523-5177,42.0,146277.65,HR,Austin,2023-01-14
13663,Jennifer Garcia,jennifer.garcia853@example.com,+1-390-313-2753,46.0,72471.89,Marketing,Chicago,2020-08-04
13664,Linda Gonzalez,linda.gonzalez241@example.com,+1-819-427-4718,24.0,10767.98,Engineering,Austin,2021-09-27
13665,Linda Johnson,linda.johnson367@example.com,+1-385-824-2184,49.0,86076.58,Product,Seattle,2020-08-18
13666,Robert Smith,robert.smith61@example.com,+1-202-176-9190,27.0,40127.96,Product,Chicago,2022-06-07
13667,David Anderson,david.anderson438@example.com,+1-365-359-7093,31.0,67815.51,Finance,Seattle,2020-06-16
13668,Joseph Moore,joseph.moore763@example.com,+1-529-298-3857,26.0,42860.77,Marketing,Austin,2020-04-12
13669,John Wilson,john.wilson56@example.com,+1-564-980-8347,25.0,125317.32,Sales,Austin,2023-11-10
13670,John Rodriguez,john.rodriguez529@example.com,+1-720-987-5496,45.0,42855.12,Product,Boston,2022-04-27
13671,Michael Johnson,michael.johnson740@example.com,+1-455-202-1901,51.0,22563.63,Finance,San Francisco,2022-05-17
13672,Joseph Brown,joseph.brown787@example.com,+1-201-634-1358,50.0,145611.73,Product,Seattle,2020-07-22
13673,Jessica Taylor,jessica.taylor313@example.com,+1-713-296-2364,34.0,26337.07,Sales,Austin,2023-06-24
13674,David Taylor,david.taylor916@example.com,+1-266-407-4190,42.0,72095.34,,Boston,2022-10-07
13675,Jessica Brown,jessica.brown357@example.com,+1-394-879-9675,45.0,70130.79,Sales,Seattle,2024-06-03
13676,Susan Martinez,susan.martinez422@example.com,+1-868-492-3381,29.0,133485.61,Engineering,Austin,2023-10-22
13677,Charles Jackson,charles.jackson963@example.com,+1-632-528-5347,61.0,65209.87,Engineering,Austin,2021-10-10
13678,Robert Smith,robert.smith658@example.com,+1-906-817-1779,44.0,14360.35,Finance,Seattle,2023-11-23
13679,Michael Miller,michael.miller721@example.com,+1-758-124-8892,54.0,117041.98,Marketing,Chicago,2022-02-09
13680,Linda Lopez,linda.lopez503@example.com,+1-829-165-7336,56.0,24282.56,HR,San Francisco,2023-09-25
13681,Robert Rodriguez,robert.rodriguez96@example.com,+1-423-150-2169,62.0,12083.82,Marketing,Seattle,2020-02-05
13682,Elizabeth Smith,elizabeth.smith675@example.com,+1-349-503-8976,39.0,90131.85,Product,Austin,2023-03-18
13683,Mary Martinez,mary.martinez92@example.com,+1-964-357-6411,29.0,34285.63,Sales,Chicago,2022-05-19
13684,James Martin,james.martin628@example.com,+1-842-621-1816,47.0,26655.16,Finance,Seattle,2024-04-28
13685,Thomas Jackson,thomas.jackson758@example.com,+1-711-434-9747,56.0,95596.6,Engineering,New York,2021-02-25
13686,William Anderson,william.anderson80@example.com,+1-462-811-7866,39.0,98879.79,Marketing,Chicago,2021-09-07
13687,Robert Jones,robert.jones583@example.com,+1-711-299-3377,58.0,138840.31,Finance,Seattle,2024-05-28
13688,Elizabeth Wilson,elizabeth.wilson245@example.com,+1-232-666-4314,39.0,141044.53,Finance,New York,2024-10-02
13689,Barbara Rodriguez,barbara.rodriguez500@example.com,+1-972-143-4215,56.0,86677.47,Engineering,San Francisco,2023-09-02
13690,Joseph Jones,joseph.jones241@example.com,+1-887-889-1580,53.0,15163.31,Product,San Francisco,2024-08-26
13691,Elizabeth Davis,elizabeth.davis437@example.com,+1-833-341-4536,58.0,91128.99,Marketing,New York,2020-11-02
13692,Charles Miller,charles.miller44@example.com,+1-269-459-6809,36.0,34028.89,HR,Boston,2023-11-08
13693,Michael Rodriguez,michael.rodriguez832@example.com,+1-660-466-4376,58.0,111909.39,Product,Seattle,2022-09-01
13694,Thomas Davis,thomas.davis764@example.com,+1-827-194-9876,50.0,13843.29,Finance,New York,2020-10-05
13695,John Rodriguez,john.rodriguez527@example.com,+1-520-121-9370,25.0,52403.65,Sales,Chicago,2022-07-26
13696,William Thomas,william.thomas474@example.com,+1-871-372-6727,54.0,38675.9,Finance,Austin,2022-09-14
13697,Mary Anderson,mary.anderson458@example.com,+1-285-772-5213,39.0,106052.9,HR,San Francisco,2021-12-06
13698,Linda Williams,linda.williams953@example.com,+1-428-328-6080,44.0,48013.66,Marketing,San Francisco,2024-09-22
13699,James Martinez,james.martinez723@example.com,+1-772-796-8680,53.0,113715.21,Marketing,Austin,2021-01-31
13700,Joseph Johnson,joseph.johnson937@example.com,+1-743-809-1350,30.0,78379.17,HR,New York,2023-08-12
13701,Patricia Miller,patricia.miller628@example.com,+1-450-462-9298,36.0,91621.19,Finance,New York,2021-11-30
13702,Sarah Brown,sarah.brown576@example.com,+1-886-542-3020,32.0,115441.01,Engineering,Austin,2021-12-29
13703,Jennifer Martin,jennifer.martin540@example.com,+1-557-336-4754,40.0,87304.93,Sales,New York,2024-05-01
13704,Elizabeth Martin,elizabeth.martin95@example.com,+1-720-602-4959,60.0,60906.12,Engineering,New York,2020-04-14
13705,Elizabeth Lopez,elizabeth.lopez828@example.com,+1-472-970-5854,64.0,7429.62,Sales,Boston,2020-11-10
13706,Thomas Wilson,thomas.wilson540@example.com,+1-921-693-6154,31.0,15425.05,Product,Seattle,2022-02-15
13707,Charles Thomas,charles.thomas358@example.com,+1-572-738-4576,56.0,115848.99,Sales,Austin,2020-04-20
13708,Jennifer Garcia,jennifer.garcia206@example.com,+1-590-154-3230,40.0,109777.84,Sales,New York,2021-10-21
13709,Mary Brown,mary.brown188@example.com,+1-267-595-6120,54.0,132291.36,Finance,San Francisco,2022-12-07
13710,Jessica Taylor,jessica.taylor948@example.com,+1-368-462-8344,26.0,9300.81,Marketing,New York,2022-09-11
13711,Barbara Brown,barbara.brown593@example.com,+1-381-852-9019,56.0,51863.26,Sales,Austin,2024-03-20
13712,Michael Taylor,michael.taylor457@example.com,+1-207-719-8549,51.0,59595.16,HR,San Francisco,2020-02-03
13713,John Jackson,john.jackson599@example.com,+1-943-650-6218,22.0,134831.97,Sales,New York,2020-10-13
13714,Jessica Martin,jessica.martin626@example.com,+1-389-850-8210,26.0,24602.0,Engineering,Seattle,2023-06-28
13715,Elizabeth Rodriguez,elizabeth.rodriguez771@example.com,+1-866-511-6138,51.0,52091.16,Finance,Boston,2023-05-30
13716,John Gonzalez,john.gonzalez284@example.com,+1-337-272-2350,36.0,118362.5,Marketing,Boston,2023-03-05
13717,Jessica Hernandez,jessica.hernandez932@example.com,+1-541-267-5779,27.0,74443.63,HR,Austin,2022-02-07
13718,Thomas Thomas,thomas.thomas612@example.com,+1-508-672-7026,36.0,118255.08,Marketing,Chicago,2023-05-17
13719,Jennifer Lopez,jennifer.lopez121@example.com,+1-593-986-1239,37.0,112738.95,HR,Seattle,2023-06-28
13720,Jennifer Hernandez,jennifer.hernandez557@example.com,+1-991-824-1508,61.0,149711.15,Sales,San Francisco,2020-08-24
13721,Charles Taylor,charles.taylor832@example.com,+1-668-991-5483,44.0,134473.3,Product,Boston,2020-02-10
13722,Richard Thomas,richard.thomas391@example.com,+1-295-886-5388,64.0,35918.52,Finance,San Francisco,2023-10-05
13723,Mary Johnson,mary.johnson32@example.com,+1-961-463-7035,60.0,52518.13,Sales,San Francisco,2021-04-26
13724,James Rodriguez,james.rodriguez417@example.com,+1-343-899-3713,24.0,23709.98,Engineering,New York,2021-01-06
13725,Patricia Gonzalez,patricia.gonzalez553@example.com,+1-945-325-7482,35.0,128607.42,Finance,Boston,2023-06-29
13726,David Wilson,david.wilson301@example.com,+1-244-299-5119,24.0,137750.69,Engineering,Austin,2020-08-24
13727,Sarah Smith,sarah.smith11@example.com,+1-428-509-3601,42.0,124905.89,Engineering,Seattle,2024-03-18
13728,Jennifer Martinez,jennifer.martinez576@example.com,+1-920-491-1840,55.0,,Marketing,San Francisco,2022-09-08
13729,Michael Davis,michael.davis573@example.com,+1-236-166-7546,55.0,6501.83,HR,San Francisco,2022-12-11
13730,Jessica Brown,jessica.brown874@example.com,+1-221-468-2762,55.0,38395.57,Sales,Austin,2021-11-14
13731,Linda Williams,linda.williams385@example.com,+1-461-465-3475,29.0,113939.38,Product,New York,2021-10-04
13732,Joseph Moore,joseph.moore860@example.com,+1-474-169-9238,35.0,124067.09,Marketing,Seattle,2023-04-11
13733,Richard Davis,richard.davis701@example.com,+1-978-866-8488,30.0,88999.3,,Chicago,2024-11-30
13734,Elizabeth Garcia,elizabeth.garcia442@example.com,+1-690-786-3133,51.0,35889.66,Marketing,Seattle,2022-01-26
13735,Elizabeth Lopez,elizabeth.lopez414@example.com,+1-605-940-5857,63.0,123296.04,Marketing,San Francisco,2021-11-23
13736,Linda Gonzalez,linda.gonzalez906@example.com,+1-627-686-1255,23.0,100402.42,HR,Seattle,2022-12-13
13737,Charles Brown,charles.brown815@example.com,+1-329-656-4226,55.0,141104.34,Finance,San Francisco,2022-08-22
13738,William Garcia,william.garcia50@example.com,+1-644-968-8562,53.0,140722.63,HR,New York,2020-01-06
13739,Mary Rodriguez,mary.rodriguez626@example.com,+1-974-156-7671,59.0,61774.48,Finance,San Francisco,2020-02-15
13740,Susan Martin,susan.martin326@example.com,+1-331-488-1571,34.0,116397.83,HR,Chicago,2021-09-09
13741,Patricia Thomas,patricia.thomas307@example.com,+1-545-385-9052,56.0,123590.26,Finance,San Francisco,2021-10-31
13742,Patricia Gonzalez,patricia.gonzalez533@example.com,+1-854-605-3953,40.0,29124.3,Marketing,New York,2020-09-21
13743,Susan Miller,susan.miller627@example.com,+1-538-521-1331,53.0,102239.87,Marketing,San Francisco,2021-12-08
13744,Michael Hernandez,michael.hernandez717@example.com,+1-683-392-9360,51.0,35059.07,Finance,Chicago,2023-12-15
13745,David Thomas,david.thomas990@example.com,+1-594-376-5744,48.0,75515.97,Product,Austin,2024-08-13
13746,Elizabeth Martinez,elizabeth.martinez978@example.com,+1-362-298-9135,56.0,27528.72,Finance,Boston,2020-04-12
13747,James Moore,james.moore436@example.com,+1-370-788-5950,40.0,118374.44,Finance,Chicago,2021-03-01
13748,Charles Johnson,charles.johnson563@example.com,+1-517-706-1241,53.0,29042.72,Finance,Boston,2024-01-21
13749,Jessica Martin,jessica.martin320@example.com,+1-523-146-5917,39.0,6124.99,HR,Chicago,2020-07-10
13750,Barbara Garcia,barbara.garcia983@example.com,+1-437-832-7163,30.0,,Engineering,San Francisco,2022-02-06
13751,Michael Martinez,michael.martinez95@example.com,+1-754-335-3016,52.0,39477.96,Marketing,Seattle,2023-06-25
13752,Patricia Wilson,patricia.wilson184@example.com,+1-573-160-4241,28.0,38729.46,HR,Chicago,2023-12-18
13753,Michael Miller,michael.miller809@example.com,+1-826-432-6585,31.0,103060.13,Marketing,San Francisco,2022-09-13
13754,Elizabeth Taylor,elizabeth.taylor452@example.com,+1-237-883-7007,45.0,89343.95,Product,Austin,2022-04-21
13755,Jessica Wilson,jessica.wilson556@example.com,+1-438-140-3508,26.0,128769.0,Engineering,New York,2021-11-29
13756,Joseph Gonzalez,joseph.gonzalez166@example.com,+1-454-280-5948,38.0,84598.46,HR,Austin,2024-04-17
13757,John Williams,john.williams555@example.com,+1-975-912-7203,,66874.97,Product,Boston,2023-12-28
13758,Sarah Martinez,sarah.martinez224@example.com,+1-521-248-2711,34.0,127379.96,Engineering,Seattle,2020-07-21
13759,James Garcia,james.garcia980@example.com,+1-241-516-4212,42.0,53946.31,Product,Boston,2021-04-16
13760,Elizabeth Miller,elizabeth.miller707@example.com,+1-475-690-1064,31.0,6889.64,Engineering,New York,2022-03-27
13761,Jennifer Garcia,jennifer.garcia386@example.com,+1-405-752-4663,60.0,39855.89,Finance,New York,2022-02-14
13762,Charles Hernandez,charles.hernandez820@example.com,+1-234-336-9703,59.0,142341.19,Engineering,San Francisco,2020-07-11
13763,David Thomas,david.thomas650@example.com,+1-410-963-1775,40.0,137883.53,Engineering,Austin,2020-01-12
13764,Robert Jones,robert.jones719@example.com,+1-522-109-9279,41.0,79967.36,Sales,New York,2024-04-08
13765,Barbara Rodriguez,barbara.rodriguez506@example.com,+1-869-852-2488,41.0,59605.47,HR,Seattle,2023-01-19
13766,Barbara Brown,barbara.brown12@example.com,+1-983-263-5483,56.0,111987.48,Product,Seattle,2020-03-14
13767,Linda Smith,linda.smith842@example.com,+1-291-971-2666,46.0,31020.45,HR,Austin,2020-02-25
13768,Jennifer Garcia,jennifer.garcia564@example.com,+1-499-729-6967,44.0,35831.26,HR,Chicago,2023-07-12
13769,Robert Jackson,robert.jackson812@example.com,+1-552-209-5561,61.0,27735.3,HR,Chicago,2024-03-10
13770,Sarah Smith,sarah.smith449@example.com,+1-495-304-5742,43.0,9025.9,HR,Seattle,2024-10-30
13771,John Williams,john.williams519@example.com,+1-967-967-2461,30.0,90534.46,Marketing,Seattle,2020-04-11
13772,Robert Miller,robert.miller514@example.com,+1-652-940-5782,42.0,73377.31,HR,Chicago,2020-11-09
13773,Susan Smith,susan.smith264@example.com,+1-650-489-2648,49.0,70582.94,Engineering,Boston,2021-05-31
13774,Barbara Gonzalez,barbara.gonzalez221@example.com,+1-969-188-8915,64.0,44846.85,Sales,Seattle,2023-12-20
13775,David Garcia,david.garcia258@example.com,+1-380-574-1482,42.0,29153.42,Sales,Seattle,2021-11-30
13776,Charles Wilson,charles.wilson328@example.com,+1-773-577-9777,53.0,12825.89,Marketing,San Francisco,2020-09-01
13777,Sarah Hernandez,sarah.hernandez832@example.com,+1-799-326-3161,46.0,45880.28,Sales,San Francisco,2023-06-27
13778,John Brown,john.brown66@example.com,+1-262-437-1814,41.0,62790.06,Sales,Austin,2024-06-16
13779,Thomas Lopez,thomas.lopez399@example.com,+1-494-604-7320,64.0,71592.48,Finance,New York,2022-03-28
13780,Jessica Martinez,jessica.martinez943@example.com,+1-542-313-2345,26.0,116944.91,Finance,Boston,2020-05-13
13781,Patricia Lopez,patricia.lopez350@example.com,+1-378-307-5261,62.0,124085.66,HR,Austin,2024-02-12
13782,Robert Rodriguez,robert.rodriguez854@example.com,+1-750-698-4743,52.0,117950.77,Engineering,San Francisco,2024-10-05
13783,Patricia Thomas,patricia.thomas596@example.com,+1-685-988-6580,29.0,130637.59,Engineering,Boston,2022-07-19
13784,James Hernandez,james.hernandez933@example.com,+1-328-779-3108,23.0,145692.55,Sales,San Francisco,2021-01-31
13785,Joseph Lopez,joseph.lopez85@example.com,+1-268-544-2497,53.0,76209.16,Marketing,Chicago,2022-04-01
13786,Joseph Anderson,joseph.anderson225@example.com,+1-705-846-1073,59.0,20581.17,Sales,San Francisco,2023-08-01
13787,Patricia Miller,patricia.miller101@example.com,+1-977-435-5681,60.0,78935.11,Engineering,San Francisco,2022-06-28
13788,Susan Miller,susan.miller920@example.com,+1-826-376-7209,46.0,11993.24,Engineering,San Francisco,2022-10-12
13789,Barbara Smith,barbara.smith325@example.com,+1-335-174-1448,26.0,141374.16,Sales,San Francisco,2022-10-11
13790,Richard Smith,richard.smith386@example.com,+1-690-152-1008,32.0,114881.71,Finance,Seattle,2021-09-25
13791,Sarah Anderson,sarah.anderson664@example.com,+1-659-820-1022,27.0,47675.34,Marketing,New York,2021-11-15
13792,Susan Taylor,susan.taylor177@example.com,+1-878-540-6694,57.0,91733.93,Engineering,San Francisco,2024-11-12
13793,Charles Brown,charles.brown255@example.com,+1-259-593-6761,51.0,52715.54,Finance,Chicago,2021-07-29
13794,Jessica Martinez,jessica.martinez75@example.com,+1-378-897-6290,45.0,40091.59,Product,Austin,2023-07-13
13795,John Jackson,john.jackson29@example.com,+1-828-458-9624,61.0,130042.57,Marketing,San Francisco,2024-08-17
13796,John Williams,john.williams678@example.com,+1-374-947-2604,42.0,60491.46,Product,Chicago,2021-10-03
13797,Elizabeth Wilson,elizabeth.wilson832@example.com,+1-456-480-5303,22.0,34945.67,Product,Chicago,2021-01-12
13798,Elizabeth Taylor,elizabeth.taylor116@example.com,+1-338-379-7215,55.0,134756.22,Finance,Boston,2020-01-14
13799,Michael Moore,michael.moore949@example.com,+1-278-704-6886,22.0,17828.64,HR,Austin,2023-11-02
13800,Sarah Davis,sarah.davis587@example.com,+1-544-496-3522,34.0,110724.57,Product,Chicago,2022-09-07
13801,John Wilson,john.wilson587@example.com,+1-761-752-1257,33.0,148843.19,Finance,Chicago,2023-04-27
13802,Thomas Thomas,thomas.thomas764@example.com,+1-353-254-3841,36.0,,Product,Seattle,2020-05-11
13803,Elizabeth Williams,elizabeth.williams946@example.com,+1-488-178-1750,60.0,63868.91,Finance,Seattle,2020-02-08
13804,William Jackson,william.jackson993@example.com,+1-507-321-4887,48.0,95952.13,Finance,Austin,2022-09-05
13805,Joseph Anderson,joseph.anderson304@example.com,+1-736-693-7713,47.0,129794.86,Finance,Boston,2020-08-13
13806,Mary Smith,mary.smith331@example.com,+1-980-638-8800,38.0,127679.81,Sales,New York,2022-12-31
13807,Susan Jackson,susan.jackson873@example.com,+1-239-138-8028,62.0,80457.47,Product,San Francisco,2023-12-26
13808,Robert Taylor,robert.taylor579@example.com,+1-748-509-7158,45.0,11418.19,Sales,New York,2021-02-13
13809,Charles Garcia,charles.garcia244@example.com,+1-585-629-4355,28.0,95650.98,Finance,Seattle,2021-08-22
13810,Sarah Jackson,sarah.jackson589@example.com,+1-256-112-8742,55.0,97467.06,Sales,Boston,2023-10-24
13811,Mary Garcia,mary.garcia501@example.com,+1-852-663-9371,53.0,101025.8,Sales,Boston,2020-03-22
13812,Elizabeth Moore,elizabeth.moore539@example.com,+1-852-260-7142,59.0,100348.56,Finance,Austin,2023-10-09
13813,Joseph Rodriguez,joseph.rodriguez604@example.com,+1-303-562-6193,23.0,149036.16,,Chicago,2022-10-30
13814,Thomas Martin,thomas.martin497@example.com,+1-272-820-6023,26.0,22057.65,Sales,Boston,2022-08-16
13815,William Brown,william.brown522@example.com,+1-349-570-3446,22.0,49129.46,Marketing,New York,2020-07-07
13816,Thomas Anderson,thomas.anderson733@example.com,+1-479-179-8948,49.0,143910.8,HR,Chicago,2024-06-14
13817,Michael Anderson,michael.anderson466@example.com,+1-676-446-9677,42.0,43866.32,Engineering,Seattle,2021-12-01
13818,Jennifer Thomas,jennifer.thomas586@example.com,+1-909-627-5155,31.0,135100.59,Product,Chicago,2024-06-13
13819,Susan Davis,susan.davis732@example.com,+1-424-378-6512,59.0,64336.44,Engineering,Boston,2021-05-28
13820,Richard Thomas,richard.thomas161@example.com,+1-550-804-9283,54.0,15762.76,HR,New York,2023-08-05
13821,William Davis,william.davis583@example.com,+1-370-732-6628,29.0,62038.27,Finance,San Francisco,2020-04-08
13822,David Thomas,david.thomas854@example.com,+1-485-145-4131,40.0,31171.77,,New York,2021-11-04
13823,Michael Moore,michael.moore179@example.com,+1-907-920-7535,43.0,,Engineering,Chicago,2023-04-29
13824,William Anderson,william.anderson728@example.com,+1-537-510-8237,55.0,34019.57,Sales,Seattle,2023-12-07
13825,David Jackson,david.jackson890@example.com,+1-409-546-1830,31.0,67019.26,Product,New York,2023-04-19
13826,Thomas Anderson,thomas.anderson433@example.com,+1-905-735-7234,29.0,36339.74,Sales,Seattle,2023-12-22
13827,Charles Jones,charles.jones819@example.com,+1-990-732-2778,57.0,,Sales,San Francisco,2024-02-10
13828,Richard Gonzalez,richard.gonzalez300@example.com,+1-457-914-2269,50.0,55307.04,HR,San Francisco,2020-07-25
13829,Mary Rodriguez,mary.rodriguez934@example.com,+1-315-311-1598,33.0,66496.29,Marketing,Seattle,2024-01-21
13830,Robert Williams,robert.williams736@example.com,+1-314-601-2658,25.0,17529.75,Product,Chicago,2023-09-04
13831,Barbara Gonzalez,barbara.gonzalez596@example.com,+1-557-285-4622,63.0,72274.82,Sales,Austin,2022-10-25
13832,John Miller,john.miller871@example.com,+1-789-947-7258,25.0,22670.14,Sales,Seattle,2020-04-27
13833,Elizabeth Johnson,elizabeth.johnson827@example.com,+1-458-166-8026,33.0,24224.35,Engineering,Austin,2021-08-11
13834,Richard Davis,richard.davis880@example.com,+1-358-459-2488,53.0,41583.51,Marketing,Seattle,2022-09-05
13835,Charles Johnson,charles.johnson552@example.com,+1-556-630-1479,50.0,138599.04,Engineering,Seattle,2020-07-06
13836,William Johnson,william.johnson811@example.com,+1-246-123-2307,56.0,50494.3,Product,Chicago,2023-04-30
13837,Richard Anderson,richard.anderson122@example.com,+1-463-590-9047,56.0,124778.83,Finance,Chicago,2021-11-02
13838,Robert Jackson,robert.jackson326@example.com,+1-219-641-4960,43.0,126296.23,Finance,Chicago,2022-09-04
13839,Jessica Lopez,jessica.lopez247@example.com,+1-843-429-9376,60.0,12905.62,Sales,Boston,2023-09-08
13840,Linda Martinez,linda.martinez278@example.com,+1-269-618-4739,58.0,121382.31,Engineering,Seattle,2023-09-22
13841,Jennifer Martinez,jennifer.martinez809@example.com,+1-961-674-3001,34.0,147224.33,Finance,San Francisco,2024-02-20
13842,Thomas Gonzalez,thomas.gonzalez762@example.com,+1-530-738-8639,34.0,34618.5,Finance,Seattle,2021-09-05
13843,Charles Martin,charles.martin626@example.com,+1-980-658-4671,64.0,98053.99,Sales,Chicago,2022-10-20
13844,Linda Gonzalez,linda.gonzalez602@example.com,+1-776-753-3347,60.0,41788.8,Finance,New York,2023-07-30
13845,William Moore,william.moore319@example.com,+1-385-967-8589,41.0,123950.91,Finance,Austin,2021-09-30
13846,Elizabeth Jackson,elizabeth.jackson77@example.com,+1-432-710-1221,26.0,78665.09,Product,Austin,2023-11-24
13847,John Davis,john.davis749@example.com,+1-864-920-4391,53.0,71622.38,HR,Austin,2024-09-23
13848,Charles Brown,charles.brown427@example.com,+1-300-507-6249,28.0,125668.86,HR,Seattle,2020-02-04
13849,Robert Thomas,robert.thomas832@example.com,+1-452-587-5900,40.0,123386.58,Product,Seattle,2020-12-28
13850,Richard Taylor,richard.taylor998@example.com,+1-764-768-8087,43.0,94372.86,Product,Boston,2022-10-19
13851,Jennifer Smith,jennifer.smith387@example.com,+1-846-595-6729,25.0,39147.11,Product,Boston,2024-08-19
13852,Mary Martinez,mary.martinez958@example.com,+1-593-970-4953,41.0,138438.17,Marketing,Chicago,2022-03-14
13853,William Jackson,william.jackson418@example.com,+1-286-310-9068,40.0,101844.81,Sales,Chicago,2023-01-04
13854,Linda Smith,linda.smith44@example.com,+1-441-755-6003,37.0,32680.69,HR,Boston,2023-06-15
13855,Charles Brown,charles.brown327@example.com,+1-878-727-2320,43.0,62966.03,Sales,Austin,2020-01-19
13856,Jennifer Anderson,jennifer.anderson790@example.com,+1-453-726-6973,25.0,77588.26,Product,Boston,2020-05-11
13857,Joseph Miller,joseph.miller745@example.com,+1-483-648-6530,46.0,20495.96,Product,New York,2022-06-20
13858,Jennifer Martinez,jennifer.martinez270@example.com,+1-731-495-6477,59.0,50252.81,Engineering,New York,2020-03-04
13859,John Jackson,john.jackson249@example.com,+1-702-683-4613,52.0,62993.74,Engineering,Seattle,2022-04-10
13860,Michael Anderson,michael.anderson565@example.com,+1-450-532-9398,42.0,118876.23,Product,Austin,2020-11-26
13861,Sarah Gonzalez,sarah.gonzalez564@example.com,+1-378-457-2287,58.0,96068.19,Engineering,Seattle,2023-06-27
13862,Michael Wilson,michael.wilson61@example.com,+1-921-412-4988,44.0,110863.08,,Austin,2020-01-19
13863,Mary Brown,mary.brown996@example.com,+1-238-600-8298,47.0,33728.61,Engineering,Seattle,2022-01-26
13864,Elizabeth Martin,elizabeth.martin713@example.com,+1-362-863-9322,53.0,97887.95,Product,New York,2022-06-22
13865,John Brown,john.brown332@example.com,+1-928-688-9236,48.0,83099.23,Sales,Boston,2020-12-23
13866,Michael Jones,michael.jones635@example.com,+1-567-653-6148,49.0,148103.95,Marketing,San Francisco,2020-02-07
13867,James Smith,james.smith461@example.com,+1-227-801-6492,33.0,111487.91,Marketing,Seattle,2022-10-04
13868,Richard Smith,richard.smith123@example.com,+1-713-645-9864,,30630.94,Sales,Boston,2021-06-03
13869,Elizabeth Johnson,elizabeth.johnson552@example.com,+1-523-111-2822,62.0,119330.51,Product,Seattle,2024-11-11
13870,Barbara Lopez,barbara.lopez804@example.com,+1-310-551-5355,52.0,36988.4,HR,San Francisco,2020-06-23
13871,William Thomas,william.thomas735@example.com,+1-385-751-7020,60.0,136323.49,Marketing,Austin,2024-06-24
13872,Barbara Anderson,barbara.anderson900@example.com,+1-510-468-6826,32.0,143315.25,Product,Boston,2022-04-17
13873,Jennifer Wilson,jennifer.wilson916@example.com,+1-631-441-1827,60.0,34074.58,Marketing,New York,2022-09-22
13874,Susan Jackson,susan.jackson657@example.com,+1-851-142-4102,63.0,29628.84,Finance,Austin,2020-04-22
13875,Elizabeth Thomas,elizabeth.thomas897@example.com,+1-712-460-6438,52.0,142477.33,Finance,New York,2024-12-02
13876,Susan Johnson,susan.johnson45@example.com,+1-816-810-9055,51.0,132495.58,Finance,New York,2022-08-18
13877,Patricia Miller,patricia.miller552@example.com,+1-224-914-8095,45.0,64073.88,Product,Chicago,2021-04-03
13878,Michael Anderson,michael.anderson649@example.com,+1-284-675-1402,51.0,17846.74,Product,Chicago,2021-10-30
13879,Patricia Jones,patricia.jones988@example.com,+1-944-778-1568,52.0,92365.83,Engineering,Chicago,2022-10-08
13880,William Jackson,william.jackson609@example.com,+1-599-542-2465,32.0,147540.94,Sales,Chicago,2024-09-03
13881,Elizabeth Anderson,elizabeth.anderson53@example.com,+1-410-442-8526,62.0,73142.96,HR,Seattle,2023-04-08
13882,Sarah Williams,sarah.williams709@example.com,+1-586-222-9323,50.0,134392.09,Engineering,Seattle,2021-02-06
13883,John Johnson,john.johnson722@example.com,+1-972-832-6636,64.0,119991.68,HR,Austin,2020-01-13
13884,Michael Davis,michael.davis599@example.com,+1-625-713-9964,55.0,53279.47,Finance,Boston,2024-08-03
13885,Richard Miller,richard.miller465@example.com,+1-614-554-4634,60.0,123653.4,Sales,San Francisco,2021-01-05
13886,Linda Miller,linda.miller707@example.com,+1-705-262-2150,43.0,112606.15,HR,Boston,2022-10-19
13887,Elizabeth Davis,elizabeth.davis504@example.com,+1-611-168-1266,43.0,137480.32,Finance,Boston,2024-06-23
13888,Barbara Williams,barbara.williams763@example.com,+1-621-925-1020,54.0,32449.01,Engineering,Chicago,2024-06-23
13889,Thomas Brown,thomas.brown275@example.com,+1-261-188-3452,48.0,27122.34,Engineering,Chicago,2021-01-19
13890,Jennifer Miller,jennifer.miller692@example.com,+1-279-903-7595,39.0,134959.04,Engineering,Austin,2022-01-26
13891,Robert Jones,robert.jones892@example.com,+1-649-886-4578,26.0,25001.38,Product,Seattle,2023-03-04
13892,Robert Martin,robert.martin647@example.com,+1-960-153-9523,,139275.12,Sales,San Francisco,2020-12-20
13893,Michael Rodriguez,michael.rodriguez383@example.com,+1-403-993-1608,34.0,7983.63,Marketing,Austin,2022-06-19
13894,John Davis,john.davis329@example.com,+1-852-153-4723,39.0,131658.16,Product,Chicago,2020-02-14
13895,Susan Williams,susan.williams119@example.com,+1-770-628-7625,30.0,11288.17,Engineering,Seattle,2023-01-13
13896,John Thomas,john.thomas104@example.com,+1-857-497-8031,26.0,62603.7,Product,Austin,2021-11-01
13897,Charles Miller,charles.miller99@example.com,+1-908-741-4663,32.0,26914.61,Marketing,Boston,2020-12-22
13898,Charles Martinez,charles.martinez989@example.com,+1-850-835-9886,53.0,23200.48,Product,Seattle,2024-03-28
13899,Jennifer Martinez,jennifer.martinez992@example.com,+1-331-243-6366,63.0,46876.59,Product,Seattle,2023-11-21
13900,Barbara Smith,barbara.smith324@example.com,+1-760-435-7891,50.0,134979.58,HR,Chicago,2023-01-13
13901,Elizabeth Rodriguez,elizabeth.rodriguez515@example.com,+1-992-471-1188,54.0,41897.21,HR,Seattle,2024-04-28
13902,Sarah Wilson,sarah.wilson473@example.com,+1-841-532-7110,57.0,5723.86,HR,Seattle,2024-05-30
13903,Joseph Davis,joseph.davis589@example.com,+1-360-273-2522,59.0,141075.55,Product,Austin,2021-03-12
13904,Barbara Smith,barbara.smith532@example.com,+1-869-187-1597,29.0,76618.11,Sales,New York,2020-03-14
13905,James Smith,james.smith114@example.com,+1-581-695-9394,40.0,49791.29,Marketing,Seattle,2023-05-13
13906,William Jackson,william.jackson92@example.com,+1-862-124-4568,23.0,127439.06,HR,Chicago,2022-09-21
13907,Mary Rodriguez,mary.rodriguez603@example.com,+1-770-677-3162,56.0,80182.82,Engineering,Boston,2024-07-02
13908,Elizabeth Williams,elizabeth.williams783@example.com,+1-582-723-1523,41.0,72262.21,HR,Boston,2020-07-02
13909,Elizabeth Lopez,elizabeth.lopez281@example.com,+1-936-262-6001,55.0,70795.32,Marketing,Seattle,2023-05-31
13910,James Jones,james.jones976@example.com,+1-466-829-7697,23.0,49086.67,HR,Boston,2020-04-29
13911,Mary Martinez,mary.martinez360@example.com,+1-354-437-3250,26.0,25131.13,Product,Austin,2024-01-01
13912,Thomas Rodriguez,thomas.rodriguez31@example.com,+1-474-212-2892,23.0,112171.42,Sales,Austin,2023-01-17
13913,Elizabeth Rodriguez,elizabeth.rodriguez568@example.com,+1-790-613-5494,52.0,40020.51,Engineering,San Francisco,2024-06-13
13914,William Smith,william.smith830@example.com,+1-531-143-1546,45.0,33931.47,HR,Seattle,2021-05-11
13915,William Moore,william.moore706@example.com,+1-271-734-1170,34.0,77495.87,Sales,New York,2024-11-13
13916,Jennifer Martinez,jennifer.martinez537@example.com,+1-676-424-8922,63.0,,Finance,Austin,2021-11-06
13917,Jessica Jackson,jessica.jackson855@example.com,+1-709-395-5117,32.0,72894.72,Marketing,Chicago,2021-05-21
13918,Joseph Miller,joseph.miller881@example.com,+1-867-691-2068,58.0,72541.0,Marketing,Seattle,2024-06-06
13919,Barbara Taylor,barbara.taylor299@example.com,+1-697-282-8886,33.0,115871.69,Product,Boston,2021-08-06
13920,Elizabeth Rodriguez,elizabeth.rodriguez870@example.com,+1-610-744-6709,54.0,6474.45,Finance,Seattle,2024-07-09
13921,Patricia Taylor,patricia.taylor739@example.com,+1-669-408-7017,54.0,12429.63,Finance,Austin,2021-03-05
13922,James Miller,james.miller564@example.com,+1-608-501-9232,56.0,82072.8,HR,New York,2023-08-01
13923,Mary Moore,mary.moore907@example.com,+1-608-609-2108,52.0,115127.43,Marketing,New York,2023-01-17
13924,James Hernandez,james.hernandez483@example.com,+1-957-357-6974,52.0,116896.73,HR,New York,2022-12-04
13925,Patricia Moore,patricia.moore896@example.com,+1-496-600-4690,26.0,101538.56,Sales,San Francisco,2020-07-01
13926,James Johnson,james.johnson273@example.com,+1-820-408-4115,30.0,136459.39,HR,San Francisco,2024-11-04
13927,Jessica Miller,jessica.miller776@example.com,+1-238-385-9214,41.0,22401.92,Product,Austin,2024-05-17
13928,Linda Anderson,linda.anderson259@example.com,+1-798-173-5644,61.0,59595.66,Sales,San Francisco,2020-10-17
13929,Linda Rodriguez,linda.rodriguez932@example.com,+1-402-662-7119,49.0,45708.81,HR,San Francisco,2023-07-16
13930,Joseph Gonzalez,joseph.gonzalez559@example.com,+1-731-708-8525,36.0,99577.43,Product,San Francisco,2020-07-07
13931,Sarah Taylor,sarah.taylor928@example.com,+1-927-409-7374,44.0,87091.76,HR,Boston,2022-01-21
13932,Linda Jones,linda.jones918@example.com,+1-525-385-9406,57.0,68931.23,Marketing,Boston,2023-11-03
13933,Linda Thomas,linda.thomas838@example.com,+1-556-477-8829,,77233.29,Product,Austin,2023-01-11
13934,Linda Gonzalez,linda.gonzalez909@example.com,+1-767-644-9435,55.0,35038.0,Sales,Seattle,2021-09-06
13935,Thomas Martinez,thomas.martinez851@example.com,+1-777-969-2876,22.0,44639.66,,Austin,2021-05-20
13936,Patricia Thomas,patricia.thomas716@example.com,+1-811-686-3935,38.0,116386.04,HR,Seattle,2020-12-11
13937,Joseph Brown,joseph.brown549@example.com,+1-900-432-6259,36.0,9339.77,Finance,Boston,2020-07-04
13938,Barbara Jones,barbara.jones523@example.com,+1-945-897-8266,31.0,48470.14,HR,Boston,2020-04-03
13939,Linda Johnson,linda.johnson954@example.com,+1-582-678-4360,61.0,102827.46,HR,New York,2022-03-12
13940,Mary Jones,mary.jones634@example.com,+1-315-237-3462,54.0,86917.98,Product,Boston,2024-06-01
13941,Joseph Martin,joseph.martin249@example.com,+1-220-547-6916,30.0,117823.69,HR,San Francisco,2020-10-29
13942,Sarah Brown,sarah.brown689@example.com,+1-679-707-2061,53.0,55818.27,Marketing,Seattle,2020-07-10
13943,Barbara Johnson,barbara.johnson725@example.com,+1-797-568-5988,,71659.67,Engineering,New York,2020-11-01
13944,Michael Taylor,michael.taylor344@example.com,+1-760-915-2871,24.0,71455.96,Marketing,San Francisco,2022-09-27
13945,Barbara Smith,barbara.smith745@example.com,+1-781-761-5464,44.0,121754.97,Product,Seattle,2021-12-11
13946,Richard Martinez,richard.martinez447@example.com,+1-582-450-6068,38.0,,Finance,Chicago,2022-10-17
13947,James Lopez,james.lopez715@example.com,+1-889-899-1712,49.0,71389.16,Finance,San Francisco,2024-11-28
13948,Michael Jones,michael.jones77@example.com,+1-424-946-7701,52.0,131133.78,HR,Boston,2022-06-27
13949,David Garcia,david.garcia910@example.com,+1-392-714-6553,31.0,23732.03,Product,San Francisco,2024-08-11
13950,Susan Martin,susan.martin152@example.com,+1-612-694-6171,38.0,,HR,Austin,2023-12-18
13951,Jessica Thomas,jessica.thomas198@example.com,+1-679-255-1827,53.0,45044.99,Engineering,Seattle,2023-03-31
13952,Susan Taylor,susan.taylor106@example.com,+1-220-454-6624,48.0,24244.72,Finance,Boston,2021-07-13
13953,Mary Gonzalez,mary.gonzalez799@example.com,+1-444-151-7864,53.0,112684.06,Engineering,San Francisco,2023-05-07
13954,James Jackson,james.jackson130@example.com,+1-268-392-1634,47.0,104046.47,Finance,New York,2021-10-11
13955,Elizabeth Lopez,elizabeth.lopez784@example.com,+1-343-192-5130,49.0,113826.05,Product,Austin,2024-02-16
13956,John Anderson,john.anderson497@example.com,+1-695-475-8658,64.0,20799.17,HR,New York,2022-09-05
13957,Linda Miller,linda.miller705@example.com,+1-303-110-2743,54.0,34021.87,Product,New York,2020-02-23
13958,James Miller,james.miller285@example.com,+1-784-142-9385,22.0,125394.94,Marketing,Chicago,2020-09-06
13959,Barbara Lopez,barbara.lopez658@example.com,+1-488-636-2765,35.0,31105.57,Sales,Austin,2020-06-20
13960,Elizabeth Gonzalez,elizabeth.gonzalez582@example.com,+1-321-703-2245,32.0,132661.19,Engineering,New York,2022-01-29
13961,Susan Smith,susan.smith862@example.com,+1-263-311-4703,26.0,75383.62,Sales,Boston,2024-07-22
13962,Robert Smith,robert.smith35@example.com,+1-958-800-6405,38.0,20512.28,Sales,New York,2023-01-19
13963,William Wilson,william.wilson265@example.com,+1-360-129-5105,32.0,17681.23,Sales,Seattle,2021-09-21
13964,Susan Brown,susan.brown966@example.com,+1-766-369-5097,23.0,136349.37,Marketing,Boston,2023-12-03
13965,John Smith,john.smith203@example.com,+1-406-398-9655,44.0,15639.22,Finance,Austin,2021-05-01
13966,Charles Martinez,charles.martinez205@example.com,+1-613-976-6628,54.0,61288.35,Sales,Austin,2022-05-20
13967,Charles Taylor,charles.taylor507@example.com,+1-741-738-9409,34.0,53677.74,Sales,Chicago,2023-10-27
13968,Barbara Jackson,barbara.jackson657@example.com,+1-307-436-3251,36.0,148816.11,HR,San Francisco,2020-07-13
13969,Thomas Martin,thomas.martin56@example.com,+1-688-421-9982,55.0,61128.82,Marketing,Seattle,2023-04-01
13970,James Garcia,james.garcia207@example.com,+1-882-627-1702,22.0,145389.65,Engineering,Austin,2024-09-01
13971,Susan Martin,susan.martin886@example.com,+1-819-701-6612,58.0,109392.41,Product,Boston,2023-02-19
13972,David Thomas,david.thomas672@example.com,+1-981-709-9551,44.0,111838.94,Product,Chicago,2024-01-06
13973,Joseph Thomas,joseph.thomas407@example.com,+1-945-760-1097,26.0,71723.99,Marketing,Austin,2020-06-20
13974,Thomas Brown,thomas.brown431@example.com,+1-334-414-7212,27.0,118886.61,Marketing,Chicago,2023-02-27
13975,Thomas Thomas,thomas.thomas82@example.com,+1-827-300-8812,57.0,28359.28,Finance,Chicago,2021-09-23
13976,Jennifer Rodriguez,jennifer.rodriguez959@example.com,+1-795-981-9521,26.0,19877.28,Product,San Francisco,2022-11-10
13977,James Martinez,james.martinez800@example.com,+1-757-467-4213,35.0,92835.05,Marketing,Seattle,2021-04-10
13978,James Anderson,james.anderson825@example.com,+1-349-142-2320,38.0,126941.7,Engineering,Austin,2021-07-19
13979,Robert Taylor,robert.taylor266@example.com,+1-444-275-1521,40.0,26418.24,Marketing,San Francisco,2020-09-15
13980,Mary Garcia,mary.garcia270@example.com,+1-589-744-1407,46.0,130864.37,Product,Boston,2021-11-16
13981,Robert Jones,robert.jones277@example.com,+1-300-760-7796,64.0,101219.76,HR,Boston,2021-05-21
13982,Robert Moore,robert.moore153@example.com,+1-756-810-4821,22.0,44401.49,Finance,Seattle,2024-05-21
13983,Richard Wilson,richard.wilson344@example.com,+1-333-778-3127,39.0,70604.65,Sales,New York,2022-06-06
13984,John Garcia,john.garcia330@example.com,+1-623-124-1415,57.0,130318.68,Marketing,Boston,2020-12-24
13985,Richard Lopez,richard.lopez960@example.com,+1-378-445-5080,22.0,117028.62,Product,Austin,2024-01-04
13986,Patricia Smith,patricia.smith193@example.com,+1-892-399-1527,51.0,24215.14,HR,San Francisco,2023-10-12
13987,Mary Thomas,mary.thomas254@example.com,+1-442-688-5016,48.0,,Sales,Chicago,2020-05-26
13988,John Smith,john.smith844@example.com,+1-695-843-5795,32.0,89456.37,HR,Seattle,2022-12-31
13989,Barbara Johnson,barbara.johnson902@example.com,+1-242-170-5853,49.0,64799.28,Product,Austin,2021-01-20
13990,John Moore,john.moore338@example.com,+1-440-101-6370,63.0,93843.0,HR,Boston,2023-11-19
13991,Patricia Miller,patricia.miller956@example.com,+1-297-244-7937,48.0,48353.16,Marketing,Austin,2022-04-19
13992,John Jackson,john.jackson691@example.com,+1-674-678-6729,,71173.47,Engineering,Boston,2024-10-09
13993,Charles Gonzalez,charles.gonzalez341@example.com,+1-704-830-4804,44.0,133506.33,HR,Boston,2020-10-28
13994,Robert Martin,robert.martin520@example.com,+1-734-835-3046,24.0,,Engineering,New York,2023-11-10
13995,Jennifer Brown,jennifer.brown736@example.com,+1-356-112-2526,26.0,114298.55,Engineering,Chicago,2021-01-10
13996,John Davis,john.davis758@example.com,+1-206-262-1435,55.0,79485.51,Finance,San Francisco,2020-04-21
13997,James Taylor,james.taylor967@example.com,+1-935-972-9285,36.0,125271.95,HR,Austin,2023-05-28
13998,Thomas Lopez,thomas.lopez739@example.com,+1-696-729-2478,,143872.93,Marketing,Austin,2020-12-11
13999,Susan Taylor,susan.taylor627@example.com,+1-733-964-7388,39.0,7584.46,Marketing,San Francisco,2024-04-07
14000,Thomas Martinez,thomas.martinez223@example.com,+1-252-289-7903,28.0,9987.58,,Seattle,2022-05-22
14001,Barbara Brown,barbara.brown768@example.com,+1-301-825-6817,53.0,5088.87,Engineering,San Francisco,2022-09-20
14002,Sarah Davis,sarah.davis300@example.com,+1-818-806-4423,52.0,93903.77,Finance,New York,2022-04-23
14003,John Taylor,john.taylor264@example.com,+1-244-276-8389,40.0,40740.32,Engineering,New York,2023-09-14
14004,Jennifer Taylor,jennifer.taylor824@example.com,+1-906-266-9536,23.0,18195.13,Finance,Boston,2023-07-07
14005,David Johnson,david.johnson549@example.com,+1-351-995-8172,34.0,119224.23,Sales,Boston,2024-06-25
14006,Joseph Martin,joseph.martin397@example.com,+1-779-456-4726,55.0,72865.47,Marketing,Austin,2023-06-04
14007,Sarah Anderson,sarah.anderson433@example.com,+1-995-578-1054,43.0,107434.78,Product,Seattle,2024-02-03
14008,Elizabeth Gonzalez,elizabeth.gonzalez488@example.com,+1-720-562-5127,64.0,46719.36,Product,Seattle,2021-10-29
14009,Robert Miller,robert.miller58@example.com,+1-420-501-7934,,37419.49,HR,Austin,2020-06-19
14010,Mary Gonzalez,mary.gonzalez476@example.com,+1-543-307-4698,61.0,80448.24,Sales,New York,2022-02-24
14011,David Thomas,david.thomas102@example.com,+1-723-849-3499,47.0,102557.28,Engineering,San Francisco,2021-12-07
14012,Patricia Williams,patricia.williams751@example.com,+1-851-416-1108,35.0,20950.14,Product,New York,2024-07-25
14013,Jennifer Jones,jennifer.jones727@example.com,+1-506-133-7312,46.0,98493.26,HR,Austin,2024-07-29
14014,Jessica Taylor,jessica.taylor698@example.com,+1-904-290-9474,57.0,,Sales,Austin,2023-08-10
14015,Patricia Martinez,patricia.martinez197@example.com,+1-495-484-4135,38.0,25134.76,Sales,Chicago,2023-09-30
14016,David Smith,david.smith849@example.com,+1-289-539-3576,45.0,104883.38,Engineering,San Francisco,2020-07-07
14017,Elizabeth Thomas,elizabeth.thomas869@example.com,+1-366-805-5044,58.0,124144.15,Finance,Austin,2023-07-09
14018,Jessica Garcia,jessica.garcia148@example.com,+1-881-701-9263,24.0,7018.33,Engineering,San Francisco,2020-11-27
14019,Mary Miller,mary.miller254@example.com,+1-594-795-6212,58.0,132539.5,Product,Boston,2022-03-17
14020,Jennifer Johnson,jennifer.johnson242@example.com,+1-707-203-5561,51.0,16711.13,HR,Boston,2024-07-16
14021,Charles Lopez,charles.lopez99@example.com,+1-454-182-7794,41.0,140332.54,Marketing,San Francisco,2021-01-13
14022,Elizabeth Gonzalez,elizabeth.gonzalez517@example.com,+1-482-313-3046,39.0,89854.21,Sales,San Francisco,2024-03-08
14023,Jessica Williams,jessica.williams115@example.com,+1-542-742-3464,59.0,111015.31,Sales,New York,2020-09-07
14024,Robert Jackson,robert.jackson400@example.com,+1-797-829-9753,46.0,93122.2,Finance,Boston,2020-03-01
14025,David Taylor,david.taylor963@example.com,+1-368-121-9015,63.0,110901.41,Product,Austin,2021-01-21
14026,Robert Jackson,robert.jackson816@example.com,+1-686-694-4783,59.0,136484.79,Sales,Boston,2022-08-05
14027,Thomas Moore,thomas.moore349@example.com,+1-869-777-5746,48.0,83817.18,Engineering,New York,2022-10-16
14028,Barbara Martin,barbara.martin362@example.com,+1-268-576-6328,50.0,147734.55,Sales,Austin,2024-05-28
14029,Jennifer Davis,jennifer.davis309@example.com,+1-201-512-4247,33.0,77262.04,Marketing,San Francisco,2020-01-05
14030,Susan Davis,susan.davis93@example.com,+1-800-326-1452,24.0,80166.78,HR,Austin,2023-02-02
14031,Michael Thomas,michael.thomas950@example.com,+1-585-748-4614,57.0,80850.01,Sales,Boston,2020-10-13
14032,James Jackson,james.jackson274@example.com,+1-387-997-9121,22.0,73030.88,Engineering,San Francisco,2024-03-02
14033,David Jones,david.jones812@example.com,+1-594-295-2062,42.0,89092.05,Product,Seattle,2021-03-31
14034,David Brown,david.brown626@example.com,+1-268-208-2542,55.0,77560.94,HR,Chicago,2023-04-23
14035,Mary Thomas,mary.thomas47@example.com,+1-314-597-4190,25.0,143040.23,Engineering,Chicago,2021-01-07
14036,Jennifer Wilson,jennifer.wilson391@example.com,+1-588-434-9876,37.0,128567.27,Marketing,Chicago,2020-12-28
14037,Barbara Martin,barbara.martin834@example.com,+1-671-890-6987,33.0,127863.27,Finance,San Francisco,2021-12-04
14038,James Brown,james.brown666@example.com,+1-529-164-3169,64.0,108832.77,Sales,San Francisco,2021-04-20
14039,David Jones,david.jones55@example.com,+1-224-965-1872,31.0,148089.13,Product,Boston,2020-09-13
14040,Charles Williams,charles.williams975@example.com,+1-233-818-1555,63.0,29284.89,Product,Chicago,2020-11-18
14041,Barbara Anderson,barbara.anderson763@example.com,+1-597-982-6728,44.0,46331.01,HR,New York,2020-10-14
14042,Joseph Williams,joseph.williams610@example.com,+1-679-947-7773,22.0,99900.24,Marketing,Seattle,2022-01-01
14043,James Wilson,james.wilson438@example.com,+1-295-757-2071,59.0,81374.38,Marketing,Seattle,2020-11-24
14044,Robert Garcia,robert.garcia321@example.com,+1-319-111-4818,60.0,68994.92,HR,New York,2023-02-17
14045,Charles Hernandez,charles.hernandez518@example.com,+1-272-953-8186,58.0,95506.71,Sales,Austin,2024-01-16
14046,Mary Moore,mary.moore325@example.com,+1-519-809-6673,42.0,67841.38,Engineering,Boston,2022-05-31
14047,Patricia Anderson,patricia.anderson231@example.com,+1-639-631-6367,42.0,149583.98,Sales,Chicago,2022-06-19
14048,Elizabeth Wilson,elizabeth.wilson60@example.com,+1-215-603-9242,53.0,122752.87,Marketing,Seattle,2024-07-14
14049,Patricia Gonzalez,patricia.gonzalez260@example.com,+1-717-361-3138,23.0,62553.96,,Chicago,2020-08-13
14050,Michael Martin,michael.martin468@example.com,+1-532-344-5048,58.0,,Sales,San Francisco,2020-06-10
14051,James Martinez,james.martinez125@example.com,+1-351-680-8881,60.0,94613.59,Engineering,Seattle,2023-08-05
14052,Elizabeth Gonzalez,elizabeth.gonzalez381@example.com,+1-697-335-4995,42.0,85112.59,Product,New York,2021-06-24
14053,Patricia Taylor,patricia.taylor48@example.com,+1-672-232-5419,50.0,,HR,New York,2024-05-24
14054,Patricia Miller,patricia.miller159@example.com,+1-680-514-7056,50.0,104142.95,Marketing,San Francisco,2021-11-07
14055,Charles Thomas,charles.thomas523@example.com,+1-854-268-1665,51.0,11379.42,Product,Chicago,2021-03-29
14056,Joseph Rodriguez,joseph.rodriguez457@example.com,+1-937-714-1355,24.0,54910.27,HR,Boston,2020-02-17
14057,Mary Lopez,mary.lopez212@example.com,+1-855-110-7070,63.0,11889.2,HR,Chicago,2020-06-01
14058,William Miller,william.miller832@example.com,+1-679-426-7872,23.0,139332.55,Marketing,New York,2023-12-06
14059,James Smith,james.smith245@example.com,+1-879-671-2108,26.0,25425.42,Product,Seattle,2023-10-22
14060,Jessica Martinez,jessica.martinez918@example.com,+1-955-473-8335,27.0,71437.48,Engineering,New York,2024-03-10
14061,Linda Martin,linda.martin684@example.com,+1-986-118-4091,25.0,98290.7,Engineering,Austin,2022-03-30
14062,Michael Thomas,michael.thomas56@example.com,+1-757-711-7326,,53000.8,HR,Boston,2022-05-01
14063,James Thomas,james.thomas122@example.com,+1-909-473-2286,43.0,6079.32,Finance,Chicago,2023-07-18
14064,Patricia Wilson,patricia.wilson819@example.com,+1-357-750-5981,54.0,,Product,Boston,2024-09-02
14065,Charles Martinez,charles.martinez328@example.com,+1-224-857-4624,51.0,70999.15,Finance,San Francisco,2022-08-24
14066,Elizabeth Lopez,elizabeth.lopez633@example.com,+1-232-807-8345,61.0,128636.2,HR,Seattle,2020-01-06
14067,Robert Miller,robert.miller410@example.com,+1-926-884-9808,44.0,109392.67,Engineering,San Francisco,2020-03-23
14068,Jessica Johnson,jessica.johnson583@example.com,+1-900-690-3537,,127953.3,Sales,Boston,2024-10-24
14069,John Johnson,john.johnson118@example.com,+1-418-605-1428,23.0,123373.24,Marketing,New York,2022-06-19
14070,William Johnson,william.johnson972@example.com,+1-563-968-2027,42.0,65726.43,Finance,Seattle,2022-04-25
14071,Jessica Taylor,jessica.taylor723@example.com,+1-786-146-5439,40.0,119533.48,Marketing,Seattle,2020-09-02
14072,Richard Anderson,richard.anderson200@example.com,+1-484-404-9984,44.0,18117.5,Sales,Boston,2022-07-07
14073,Thomas Johnson,thomas.johnson792@example.com,+1-762-890-1233,47.0,126453.99,Sales,Boston,2024-10-17
14074,Elizabeth Wilson,elizabeth.wilson80@example.com,+1-409-284-7745,62.0,102025.72,Sales,Austin,2024-08-09
14075,Jessica Martin,jessica.martin309@example.com,+1-464-149-7885,40.0,,Sales,Chicago,2020-03-15
14076,Jessica Martinez,jessica.martinez618@example.com,+1-811-884-1240,26.0,149876.28,Finance,San Francisco,2023-03-24
14077,Jennifer Rodriguez,jennifer.rodriguez209@example.com,+1-644-433-6045,59.0,86814.46,HR,New York,2023-09-16
14078,John Gonzalez,john.gonzalez348@example.com,+1-399-280-4508,22.0,140708.08,Product,New York,2024-08-28
14079,Elizabeth Jones,elizabeth.jones139@example.com,+1-247-868-5695,23.0,94944.32,Sales,New York,2021-12-28
14080,Charles Martin,charles.martin837@example.com,+1-582-195-3971,47.0,105991.93,HR,Austin,2022-10-14
14081,Patricia Moore,patricia.moore678@example.com,+1-575-666-2721,52.0,104471.38,Marketing,Chicago,2021-06-25
14082,James Lopez,james.lopez880@example.com,+1-620-772-9279,61.0,21778.65,Finance,New York,2022-09-20
14083,Joseph Jones,joseph.jones669@example.com,+1-676-750-5253,35.0,55368.33,Engineering,New York,2023-04-18
14084,Robert Brown,robert.brown684@example.com,+1-802-822-6190,48.0,88581.83,Finance,Chicago,2023-04-22
14085,Mary Moore,mary.moore975@example.com,+1-545-814-2664,55.0,143220.64,Finance,San Francisco,2024-09-03
14086,Joseph Davis,joseph.davis985@example.com,+1-965-885-9058,22.0,13193.86,HR,Boston,2024-03-22
14087,Thomas Lopez,thomas.lopez977@example.com,+1-531-381-1656,56.0,92415.57,Finance,Chicago,2020-11-26
14088,Elizabeth Garcia,elizabeth.garcia29@example.com,+1-411-635-1649,46.0,19764.84,Engineering,Chicago,2022-08-31
14089,Michael Wilson,michael.wilson210@example.com,+1-390-972-1408,51.0,10765.4,HR,San Francisco,2024-04-08
14090,Jennifer Garcia,jennifer.garcia186@example.com,+1-855-314-5236,33.0,27289.67,HR,New York,2024-05-06
14091,Elizabeth Miller,elizabeth.miller980@example.com,+1-636-928-1743,40.0,18737.15,Finance,Austin,2023-01-11
14092,Sarah Lopez,sarah.lopez307@example.com,+1-783-157-2949,33.0,,Product,Boston,2021-09-02
14093,Mary Garcia,mary.garcia838@example.com,+1-871-256-6774,31.0,122022.09,Finance,Seattle,2023-09-05
14094,Barbara Lopez,barbara.lopez597@example.com,+1-490-480-9377,26.0,18494.6,Marketing,Boston,2023-07-15
14095,Patricia Hernandez,patricia.hernandez580@example.com,+1-985-536-4102,56.0,52923.96,Finance,San Francisco,2023-04-25
14096,Richard Jones,richard.jones499@example.com,+1-870-764-5924,24.0,79941.79,Marketing,San Francisco,2022-05-13
14097,Mary Thomas,mary.thomas333@example.com,+1-381-565-1223,35.0,110966.34,Marketing,New York,2022-02-14
14098,Elizabeth Taylor,elizabeth.taylor962@example.com,+1-514-705-5824,43.0,31059.75,Product,Seattle,2023-11-29
14099,Linda Thomas,linda.thomas554@example.com,+1-828-270-8915,37.0,105071.76,Marketing,Boston,2022-05-07
14100,Thomas Wilson,thomas.wilson459@example.com,+1-509-955-2979,61.0,118129.37,HR,San Francisco,2023-06-05
14101,William Smith,william.smith522@example.com,+1-208-686-3908,57.0,56326.22,Engineering,San Francisco,2023-12-27
14102,Patricia Gonzalez,patricia.gonzalez489@example.com,+1-616-300-2344,39.0,100920.77,Product,Chicago,2021-12-18
14103,Elizabeth Moore,elizabeth.moore319@example.com,+1-902-460-3575,23.0,31697.28,Finance,Chicago,2024-07-08
14104,Richard Thomas,richard.thomas293@example.com,+1-627-202-9920,35.0,6042.62,Marketing,Seattle,2024-05-31
14105,Charles Jackson,charles.jackson685@example.com,+1-450-824-2342,61.0,21972.15,Marketing,Chicago,2020-08-22
14106,Sarah Rodriguez,sarah.rodriguez716@example.com,+1-593-760-5723,25.0,133543.75,Product,Seattle,2021-02-09
14107,Barbara Miller,barbara.miller920@example.com,+1-629-526-5786,24.0,51143.2,HR,Boston,2023-03-31
14108,Jennifer Gonzalez,jennifer.gonzalez77@example.com,+1-993-381-9125,53.0,94620.53,Finance,San Francisco,2020-02-10
14109,Robert Garcia,robert.garcia139@example.com,+1-887-121-1152,51.0,64661.52,Finance,San Francisco,2024-10-08
14110,Charles Wilson,charles.wilson443@example.com,+1-617-318-3248,31.0,92391.66,Finance,Austin,2022-04-15
14111,Thomas Thomas,thomas.thomas880@example.com,+1-201-428-5730,34.0,13384.23,Marketing,Boston,2021-07-13
14112,Joseph Davis,joseph.davis371@example.com,+1-892-473-5190,58.0,87776.19,Marketing,San Francisco,2020-03-22
14113,Richard Brown,richard.brown626@example.com,+1-544-959-5261,,101973.5,Product,New York,2022-02-28
14114,Richard Thomas,richard.thomas181@example.com,+1-584-545-2173,53.0,9364.36,Sales,New York,2023-06-09
14115,Joseph Lopez,joseph.lopez633@example.com,+1-601-806-9123,57.0,54119.02,Sales,New York,2021-08-23
14116,James Johnson,james.johnson608@example.com,+1-791-561-9758,62.0,33154.54,Product,Boston,2024-07-02
14117,Elizabeth Brown,elizabeth.brown786@example.com,+1-946-650-5440,39.0,64637.28,Product,Chicago,2021-08-14
14118,Charles Miller,charles.miller469@example.com,+1-888-138-2584,46.0,107194.54,Engineering,Austin,2021-10-17
14119,Elizabeth Johnson,elizabeth.johnson847@example.com,+1-427-202-2115,43.0,140030.48,Finance,San Francisco,2023-07-14
14120,Charles Jackson,charles.jackson902@example.com,+1-561-335-4334,52.0,37013.45,Product,Chicago,2023-11-18
14121,Elizabeth Miller,elizabeth.miller974@example.com,+1-973-280-2288,63.0,23568.02,HR,Boston,2021-08-30
14122,Elizabeth Garcia,elizabeth.garcia776@example.com,+1-702-626-1091,57.0,72693.67,Finance,Boston,2021-01-28
14123,Michael Moore,michael.moore799@example.com,+1-690-441-9325,58.0,106944.7,Sales,Chicago,2020-12-22
14124,Barbara Johnson,barbara.johnson546@example.com,+1-620-250-3550,47.0,122391.55,HR,Austin,2024-05-27
14125,Susan Johnson,susan.johnson861@example.com,+1-776-384-6750,59.0,,Engineering,Chicago,2022-05-30
14126,William Jones,william.jones553@example.com,+1-669-230-9720,50.0,53462.9,HR,Boston,2024-10-01
14127,Susan Martin,susan.martin244@example.com,+1-699-813-7695,28.0,29305.44,Product,San Francisco,2024-09-10
14128,William Gonzalez,william.gonzalez439@example.com,+1-866-809-7824,57.0,103026.84,Finance,San Francisco,2023-01-14
14129,Elizabeth Taylor,elizabeth.taylor12@example.com,+1-961-864-6842,28.0,139027.41,Sales,Chicago,2021-12-27
14130,Linda Martinez,linda.martinez755@example.com,+1-398-535-7183,62.0,108131.6,Sales,Chicago,2021-11-10
14131,Patricia Hernandez,patricia.hernandez264@example.com,+1-285-663-8555,37.0,104084.88,Finance,Seattle,2024-01-16
14132,Patricia Garcia,patricia.garcia14@example.com,+1-351-320-4077,55.0,99316.57,HR,Chicago,2022-05-30
14133,Sarah Rodriguez,sarah.rodriguez608@example.com,+1-779-712-7087,55.0,133367.01,Product,Chicago,2023-04-07
14134,Charles Gonzalez,charles.gonzalez202@example.com,+1-556-794-5616,25.0,79714.89,Engineering,New York,2020-12-08
14135,Joseph Garcia,joseph.garcia16@example.com,+1-936-488-4174,55.0,36997.96,Marketing,Boston,2021-06-27
14136,Robert Brown,robert.brown321@example.com,+1-535-309-9236,41.0,125088.02,Marketing,Chicago,2020-04-22
14137,Patricia Smith,patricia.smith30@example.com,+1-887-590-2479,26.0,94815.73,Finance,San Francisco,2021-08-13
14138,Richard Williams,richard.williams245@example.com,+1-881-324-8575,59.0,,Finance,Austin,2023-12-11
14139,Thomas Taylor,thomas.taylor158@example.com,+1-754-311-7993,43.0,19482.05,Sales,Austin,2024-10-10
14140,Elizabeth Hernandez,elizabeth.hernandez364@example.com,+1-899-896-5451,30.0,132161.95,Finance,Chicago,2020-04-22
14141,John Johnson,john.johnson329@example.com,+1-833-353-2323,,86033.15,Marketing,Austin,2021-03-22
14142,Joseph Martinez,joseph.martinez805@example.com,+1-348-724-3133,59.0,135662.93,HR,Seattle,2021-07-03
14143,William Davis,william.davis979@example.com,+1-379-230-1532,29.0,148884.92,Product,New York,2024-03-29
14144,Susan Hernandez,susan.hernandez844@example.com,+1-553-508-5606,47.0,94852.24,Sales,New York,2020-12-10
14145,Mary Miller,mary.miller954@example.com,+1-495-656-8384,25.0,131632.7,Sales,San Francisco,2023-04-06
14146,Linda Garcia,linda.garcia246@example.com,+1-663-217-1929,52.0,8625.48,Sales,Austin,2020-11-12
14147,James Garcia,james.garcia462@example.com,+1-406-499-7069,61.0,121718.2,Product,Chicago,2022-09-24
14148,Charles Anderson,charles.anderson668@example.com,+1-301-387-6150,58.0,18905.1,Marketing,New York,2023-03-22
14149,Patricia Johnson,patricia.johnson633@example.com,+1-394-908-8361,,130677.57,Marketing,New York,2021-01-02
14150,Patricia Wilson,patricia.wilson338@example.com,+1-669-972-2486,58.0,125711.59,Sales,Austin,2022-01-18
14151,David Thomas,david.thomas80@example.com,+1-510-737-5562,39.0,89947.39,Marketing,Austin,2020-12-21
14152,Elizabeth Garcia,elizabeth.garcia382@example.com,+1-281-969-7507,58.0,132299.98,Finance,Austin,2023-05-30
14153,Sarah Miller,sarah.miller752@example.com,+1-501-115-5715,32.0,127351.35,Engineering,New York,2021-08-03
14154,Susan Garcia,susan.garcia399@example.com,+1-379-736-3423,33.0,140009.98,Engineering,New York,2024-10-25
14155,James Jackson,james.jackson968@example.com,+1-829-255-6578,52.0,,Engineering,San Francisco,2020-02-15
14156,Linda Johnson,linda.johnson258@example.com,+1-806-354-4919,30.0,18026.06,Product,New York,2020-06-01
14157,Susan Williams,susan.williams469@example.com,+1-630-599-7219,62.0,129424.61,Marketing,Chicago,2023-11-30
14158,David Jackson,david.jackson582@example.com,+1-330-860-1675,52.0,107987.98,Product,Seattle,2023-02-04
14159,Charles Brown,charles.brown853@example.com,+1-234-196-9035,62.0,62136.45,Finance,Boston,2022-07-14
14160,John Martinez,john.martinez787@example.com,+1-383-376-2516,60.0,,Product,Boston,2020-05-25
14161,Patricia Rodriguez,patricia.rodriguez661@example.com,+1-859-992-7179,42.0,40882.69,Sales,New York,2020-06-19
14162,Jessica Davis,jessica.davis256@example.com,+1-347-540-9849,44.0,71064.59,Engineering,Seattle,2023-12-29
14163,Thomas Lopez,thomas.lopez360@example.com,+1-622-491-7219,,93585.98,HR,Chicago,2021-10-26
14164,James Anderson,james.anderson445@example.com,+1-492-400-8096,55.0,132542.9,Marketing,Austin,2022-11-12
14165,William Jackson,william.jackson485@example.com,+1-634-740-8201,35.0,136215.08,Sales,San Francisco,2021-08-29
14166,David Davis,david.davis182@example.com,+1-623-298-8031,45.0,20658.63,Product,Austin,2021-03-25
14167,Richard Brown,richard.brown421@example.com,+1-460-318-3667,26.0,7659.58,Sales,New York,2020-10-29
14168,James Thomas,james.thomas864@example.com,+1-419-928-5755,38.0,77300.2,Finance,San Francisco,2022-11-02
14169,Jessica Moore,jessica.moore285@example.com,+1-503-967-6956,55.0,109810.16,HR,Boston,2024-02-10
14170,James Taylor,james.taylor488@example.com,+1-585-519-4511,56.0,31309.78,Finance,Austin,2020-07-02
14171,William Moore,william.moore868@example.com,+1-481-714-8773,54.0,83275.25,HR,Seattle,2022-09-09
14172,Robert Hernandez,robert.hernandez843@example.com,+1-598-401-8661,61.0,146870.69,Finance,Chicago,2024-11-23
14173,David Taylor,david.taylor388@example.com,+1-691-783-2975,51.0,21223.95,Product,Chicago,2023-06-14
14174,Patricia Martinez,patricia.martinez882@example.com,+1-894-592-3014,51.0,37464.07,Sales,Chicago,2024-01-23
14175,Richard Rodriguez,richard.rodriguez872@example.com,+1-653-448-9613,32.0,124024.08,HR,Boston,2021-09-06
14176,Richard Garcia,richard.garcia310@example.com,+1-300-515-6059,61.0,33959.08,,Seattle,2024-10-12
14177,William Lopez,william.lopez84@example.com,+1-252-385-7209,59.0,108631.63,Sales,Seattle,2024-02-01
14178,Barbara Taylor,barbara.taylor378@example.com,+1-569-400-9908,48.0,87020.66,Marketing,New York,2020-09-06
14179,Linda Wilson,linda.wilson62@example.com,+1-986-660-8119,38.0,73502.26,Finance,Austin,2022-09-29
14180,Linda Brown,linda.brown531@example.com,+1-514-713-4338,59.0,124199.48,Marketing,Boston,2023-12-30
14181,James Wilson,james.wilson407@example.com,+1-885-526-5138,36.0,6911.11,HR,Seattle,2021-09-12
14182,David Johnson,david.johnson508@example.com,+1-835-517-5144,44.0,68194.93,Engineering,Chicago,2022-04-09
14183,Susan Jones,susan.jones965@example.com,+1-560-601-8127,50.0,44790.86,Product,Seattle,2020-10-22
14184,Elizabeth Martinez,elizabeth.martinez329@example.com,+1-350-704-7519,53.0,43275.23,Sales,Seattle,2020-01-12
14185,Linda Jones,linda.jones887@example.com,+1-985-128-6671,58.0,91948.07,HR,New York,2021-11-23
14186,James Moore,james.moore760@example.com,+1-925-894-7209,52.0,118152.09,Product,Austin,2024-11-09
14187,Joseph Thomas,joseph.thomas18@example.com,+1-348-536-2911,62.0,62204.08,Finance,Chicago,2023-06-24
14188,Jennifer Rodriguez,jennifer.rodriguez988@example.com,+1-867-232-3964,43.0,112769.01,Product,Chicago,2022-05-26
14189,Sarah Smith,sarah.smith418@example.com,+1-981-832-9252,34.0,32533.29,Finance,Chicago,2023-10-08
14190,Jennifer Lopez,jennifer.lopez650@example.com,+1-753-644-1509,53.0,55461.46,Engineering,New York,2021-09-18
14191,Linda Thomas,linda.thomas377@example.com,+1-625-309-6717,56.0,105922.35,HR,New York,2020-09-21
14192,Barbara Johnson,barbara.johnson916@example.com,+1-545-171-2806,61.0,139080.7,Product,New York,2023-11-06
14193,Barbara Miller,barbara.miller255@example.com,+1-245-917-9068,64.0,130151.98,Engineering,San Francisco,2024-01-17
14194,Richard Martin,richard.martin885@example.com,+1-713-998-1915,57.0,85421.08,Finance,Boston,2022-02-06
14195,Patricia Smith,patricia.smith713@example.com,+1-487-654-9460,38.0,7856.47,Sales,New York,2022-10-08
14196,Charles Hernandez,charles.hernandez448@example.com,+1-209-414-3112,26.0,8986.44,HR,Seattle,2021-10-06
14197,James Thomas,james.thomas932@example.com,+1-830-475-4270,64.0,112264.06,Product,Seattle,2024-01-30
14198,Richard Gonzalez,richard.gonzalez844@example.com,+1-732-607-9165,42.0,101584.25,Finance,New York,2024-08-29
14199,William Moore,william.moore394@example.com,+1-722-601-5041,48.0,118390.52,Product,Seattle,2021-01-28
14200,Sarah Davis,sarah.davis238@example.com,+1-269-802-3901,50.0,71993.7,Marketing,San Francisco,2021-11-19
14201,Richard Gonzalez,richard.gonzalez22@example.com,+1-576-508-5820,25.0,67038.27,Finance,Seattle,2020-08-21
14202,Robert Gonzalez,robert.gonzalez542@example.com,+1-828-991-2138,33.0,98039.67,HR,San Francisco,2023-11-29
14203,Mary Smith,mary.smith375@example.com,+1-404-998-3750,26.0,16816.5,Finance,Chicago,2022-07-02
14204,Jessica Johnson,jessica.johnson179@example.com,+1-509-525-5985,24.0,87396.28,Finance,Boston,2023-03-10
14205,Richard Lopez,richard.lopez172@example.com,+1-567-616-8233,32.0,17438.03,Sales,Chicago,2023-10-25
14206,Robert Gonzalez,robert.gonzalez345@example.com,+1-698-748-5946,57.0,,Sales,San Francisco,2024-03-07
14207,Linda Thomas,linda.thomas45@example.com,+1-745-997-9716,64.0,9777.18,Product,Austin,2023-08-31
14208,Barbara Johnson,barbara.johnson288@example.com,+1-759-154-7780,28.0,95605.5,HR,Seattle,2020-09-15
14209,Elizabeth Anderson,elizabeth.anderson910@example.com,+1-596-818-4723,,79480.88,Engineering,San Francisco,2021-12-12
14210,Jessica Jackson,jessica.jackson388@example.com,+1-844-883-7512,62.0,31063.83,Finance,Seattle,2023-05-01
14211,Robert Rodriguez,robert.rodriguez636@example.com,+1-466-433-5717,61.0,52114.49,Sales,Seattle,2024-06-03
14212,John Johnson,john.johnson378@example.com,+1-544-541-7594,28.0,37320.77,Finance,New York,2020-01-28
14213,Jennifer Davis,jennifer.davis431@example.com,+1-574-961-6768,64.0,102327.05,Engineering,New York,2024-07-02
14214,Patricia Hernandez,patricia.hernandez402@example.com,+1-919-948-1260,26.0,5319.57,Engineering,Austin,2024-02-26
14215,Jennifer Gonzalez,jennifer.gonzalez998@example.com,+1-986-198-9495,30.0,122870.44,Marketing,Boston,2024-10-06
14216,Barbara Rodriguez,barbara.rodriguez908@example.com,+1-324-940-9848,62.0,22127.65,Product,New York,2024-03-30
14217,Barbara Gonzalez,barbara.gonzalez255@example.com,+1-788-193-5311,47.0,99716.66,Finance,New York,2022-09-07
14218,Susan Smith,susan.smith593@example.com,+1-752-890-9863,44.0,102906.11,Marketing,Boston,2020-01-14
14219,Sarah Garcia,sarah.garcia738@example.com,+1-439-339-5365,49.0,137330.02,Product,Austin,2021-12-25
14220,Jennifer Williams,jennifer.williams754@example.com,+1-470-231-8595,60.0,84835.11,Product,Chicago,2024-01-05
14221,Sarah Brown,sarah.brown270@example.com,+1-633-515-6474,44.0,128447.09,Sales,Austin,2022-09-09
14222,Thomas Lopez,thomas.lopez939@example.com,+1-529-105-8755,33.0,105690.41,Engineering,Seattle,2022-07-19
14223,Elizabeth Miller,elizabeth.miller57@example.com,+1-815-102-3835,30.0,45692.41,HR,Boston,2021-06-13
14224,Barbara Rodriguez,barbara.rodriguez157@example.com,+1-859-146-2501,40.0,13964.26,Sales,Chicago,2021-06-05
14225,Linda Brown,linda.brown872@example.com,+1-234-352-5854,43.0,121521.04,Sales,Seattle,2022-02-05
14226,William Wilson,william.wilson881@example.com,+1-237-859-5760,59.0,36568.17,Engineering,New York,2024-04-08
14227,Michael Rodriguez,michael.rodriguez694@example.com,+1-215-474-9555,61.0,33691.58,Product,Chicago,2020-07-04
14228,Barbara Taylor,barbara.taylor131@example.com,+1-427-507-7696,36.0,96589.11,HR,San Francisco,2023-09-01
14229,Patricia Jones,patricia.jones366@example.com,+1-899-529-6152,52.0,61305.31,Engineering,Boston,2021-05-31
14230,Richard Rodriguez,richard.rodriguez727@example.com,+1-920-262-4857,33.0,14841.16,Product,Chicago,2022-06-10
14231,Jennifer Moore,jennifer.moore76@example.com,+1-205-903-4312,43.0,17373.93,,Boston,2021-07-14
14232,Robert Davis,robert.davis855@example.com,+1-320-838-4992,39.0,9762.51,Finance,Chicago,2022-06-13
14233,Sarah Anderson,sarah.anderson221@example.com,+1-875-739-1729,34.0,48857.5,Engineering,Austin,2022-06-08
14234,Joseph Brown,joseph.brown904@example.com,+1-790-968-8522,60.0,21772.29,Sales,Seattle,2021-03-04
14235,Joseph Moore,joseph.moore600@example.com,+1-643-232-1175,44.0,25450.53,Sales,Boston,2022-05-12
14236,Michael Wilson,michael.wilson47@example.com,+1-623-498-4012,33.0,66383.16,Sales,New York,2020-10-01
14237,Sarah Miller,sarah.miller197@example.com,+1-799-215-9254,45.0,66977.25,Marketing,San Francisco,2024-11-18
14238,John Jackson,john.jackson421@example.com,+1-427-513-1313,27.0,,Engineering,Seattle,2023-12-03
14239,Elizabeth Johnson,elizabeth.johnson347@example.com,+1-445-748-1557,33.0,124470.47,Engineering,San Francisco,2022-01-05
14240,Barbara Gonzalez,barbara.gonzalez232@example.com,+1-407-522-2193,32.0,147563.95,Product,New York,2024-07-16
14241,Jennifer Rodriguez,jennifer.rodriguez771@example.com,+1-768-678-1230,,,Sales,San Francisco,2020-02-23
14242,Robert Gonzalez,robert.gonzalez352@example.com,+1-835-688-9530,45.0,64789.29,HR,San Francisco,2021-08-08
14243,Sarah Brown,sarah.brown781@example.com,+1-577-253-2666,30.0,84943.17,Product,Austin,2023-07-05
14244,Joseph Lopez,joseph.lopez687@example.com,+1-348-774-9642,40.0,97517.56,HR,Austin,2023-10-21
14245,James Anderson,james.anderson52@example.com,+1-592-262-5607,40.0,85770.9,HR,Austin,2020-05-25
14246,Charles Martin,charles.martin737@example.com,+1-787-565-2189,53.0,115070.79,Sales,Seattle,2021-08-10
14247,Elizabeth Martin,elizabeth.martin921@example.com,+1-596-351-9698,36.0,97266.46,Finance,San Francisco,2020-04-29
14248,Michael Rodriguez,michael.rodriguez432@example.com,+1-708-463-3953,52.0,89653.46,Finance,Austin,2024-07-11
14249,Jennifer Gonzalez,jennifer.gonzalez678@example.com,+1-691-305-2122,58.0,98216.64,Engineering,Boston,2021-01-26
14250,Charles Martinez,charles.martinez323@example.com,+1-303-832-7159,46.0,32399.56,HR,Seattle,2023-11-03
14251,Linda Rodriguez,linda.rodriguez898@example.com,+1-737-701-6806,43.0,32054.85,HR,Boston,2021-06-09
14252,Richard Martin,richard.martin670@example.com,+1-751-295-5504,28.0,46807.9,Marketing,San Francisco,2024-01-28
14253,Michael Gonzalez,michael.gonzalez10@example.com,+1-366-648-6905,29.0,15021.58,Product,Seattle,2022-05-18
14254,John Williams,john.williams656@example.com,+1-906-913-7939,63.0,122884.74,Marketing,New York,2024-06-14
14255,Thomas Hernandez,thomas.hernandez382@example.com,+1-585-282-8476,47.0,12184.52,HR,Austin,2024-03-21
14256,Robert Jones,robert.jones17@example.com,+1-364-219-5839,54.0,53311.66,Product,San Francisco,2023-11-19
14257,Michael Lopez,michael.lopez506@example.com,+1-687-471-8577,49.0,20813.68,HR,Austin,2021-09-03
14258,Thomas Martin,thomas.martin923@example.com,+1-822-447-3635,61.0,79223.83,Engineering,Austin,2022-08-23
14259,Thomas Miller,thomas.miller988@example.com,+1-962-875-8687,26.0,143255.16,Engineering,Chicago,2020-01-04
14260,Charles Martinez,charles.martinez887@example.com,+1-598-881-9495,29.0,,Marketing,Seattle,2023-10-21
14261,Richard Thomas,richard.thomas883@example.com,+1-924-814-3872,55.0,85987.84,HR,Seattle,2024-07-31
14262,Robert Davis,robert.davis202@example.com,+1-660-969-8106,36.0,68621.36,Marketing,Chicago,2021-05-25
14263,Jennifer Jackson,jennifer.jackson901@example.com,+1-456-316-3569,47.0,108555.1,Sales,Boston,2021-02-14
14264,Barbara Moore,barbara.moore867@example.com,+1-648-606-8443,32.0,86731.35,HR,New York,2022-04-30
14265,Barbara Davis,barbara.davis233@example.com,+1-630-455-2415,51.0,14062.75,Engineering,New York,2024-08-16
14266,Susan Davis,susan.davis584@example.com,+1-655-174-6588,55.0,85953.73,Engineering,Austin,2022-06-08
14267,Jessica Garcia,jessica.garcia328@example.com,+1-839-239-8415,43.0,111700.85,Marketing,San Francisco,2023-05-03
14268,Elizabeth Jones,elizabeth.jones998@example.com,+1-628-793-3199,60.0,110125.93,Marketing,Chicago,2024-01-09
14269,Jessica Brown,jessica.brown654@example.com,+1-720-487-9736,48.0,149681.5,Marketing,Chicago,2023-03-07
14270,Elizabeth Taylor,elizabeth.taylor925@example.com,+1-954-261-2185,24.0,23932.08,Finance,Seattle,2020-08-08
14271,Thomas Martin,thomas.martin465@example.com,+1-474-136-3490,64.0,60109.94,Engineering,New York,2024-08-17
14272,James Wilson,james.wilson99@example.com,+1-411-674-3895,26.0,,Marketing,Seattle,2022-06-18
14273,Joseph Moore,joseph.moore378@example.com,+1-525-509-4959,46.0,129738.54,Sales,Chicago,2021-11-08
14274,John Jones,john.jones661@example.com,+1-455-375-1499,47.0,128634.45,Product,San Francisco,2023-08-26
14275,Richard Martinez,richard.martinez502@example.com,+1-916-699-2348,27.0,138126.89,Marketing,Seattle,2023-04-24
14276,William Wilson,william.wilson427@example.com,+1-684-783-2920,53.0,50287.96,Product,Seattle,2022-09-07
14277,Thomas Anderson,thomas.anderson70@example.com,+1-888-965-6255,63.0,42146.84,,Austin,2023-11-17
14278,Michael Miller,michael.miller13@example.com,+1-741-777-7450,35.0,81030.55,Marketing,Austin,2023-02-10
14279,William Martin,william.martin165@example.com,+1-608-307-5561,57.0,136637.35,Marketing,New York,2022-04-16
14280,Susan Garcia,susan.garcia76@example.com,+1-219-722-9260,27.0,123192.78,Product,Seattle,2021-07-30
14281,Joseph Brown,joseph.brown284@example.com,+1-911-712-3263,40.0,95648.36,Sales,Chicago,2020-05-28
14282,Barbara Moore,barbara.moore160@example.com,+1-995-570-5559,35.0,121781.89,Finance,New York,2020-02-04
14283,Jessica Williams,jessica.williams612@example.com,+1-269-743-7400,42.0,141703.27,HR,San Francisco,2021-01-06
14284,Susan Miller,susan.miller516@example.com,+1-542-345-5374,27.0,24164.09,Engineering,Chicago,2024-11-02
14285,Barbara Miller,barbara.miller278@example.com,+1-240-750-7184,32.0,43989.8,Sales,New York,2022-03-13
14286,Thomas Martin,thomas.martin429@example.com,+1-404-667-9934,25.0,9179.97,Marketing,Austin,2023-11-15
14287,Jennifer Williams,jennifer.williams300@example.com,+1-846-204-9381,24.0,120278.8,Marketing,San Francisco,2020-09-15
14288,William Taylor,william.taylor69@example.com,+1-304-525-4332,25.0,14374.59,Marketing,Seattle,2024-04-06
14289,Richard Davis,richard.davis291@example.com,+1-683-897-9008,45.0,68519.63,Engineering,New York,2021-12-26
14290,Patricia Hernandez,patricia.hernandez393@example.com,+1-482-863-9810,22.0,46647.24,Product,New York,2021-09-30
14291,Elizabeth Thomas,elizabeth.thomas237@example.com,+1-901-494-2859,55.0,94496.83,Finance,New York,2021-12-02
14292,Mary Moore,mary.moore342@example.com,+1-529-364-8059,22.0,51300.97,Sales,New York,2021-08-06
14293,Richard Gonzalez,richard.gonzalez696@example.com,+1-249-705-6580,61.0,50613.0,Marketing,San Francisco,2023-09-17
14294,James Anderson,james.anderson10@example.com,+1-566-637-2651,34.0,130019.63,Sales,Austin,2023-05-19
14295,Michael Wilson,michael.wilson523@example.com,+1-403-590-4824,23.0,80767.26,HR,Seattle,2020-04-03
14296,Jessica Wilson,jessica.wilson546@example.com,+1-593-455-1047,30.0,108904.27,Marketing,San Francisco,2023-03-10
14297,Barbara Martinez,barbara.martinez289@example.com,+1-667-532-4411,43.0,65590.03,Engineering,Boston,2023-08-18
14298,Sarah Smith,sarah.smith946@example.com,+1-568-888-8977,34.0,80195.59,Product,Austin,2023-03-24
14299,Patricia Miller,patricia.miller896@example.com,+1-795-800-5976,26.0,95602.19,Marketing,New York,2020-02-22
14300,William Rodriguez,william.rodriguez14@example.com,+1-890-153-8898,49.0,107364.24,HR,Chicago,2020-07-18
14301,Linda Miller,linda.miller50@example.com,+1-819-143-3244,64.0,47840.43,Marketing,Austin,2022-02-27
14302,James Brown,james.brown516@example.com,+1-717-429-5909,55.0,60928.14,HR,Seattle,2023-12-31
14303,Joseph Brown,joseph.brown25@example.com,+1-819-788-1819,30.0,76330.2,HR,Chicago,2024-04-01
14304,Jennifer Gonzalez,jennifer.gonzalez254@example.com,+1-640-374-2247,48.0,95041.21,Finance,Seattle,2021-09-01
14305,Jennifer Gonzalez,jennifer.gonzalez759@example.com,+1-941-126-3152,45.0,63593.44,HR,Seattle,2023-01-05
14306,James Hernandez,james.hernandez87@example.com,+1-915-538-1781,59.0,120480.9,HR,New York,2022-11-05
14307,Patricia Miller,patricia.miller857@example.com,+1-826-346-1548,26.0,94593.53,Sales,New York,2020-12-18
14308,James Miller,james.miller339@example.com,+1-522-597-7172,56.0,114688.13,Sales,Austin,2022-05-18
14309,James Johnson,james.johnson663@example.com,+1-330-753-2028,38.0,62393.1,Marketing,Seattle,2022-01-11
14310,Michael Martinez,michael.martinez124@example.com,+1-462-443-1857,35.0,50002.62,Finance,San Francisco,2020-01-16
14311,Patricia Williams,patricia.williams756@example.com,+1-991-340-6020,62.0,78399.98,Marketing,New York,2024-01-27
14312,Patricia Anderson,patricia.anderson908@example.com,+1-858-652-7436,24.0,135633.15,Product,Boston,2024-09-20
14313,Elizabeth Taylor,elizabeth.taylor887@example.com,+1-535-726-9187,,140643.66,Sales,Chicago,2024-05-30
14314,Mary Garcia,mary.garcia194@example.com,+1-215-378-6470,62.0,87568.09,Engineering,Seattle,2023-10-21
14315,John Miller,john.miller534@example.com,+1-270-153-6495,25.0,66070.65,HR,Seattle,2022-12-06
14316,Joseph Rodriguez,joseph.rodriguez953@example.com,+1-995-898-1227,64.0,75964.84,Sales,New York,2021-06-07
14317,Sarah Thomas,sarah.thomas470@example.com,+1-298-533-2667,46.0,103164.64,HR,Chicago,2021-01-30
14318,Richard Lopez,richard.lopez601@example.com,+1-565-891-3221,38.0,45593.66,,San Francisco,2023-04-20
14319,Michael Hernandez,michael.hernandez356@example.com,+1-365-979-3108,50.0,13554.48,Marketing,San Francisco,2021-02-08
14320,Linda Hernandez,linda.hernandez242@example.com,+1-395-950-5297,52.0,15050.04,Engineering,San Francisco,2022-03-22
14321,Elizabeth Davis,elizabeth.davis509@example.com,+1-622-678-9027,46.0,124390.57,Product,Austin,2023-06-11
14322,Richard Taylor,richard.taylor510@example.com,+1-543-457-6839,39.0,,Product,Chicago,2021-12-17
14323,William Williams,william.williams780@example.com,+1-229-757-6569,53.0,73235.32,Engineering,Seattle,2022-11-16
14324,Barbara Anderson,barbara.anderson155@example.com,+1-867-978-5637,62.0,63874.14,Product,New York,2022-12-01
14325,Linda Smith,linda.smith769@example.com,+1-253-471-8970,37.0,42242.58,Finance,Chicago,2020-04-28
14326,Jennifer Thomas,jennifer.thomas733@example.com,+1-677-547-3751,26.0,29107.73,HR,Boston,2023-07-14
14327,Richard Martin,richard.martin669@example.com,+1-464-194-2746,24.0,134720.61,Product,Chicago,2021-11-20
14328,William Wilson,william.wilson78@example.com,+1-306-791-6783,61.0,124114.13,Engineering,New York,2020-03-07
14329,Barbara Martin,barbara.martin657@example.com,+1-346-464-1677,57.0,96722.26,Engineering,San Francisco,2022-05-12
14330,Thomas Smith,thomas.smith825@example.com,+1-379-906-5309,53.0,82351.93,Finance,Chicago,2023-02-20
14331,John Lopez,john.lopez963@example.com,+1-442-887-6425,,79043.0,Product,Chicago,2021-03-31
14332,Jennifer Wilson,jennifer.wilson815@example.com,+1-638-196-5489,40.0,5526.31,Marketing,Boston,2023-05-06
14333,John Martin,john.martin828@example.com,+1-382-206-3546,29.0,114603.55,Marketing,Austin,2022-07-03
14334,Elizabeth Davis,elizabeth.davis733@example.com,+1-974-145-5688,26.0,81769.22,Marketing,Chicago,2024-06-06
14335,Jessica Brown,jessica.brown660@example.com,+1-797-530-9696,51.0,88407.95,HR,New York,2021-05-24
14336,Jennifer Garcia,jennifer.garcia448@example.com,+1-365-155-4526,57.0,,Engineering,Seattle,2021-06-29
14337,Jessica Martin,jessica.martin528@example.com,+1-925-407-8672,58.0,17114.4,Engineering,Seattle,2022-01-23
14338,William Garcia,william.garcia688@example.com,+1-481-129-8014,30.0,40113.28,Finance,Seattle,2022-07-07
14339,Robert Moore,robert.moore750@example.com,+1-748-746-7204,24.0,74404.97,Product,Seattle,2020-12-12
14340,Michael Miller,michael.miller938@example.com,+1-334-119-7470,35.0,16541.27,Engineering,San Francisco,2021-04-27
14341,Mary Thomas,mary.thomas12@example.com,+1-330-174-2347,51.0,8358.61,Sales,Austin,2020-12-21
14342,Mary Jones,mary.jones866@example.com,+1-803-757-8682,49.0,95564.81,Product,Boston,2023-10-28
14343,Charles Jackson,charles.jackson189@example.com,+1-709-396-9682,54.0,69121.34,Product,New York,2021-03-09
14344,Jessica Taylor,jessica.taylor489@example.com,+1-795-854-6293,47.0,7654.58,Sales,New York,2022-02-26
14345,William Brown,william.brown431@example.com,+1-676-980-5313,46.0,86090.05,Engineering,Seattle,2021-12-12
14346,Mary Wilson,mary.wilson749@example.com,+1-344-724-9025,62.0,31779.71,,San Francisco,2024-08-31
14347,Sarah Davis,sarah.davis763@example.com,+1-683-747-9742,46.0,43928.76,Engineering,Seattle,2020-02-26
14348,Jessica Lopez,jessica.lopez727@example.com,+1-334-962-6045,40.0,59627.99,Product,Austin,2023-06-13
14349,Mary Wilson,mary.wilson802@example.com,+1-281-206-2802,40.0,102545.73,Engineering,San Francisco,2020-10-12
14350,Patricia Jackson,patricia.jackson230@example.com,+1-981-981-5172,44.0,123456.43,,San Francisco,2022-01-17
14351,Patricia Smith,patricia.smith99@example.com,+1-728-967-2936,58.0,20992.45,Product,New York,2023-10-07
14352,James Gonzalez,james.gonzalez958@example.com,+1-988-356-8116,52.0,29239.55,Marketing,Austin,2023-12-07
14353,Jessica Taylor,jessica.taylor970@example.com,+1-995-871-8283,42.0,132011.6,Finance,Boston,2023-03-17
14354,Patricia Jones,patricia.jones209@example.com,+1-984-247-6932,50.0,118281.12,Marketing,Seattle,2022-08-25
14355,John Thomas,john.thomas736@example.com,+1-202-859-9453,61.0,136874.53,Finance,Chicago,2022-10-23
14356,John Martinez,john.martinez604@example.com,+1-639-299-8077,44.0,89243.57,Finance,Chicago,2024-09-16
14357,Sarah Martinez,sarah.martinez66@example.com,+1-291-883-2393,49.0,30317.8,Sales,Chicago,2021-12-07
14358,Patricia Thomas,patricia.thomas750@example.com,+1-396-927-6605,48.0,81311.26,Engineering,San Francisco,2022-10-07
14359,Elizabeth Jackson,elizabeth.jackson42@example.com,+1-227-308-1247,36.0,124314.71,Product,New York,2020-01-18
14360,Michael Taylor,michael.taylor248@example.com,+1-727-766-7320,24.0,126938.31,Product,Chicago,2023-02-27
14361,Michael Moore,michael.moore226@example.com,+1-556-745-2004,51.0,24679.28,Marketing,San Francisco,2023-12-06
14362,Susan Lopez,susan.lopez826@example.com,+1-336-637-5742,34.0,,Marketing,Boston,2023-12-27
14363,Jennifer Martinez,jennifer.martinez404@example.com,+1-711-900-5420,55.0,72602.99,Product,Chicago,2020-02-24
14364,Jessica Wilson,jessica.wilson214@example.com,+1-419-527-5236,28.0,76901.99,Sales,Boston,2020-06-06
14365,Sarah Smith,sarah.smith892@example.com,+1-886-276-5179,49.0,32596.26,Product,Boston,2023-04-01
14366,Richard Jones,richard.jones991@example.com,+1-728-703-5724,24.0,,Marketing,New York,2022-09-18
14367,James Gonzalez,james.gonzalez122@example.com,+1-626-597-2315,47.0,54927.01,Engineering,Austin,2022-07-10
14368,Elizabeth Hernandez,elizabeth.hernandez837@example.com,+1-860-435-8331,,88180.51,HR,Chicago,2022-02-19
14369,Charles Taylor,charles.taylor562@example.com,+1-386-368-4502,48.0,113757.05,Marketing,Boston,2023-04-24
14370,Jennifer Thomas,jennifer.thomas923@example.com,+1-878-611-8942,27.0,11604.56,Finance,New York,2022-10-06
14371,Jennifer Johnson,jennifer.johnson734@example.com,+1-671-788-7458,34.0,98102.84,Engineering,Austin,2021-01-31
14372,David Wilson,david.wilson39@example.com,+1-396-362-7551,52.0,73310.34,Marketing,San Francisco,2022-04-26
14373,David Hernandez,david.hernandez130@example.com,+1-696-257-2598,36.0,91956.15,Sales,Chicago,2020-12-10
14374,Barbara Gonzalez,barbara.gonzalez164@example.com,+1-858-694-2807,42.0,55632.24,Engineering,San Francisco,2024-06-02
14375,Patricia Lopez,patricia.lopez258@example.com,+1-380-160-3743,,32978.42,Sales,Austin,2021-07-15
14376,David Garcia,david.garcia684@example.com,+1-661-105-7846,39.0,11329.48,Marketing,Boston,2024-03-09
14377,Thomas Thomas,thomas.thomas962@example.com,+1-732-780-4876,62.0,82853.92,Sales,Chicago,2022-12-23
14378,Joseph Davis,joseph.davis10@example.com,+1-514-390-2269,54.0,84556.68,Finance,Chicago,2020-11-09
14379,Thomas Wilson,thomas.wilson186@example.com,+1-563-597-1663,28.0,102521.73,Engineering,Austin,2020-03-29
14380,Linda Wilson,linda.wilson917@example.com,+1-536-689-1434,31.0,84383.76,Finance,Chicago,2021-11-30
14381,David Gonzalez,david.gonzalez618@example.com,+1-749-363-9720,51.0,132326.99,Finance,New York,2024-08-10
14382,Jennifer Rodriguez,jennifer.rodriguez324@example.com,+1-422-945-6308,37.0,68708.2,HR,Chicago,2024-02-12
14383,Jennifer Miller,jennifer.miller847@example.com,+1-821-631-9421,25.0,63024.52,Sales,Seattle,2020-09-21
14384,John Taylor,john.taylor673@example.com,+1-909-181-2660,59.0,139838.8,Engineering,Austin,2024-10-05
14385,Joseph Martinez,joseph.martinez778@example.com,+1-214-793-1545,23.0,89674.62,Product,Austin,2023-11-21
14386,Susan Anderson,susan.anderson628@example.com,+1-446-834-6506,32.0,53715.64,Finance,Austin,2023-12-30
14387,Patricia Anderson,patricia.anderson412@example.com,+1-225-818-8931,31.0,88994.4,Sales,San Francisco,2023-03-05
14388,Elizabeth Thomas,elizabeth.thomas624@example.com,+1-386-941-8204,39.0,122879.11,Marketing,Austin,2020-04-07
14389,David Williams,david.williams229@example.com,+1-561-793-8048,47.0,41323.93,Marketing,Chicago,2022-04-09
14390,Thomas Jones,thomas.jones338@example.com,+1-755-335-2464,,144541.67,HR,New York,2023-05-08
14391,Elizabeth Taylor,elizabeth.taylor48@example.com,+1-864-966-7438,60.0,51356.26,Engineering,Chicago,2020-12-27
14392,Mary Gonzalez,mary.gonzalez191@example.com,+1-201-269-3923,59.0,101441.41,Finance,Seattle,2022-03-01
14393,Richard Smith,richard.smith924@example.com,+1-884-452-6720,52.0,91671.35,Engineering,New York,2022-01-10
14394,William Garcia,william.garcia224@example.com,+1-511-303-1959,45.0,98685.79,HR,Boston,2023-11-23
14395,Jessica Miller,jessica.miller676@example.com,+1-219-863-9148,49.0,53568.09,Marketing,Chicago,2023-05-10
14396,Susan Garcia,susan.garcia37@example.com,+1-665-799-2861,27.0,65829.67,Engineering,San Francisco,2022-09-19
14397,William Lopez,william.lopez82@example.com,+1-212-682-6120,52.0,54076.19,Marketing,Austin,2020-01-04
14398,Linda Brown,linda.brown992@example.com,+1-914-871-4124,45.0,13065.49,HR,Chicago,2022-07-01
14399,Joseph Brown,joseph.brown859@example.com,+1-306-620-3671,24.0,20431.08,Sales,San Francisco,2024-09-16
14400,Robert Anderson,robert.anderson463@example.com,+1-431-670-1561,36.0,70799.32,Marketing,New York,2024-08-14
14401,Linda Gonzalez,linda.gonzalez686@example.com,+1-862-784-9616,22.0,139468.03,Finance,Boston,2020-05-13
14402,Jennifer Gonzalez,jennifer.gonzalez26@example.com,+1-721-606-4813,47.0,11482.71,Engineering,Austin,2020-12-05
14403,Elizabeth Wilson,elizabeth.wilson393@example.com,+1-980-825-1673,22.0,32317.41,Marketing,San Francisco,2020-12-15
14404,Patricia Brown,patricia.brown387@example.com,+1-860-992-3653,59.0,81520.04,Sales,Boston,2022-04-09
14405,Patricia Williams,patricia.williams288@example.com,+1-203-511-7733,27.0,120361.52,Finance,Chicago,2022-10-21
14406,Jennifer Brown,jennifer.brown977@example.com,+1-309-224-6838,33.0,104572.38,Product,Chicago,2022-07-05
14407,David Brown,david.brown352@example.com,+1-556-890-4510,48.0,99865.91,HR,San Francisco,2023-11-12
14408,David Martinez,david.martinez426@example.com,+1-933-963-2383,58.0,111001.6,Marketing,Seattle,2021-12-18
14409,David Hernandez,david.hernandez277@example.com,+1-392-855-6299,27.0,69929.28,Finance,Boston,2022-01-03
14410,Jessica Garcia,jessica.garcia193@example.com,+1-719-922-4599,23.0,92408.49,Marketing,Austin,2024-03-19
14411,William Smith,william.smith625@example.com,+1-265-794-1800,,113474.78,Marketing,Austin,2022-03-20
14412,Joseph Smith,joseph.smith66@example.com,+1-538-898-9465,33.0,70555.7,Finance,Chicago,2021-03-08
14413,Patricia Gonzalez,patricia.gonzalez183@example.com,+1-923-294-8121,37.0,106150.92,Sales,Austin,2021-07-09
14414,Charles Moore,charles.moore771@example.com,+1-500-524-7131,47.0,53019.63,Sales,Chicago,2020-03-11
14415,William Johnson,william.johnson332@example.com,+1-569-255-7357,47.0,14855.73,Finance,San Francisco,2023-07-27
14416,Robert Hernandez,robert.hernandez983@example.com,+1-704-891-2130,48.0,121322.64,Sales,Seattle,2022-03-17
14417,Robert Taylor,robert.taylor239@example.com,+1-983-320-9884,35.0,56453.94,HR,Boston,2021-09-20
14418,Barbara Gonzalez,barbara.gonzalez112@example.com,+1-720-263-2028,36.0,96176.4,,Seattle,2020-01-27
14419,Jennifer Davis,jennifer.davis397@example.com,+1-363-974-5776,63.0,36204.93,Product,Chicago,2024-10-28
14420,Patricia Martin,patricia.martin59@example.com,+1-523-613-2486,32.0,146344.97,Product,San Francisco,2020-07-06
14421,Robert Taylor,robert.taylor638@example.com,+1-921-372-7542,48.0,122715.8,Finance,Chicago,2023-06-06
14422,Jennifer Williams,jennifer.williams282@example.com,+1-755-971-1459,64.0,45584.3,HR,Seattle,2021-05-16
14423,James Moore,james.moore780@example.com,+1-548-497-2964,55.0,124203.4,Finance,San Francisco,2023-07-12
14424,Jessica Taylor,jessica.taylor418@example.com,+1-919-918-3412,46.0,80913.64,Sales,Chicago,2023-01-27
14425,Charles Gonzalez,charles.gonzalez875@example.com,+1-282-341-1011,39.0,130276.47,HR,Austin,2020-01-20
14426,Mary Gonzalez,mary.gonzalez714@example.com,+1-716-258-7655,33.0,14019.08,Marketing,San Francisco,2020-04-13
14427,Barbara Hernandez,barbara.hernandez711@example.com,+1-377-956-6341,29.0,107391.06,Finance,San Francisco,2024-06-16
14428,Jennifer Taylor,jennifer.taylor353@example.com,+1-815-675-9348,51.0,128256.11,Marketing,Chicago,2023-04-13
14429,Robert Williams,robert.williams437@example.com,+1-874-438-5815,46.0,131647.68,Sales,New York,2020-06-28
14430,Jessica Wilson,jessica.wilson73@example.com,+1-507-139-2268,54.0,128277.81,HR,Boston,2024-07-01
14431,Joseph Jones,joseph.jones970@example.com,+1-815-280-7341,44.0,109413.45,Engineering,Seattle,2021-06-13
14432,Richard Miller,richard.miller449@example.com,+1-760-669-9037,44.0,111865.68,Product,New York,2023-08-27
14433,William Hernandez,william.hernandez499@example.com,+1-330-246-7746,28.0,132716.26,Marketing,Austin,2024-02-27
14434,Patricia Jones,patricia.jones705@example.com,+1-844-894-1860,48.0,62507.98,Engineering,San Francisco,2022-11-04
14435,Mary Johnson,mary.johnson124@example.com,+1-629-830-7897,42.0,89377.48,HR,Seattle,2022-04-02
14436,Linda Garcia,linda.garcia289@example.com,+1-563-670-2754,40.0,22822.16,Marketing,San Francisco,2024-07-21
14437,James Rodriguez,james.rodriguez421@example.com,+1-214-179-9735,60.0,59951.77,Sales,Chicago,2020-03-29
14438,Jessica Lopez,jessica.lopez535@example.com,+1-527-252-8345,52.0,123901.85,Product,Seattle,2022-01-01
14439,Barbara Lopez,barbara.lopez415@example.com,+1-758-297-1562,23.0,114870.04,Engineering,Austin,2024-09-24
14440,Jessica Brown,jessica.brown927@example.com,+1-243-396-6886,,75762.04,Sales,New York,2023-07-20
14441,Joseph Rodriguez,joseph.rodriguez426@example.com,+1-465-289-3404,32.0,25621.71,Engineering,Boston,2024-07-25
14442,Barbara Smith,barbara.smith693@example.com,+1-508-247-8346,35.0,112680.15,Sales,Chicago,2023-03-30
14443,Joseph Wilson,joseph.wilson343@example.com,+1-505-653-7001,41.0,80475.83,,New York,2023-03-20
14444,James Gonzalez,james.gonzalez304@example.com,+1-781-770-6000,39.0,12200.91,Marketing,Chicago,2021-10-04
14445,Mary Martin,mary.martin986@example.com,+1-808-564-2261,61.0,45878.58,Product,Boston,2023-09-14
14446,Barbara Thomas,barbara.thomas70@example.com,+1-261-837-7910,25.0,95030.64,Marketing,Chicago,2022-05-24
14447,William Johnson,william.johnson395@example.com,+1-876-482-9356,,,HR,Austin,2021-09-04
14448,Susan Hernandez,susan.hernandez576@example.com,+1-282-717-2274,43.0,29389.71,Product,San Francisco,2020-05-12
14449,David Johnson,david.johnson61@example.com,+1-910-387-8330,27.0,142026.79,Finance,Chicago,2024-09-03
14450,Robert Martin,robert.martin495@example.com,+1-888-115-8665,43.0,100351.08,HR,Chicago,2022-01-14
14451,Charles Smith,charles.smith709@example.com,+1-489-599-8043,46.0,25190.35,HR,San Francisco,2021-01-17
14452,Elizabeth Jones,elizabeth.jones576@example.com,+1-473-891-6661,38.0,112477.02,Sales,Seattle,2023-11-20
14453,Elizabeth Davis,elizabeth.davis465@example.com,+1-787-519-7383,55.0,72614.91,HR,Chicago,2021-06-06
14454,Mary Moore,mary.moore245@example.com,+1-205-700-4185,36.0,114987.75,Engineering,Seattle,2020-10-26
14455,Linda Jackson,linda.jackson933@example.com,+1-674-734-6010,64.0,28412.53,Product,Austin,2024-09-21
14456,William Rodriguez,william.rodriguez804@example.com,+1-257-948-6603,25.0,18716.79,Marketing,Boston,2021-08-15
14457,John Lopez,john.lopez60@example.com,+1-816-198-9514,,127495.22,Finance,Boston,2023-12-11
14458,David Anderson,david.anderson873@example.com,+1-810-559-3749,42.0,141894.48,Sales,Austin,2021-03-14
14459,Jessica Miller,jessica.miller347@example.com,+1-918-371-9174,44.0,115813.76,Marketing,Seattle,2020-10-28
14460,Linda Taylor,linda.taylor973@example.com,+1-605-629-2045,63.0,16995.34,Marketing,Seattle,2021-05-20
14461,Susan Smith,susan.smith834@example.com,+1-933-146-9495,60.0,28567.55,Engineering,Boston,2023-06-25
14462,John Gonzalez,john.gonzalez326@example.com,+1-969-125-4601,23.0,18770.42,Sales,San Francisco,2024-05-24
14463,Jennifer Lopez,jennifer.lopez798@example.com,+1-727-105-1033,24.0,93624.54,Marketing,Chicago,2020-02-01
14464,Sarah Gonzalez,sarah.gonzalez162@example.com,+1-484-727-2273,36.0,45859.33,Product,San Francisco,2020-10-20
14465,Elizabeth Jones,elizabeth.jones116@example.com,+1-830-898-2999,54.0,111867.65,Sales,Boston,2021-04-20
14466,Thomas Martin,thomas.martin431@example.com,+1-735-250-7142,52.0,28500.05,HR,Austin,2024-09-13
14467,Jessica Thomas,jessica.thomas569@example.com,+1-550-828-4905,49.0,132533.13,Product,Seattle,2021-03-04
14468,David Gonzalez,david.gonzalez171@example.com,+1-941-970-5503,50.0,32773.96,Engineering,Boston,2021-08-12
14469,John Brown,john.brown333@example.com,+1-662-494-1566,36.0,40198.2,Marketing,San Francisco,2020-09-16
14470,Elizabeth Garcia,elizabeth.garcia861@example.com,+1-469-971-1965,33.0,112286.39,Sales,Chicago,2024-04-14
14471,Jennifer Brown,jennifer.brown365@example.com,+1-522-201-5890,39.0,55286.72,HR,Austin,2020-08-23
14472,William Brown,william.brown308@example.com,+1-569-770-1258,57.0,15840.97,Engineering,Chicago,2020-04-06
14473,Elizabeth Davis,elizabeth.davis373@example.com,+1-651-810-1251,,,Engineering,Chicago,2022-10-24
14474,Robert Johnson,robert.johnson268@example.com,+1-628-696-7438,34.0,115417.8,Product,Boston,2024-04-02
14475,Robert Miller,robert.miller313@example.com,+1-721-828-8477,56.0,121454.48,Engineering,Austin,2021-08-18
14476,James Brown,james.brown620@example.com,+1-539-489-5229,38.0,117926.56,Finance,New York,2021-03-08
14477,Jessica Johnson,jessica.johnson934@example.com,+1-515-271-3860,32.0,136496.94,Sales,Austin,2023-06-16
14478,Barbara Garcia,barbara.garcia732@example.com,+1-929-300-8400,34.0,147961.34,Product,Chicago,2024-06-07
14479,Charles Wilson,charles.wilson954@example.com,+1-268-753-3699,41.0,,Engineering,New York,2021-05-30
14480,John Anderson,john.anderson657@example.com,+1-931-897-3538,24.0,87184.71,Engineering,Chicago,2021-10-18
14481,Susan Jackson,susan.jackson944@example.com,+1-404-927-1579,53.0,120690.81,Sales,San Francisco,2024-01-11
14482,William Johnson,william.johnson943@example.com,+1-995-765-7331,,13805.65,Sales,Chicago,2024-04-09
14483,Patricia Brown,patricia.brown668@example.com,+1-645-891-5150,46.0,143529.84,HR,New York,2024-11-24
14484,Jennifer Martin,jennifer.martin319@example.com,+1-618-614-5384,30.0,60391.29,Marketing,New York,2020-06-16
14485,Robert Gonzalez,robert.gonzalez980@example.com,+1-330-304-7459,49.0,84009.36,Product,San Francisco,2020-09-03
14486,Robert Thomas,robert.thomas465@example.com,+1-943-224-6834,,114921.06,Finance,San Francisco,2023-12-12
14487,Sarah Jackson,sarah.jackson834@example.com,+1-911-291-4094,,113935.71,Product,San Francisco,2021-05-02
14488,William Smith,william.smith858@example.com,+1-547-865-4283,63.0,90292.16,Sales,San Francisco,2023-01-18
14489,Mary Miller,mary.miller549@example.com,+1-689-436-3333,42.0,47688.29,,Seattle,2023-07-25
14490,Susan Martin,susan.martin179@example.com,+1-880-915-1472,22.0,,Engineering,Chicago,2023-12-02
14491,Thomas Brown,thomas.brown104@example.com,+1-317-709-2097,58.0,16377.19,Marketing,Austin,2022-09-17
14492,David Martin,david.martin417@example.com,+1-506-170-6563,42.0,54297.25,Product,Seattle,2023-10-12
14493,Thomas Jackson,thomas.jackson60@example.com,+1-271-739-6031,36.0,57672.23,Product,Austin,2024-05-17
14494,Mary Rodriguez,mary.rodriguez266@example.com,+1-705-853-8638,54.0,101158.96,HR,New York,2024-03-08
14495,Patricia Jackson,patricia.jackson726@example.com,+1-794-176-6028,44.0,44291.17,Marketing,Seattle,2022-11-07
14496,Barbara Williams,barbara.williams462@example.com,+1-558-151-7866,56.0,8388.62,HR,Chicago,2023-12-13
14497,Jennifer Johnson,jennifer.johnson472@example.com,+1-576-645-1435,41.0,125274.67,Marketing,New York,2020-06-03
14498,Barbara Wilson,barbara.wilson355@example.com,+1-668-481-3669,32.0,123927.55,Marketing,New York,2022-08-18
14499,Mary Brown,mary.brown575@example.com,+1-203-851-2615,30.0,121443.71,Sales,Austin,2024-10-25
14500,Susan Thomas,susan.thomas101@example.com,+1-731-152-3130,31.0,100797.76,Engineering,Austin,2020-07-02
14501,Michael Moore,michael.moore592@example.com,+1-703-576-6416,54.0,134742.5,Product,Boston,2020-03-03
14502,Robert Miller,robert.miller133@example.com,+1-766-289-2340,54.0,71370.78,Finance,New York,2023-02-06
14503,Jessica Hernandez,jessica.hernandez213@example.com,+1-912-955-9858,30.0,80368.79,Marketing,New York,2024-08-30
14504,Richard Anderson,richard.anderson913@example.com,+1-531-747-6833,53.0,137340.48,Marketing,New York,2024-05-25
14505,Elizabeth Lopez,elizabeth.lopez61@example.com,+1-216-953-3056,24.0,34369.37,HR,Austin,2023-07-21
14506,Richard Taylor,richard.taylor326@example.com,+1-601-854-2719,37.0,41769.16,Sales,Austin,2020-01-14
14507,Jessica Taylor,jessica.taylor549@example.com,+1-604-507-4131,,87059.51,Product,Seattle,2021-10-17
14508,David Jones,david.jones693@example.com,+1-323-377-9897,64.0,111357.86,Sales,New York,2024-08-07
14509,Jessica Gonzalez,jessica.gonzalez559@example.com,+1-534-488-5631,39.0,17911.04,,Boston,2022-05-07
14510,Patricia Jackson,patricia.jackson914@example.com,+1-488-726-8454,40.0,9950.46,Finance,San Francisco,2024-08-10
14511,Sarah Lopez,sarah.lopez285@example.com,+1-811-401-1785,27.0,61120.26,Engineering,Austin,2022-08-17
14512,Barbara Thomas,barbara.thomas435@example.com,+1-216-146-7173,64.0,79731.76,HR,Seattle,2024-08-18
14513,Michael Brown,michael.brown33@example.com,+1-553-908-8851,38.0,130472.85,Engineering,San Francisco,2024-01-24
14514,Michael Jones,michael.jones369@example.com,+1-568-299-6126,60.0,122699.74,HR,Seattle,2021-09-11
14515,Jennifer Garcia,jennifer.garcia156@example.com,+1-775-958-6000,62.0,78779.26,Engineering,New York,2020-03-22
14516,Jennifer Jackson,jennifer.jackson456@example.com,+1-944-846-2156,40.0,60855.44,Product,Boston,2021-07-14
14517,Barbara Hernandez,barbara.hernandez628@example.com,+1-273-631-3324,58.0,116227.3,Engineering,New York,2021-07-22
14518,Joseph Garcia,joseph.garcia509@example.com,+1-919-342-1179,34.0,119928.18,Product,Boston,2024-08-07
14519,Charles Lopez,charles.lopez738@example.com,+1-883-935-7793,49.0,42719.49,HR,Austin,2021-05-25
14520,Susan Hernandez,susan.hernandez639@example.com,+1-322-812-2873,34.0,5594.14,Engineering,Austin,2021-08-15
14521,James Garcia,james.garcia85@example.com,+1-679-723-1761,32.0,136869.17,Sales,New York,2020-10-02
14522,David Moore,david.moore602@example.com,+1-297-656-7809,27.0,126863.24,HR,Boston,2022-01-23
14523,Richard Garcia,richard.garcia735@example.com,+1-936-789-3095,56.0,100302.37,Engineering,Chicago,2024-09-22
14524,Linda Moore,linda.moore333@example.com,+1-941-864-9553,53.0,143028.15,,New York,2022-01-21
14525,Jessica Johnson,jessica.johnson759@example.com,+1-958-670-3848,25.0,89517.45,Finance,Austin,2022-10-30
14526,Jennifer Smith,jennifer.smith807@example.com,+1-844-854-3926,47.0,52111.46,Product,New York,2021-10-13
14527,Sarah Miller,sarah.miller83@example.com,+1-658-747-3650,47.0,26017.65,Sales,Chicago,2023-04-03
14528,Mary Smith,mary.smith91@example.com,+1-736-460-2084,51.0,22683.59,Finance,San Francisco,2022-01-27
14529,Jennifer Hernandez,jennifer.hernandez759@example.com,+1-369-962-3346,25.0,9911.38,,Austin,2022-03-19
14530,Robert Johnson,robert.johnson530@example.com,+1-242-195-5619,56.0,78995.56,HR,Austin,2020-10-09
14531,Joseph Gonzalez,joseph.gonzalez754@example.com,+1-909-454-6787,,106540.8,HR,Seattle,2024-09-28
14532,Patricia Davis,patricia.davis978@example.com,+1-600-619-7079,26.0,31868.36,HR,Boston,2024-04-11
14533,Elizabeth Martinez,elizabeth.martinez273@example.com,+1-648-326-4131,37.0,123773.46,Product,Austin,2024-04-25
14534,Michael Hernandez,michael.hernandez110@example.com,+1-414-655-9414,39.0,11969.98,Finance,Seattle,2022-12-24
14535,David Thomas,david.thomas591@example.com,+1-776-351-7838,56.0,106546.03,Marketing,Austin,2020-07-07
14536,Barbara Wilson,barbara.wilson192@example.com,+1-459-123-8261,43.0,9845.01,Marketing,Seattle,2024-04-21
14537,Michael Hernandez,michael.hernandez980@example.com,+1-485-375-3291,36.0,26730.92,Sales,New York,2024-05-21
14538,Jennifer Wilson,jennifer.wilson553@example.com,+1-402-372-9035,51.0,115889.51,Product,Seattle,2020-03-11
14539,Joseph Miller,joseph.miller136@example.com,+1-625-629-8242,43.0,87466.13,Marketing,Chicago,2021-06-19
14540,John Martin,john.martin85@example.com,+1-283-975-7947,40.0,79600.39,Finance,Austin,2021-05-31
14541,Barbara Rodriguez,barbara.rodriguez324@example.com,+1-237-704-3375,40.0,23238.24,Product,Chicago,2022-02-08
14542,William Jones,william.jones721@example.com,+1-528-499-5875,46.0,,Engineering,Chicago,2021-02-22
14543,John Johnson,john.johnson760@example.com,+1-204-735-1606,26.0,129037.75,Sales,San Francisco,2022-04-18
14544,Elizabeth Taylor,elizabeth.taylor34@example.com,+1-844-280-1596,60.0,56026.99,Engineering,Seattle,2022-08-22
14545,Mary Martin,mary.martin45@example.com,+1-748-869-8531,48.0,43714.11,HR,Austin,2020-12-15
14546,James Williams,james.williams577@example.com,+1-915-646-4190,39.0,77522.58,Sales,Boston,2024-03-10
14547,Richard Martin,richard.martin376@example.com,+1-823-854-3020,55.0,69881.43,Finance,Chicago,2020-10-27
14548,Linda Hernandez,linda.hernandez266@example.com,+1-608-563-8753,35.0,12208.31,Sales,Seattle,2020-07-25
14549,Elizabeth Hernandez,elizabeth.hernandez636@example.com,+1-549-655-8891,28.0,39722.87,Engineering,San Francisco,2023-06-23
14550,Jennifer Jackson,jennifer.jackson829@example.com,+1-705-308-2884,44.0,80588.2,Engineering,Austin,2021-10-09
14551,Joseph Moore,joseph.moore701@example.com,+1-448-340-9356,46.0,110047.8,HR,Austin,2020-10-30
14552,Sarah Martinez,sarah.martinez615@example.com,+1-658-114-1406,44.0,33981.45,Finance,Boston,2022-04-01
14553,Jessica Lopez,jessica.lopez751@example.com,+1-797-300-8825,42.0,139567.7,Engineering,San Francisco,2024-07-23
14554,Michael Anderson,michael.anderson240@example.com,+1-723-222-6188,60.0,64461.91,Finance,Seattle,2020-04-07
14555,Barbara Anderson,barbara.anderson385@example.com,+1-871-992-7283,40.0,144578.6,Sales,San Francisco,2020-09-22
14556,Michael Jackson,michael.jackson262@example.com,+1-913-654-6797,48.0,55658.88,Engineering,Boston,2024-05-12
14557,Susan Garcia,susan.garcia970@example.com,+1-340-969-4077,59.0,141272.49,HR,Austin,2023-05-27
14558,James Smith,james.smith135@example.com,+1-978-550-6525,31.0,106996.71,Sales,New York,2021-10-02
14559,John Martinez,john.martinez587@example.com,+1-215-467-7394,47.0,38746.96,,Chicago,2021-09-03
14560,Elizabeth Thomas,elizabeth.thomas185@example.com,+1-911-892-6004,62.0,90554.76,Sales,Austin,2021-09-06
14561,Jennifer Lopez,jennifer.lopez88@example.com,+1-216-894-1431,57.0,37864.63,Sales,Chicago,2023-07-26
14562,Jessica Gonzalez,jessica.gonzalez989@example.com,+1-535-857-5303,56.0,9691.94,Finance,New York,2020-06-04
14563,James Smith,james.smith312@example.com,+1-317-134-3915,47.0,16494.8,Finance,Seattle,2023-04-12
14564,Mary Williams,mary.williams414@example.com,+1-921-811-1845,40.0,63698.88,Product,San Francisco,2020-06-04
14565,Barbara Davis,barbara.davis224@example.com,+1-508-207-4531,63.0,20071.85,HR,Chicago,2022-07-24
14566,William Hernandez,william.hernandez748@example.com,+1-932-817-2428,27.0,59343.49,Finance,New York,2023-03-25
14567,Patricia Garcia,patricia.garcia213@example.com,+1-595-477-1578,34.0,130068.83,Sales,Austin,2022-01-12
14568,Joseph Brown,joseph.brown45@example.com,+1-213-264-3228,49.0,40231.8,Product,Boston,2023-12-25
14569,Michael Moore,michael.moore520@example.com,+1-694-944-1707,25.0,10138.33,Product,Boston,2024-06-01
14570,Jennifer Hernandez,jennifer.hernandez834@example.com,+1-557-574-2098,52.0,115395.13,Sales,Austin,2022-06-15
14571,John Davis,john.davis635@example.com,+1-310-921-5636,37.0,101965.34,Engineering,Austin,2023-11-19
14572,Thomas Smith,thomas.smith359@example.com,+1-293-426-5010,22.0,141269.9,Finance,Boston,2023-08-06
14573,Elizabeth Martin,elizabeth.martin55@example.com,+1-317-192-2566,42.0,47742.86,HR,Boston,2023-08-29
14574,John Moore,john.moore787@example.com,+1-945-821-2660,38.0,135226.07,Marketing,San Francisco,2020-01-23
14575,Thomas Moore,thomas.moore220@example.com,+1-793-195-6677,61.0,138884.37,Finance,Austin,2023-05-29
14576,Joseph Hernandez,joseph.hernandez392@example.com,+1-366-475-5914,58.0,133609.41,Marketing,Seattle,2022-12-24
14577,Robert Williams,robert.williams863@example.com,+1-451-978-5429,56.0,32084.56,HR,Boston,2020-11-03
14578,Jessica Smith,jessica.smith461@example.com,+1-721-539-3046,40.0,84250.17,Product,San Francisco,2022-03-19
14579,Barbara Johnson,barbara.johnson969@example.com,+1-305-981-5773,23.0,111427.92,Engineering,San Francisco,2021-04-13
14580,Charles Thomas,charles.thomas305@example.com,+1-825-193-4833,56.0,130913.28,Finance,Boston,2024-08-26
14581,Sarah Garcia,sarah.garcia705@example.com,+1-416-948-1334,31.0,137305.56,Marketing,Austin,2020-06-01
14582,Robert Miller,robert.miller815@example.com,+1-699-667-5764,29.0,79954.56,Finance,Austin,2023-09-19
14583,William Miller,william.miller59@example.com,+1-860-206-1697,52.0,62030.53,Sales,Seattle,2022-09-05
14584,David Gonzalez,david.gonzalez133@example.com,+1-483-771-7988,55.0,120374.2,Product,Chicago,2020-03-09
14585,Charles Johnson,charles.johnson908@example.com,+1-868-186-6881,22.0,77770.38,Marketing,New York,2022-11-08
14586,Joseph Jackson,joseph.jackson874@example.com,+1-269-533-2629,43.0,107655.03,Finance,Boston,2020-03-07
14587,Richard Gonzalez,richard.gonzalez504@example.com,+1-814-180-1539,51.0,71014.52,Marketing,Boston,2024-04-25
14588,Michael Martin,michael.martin735@example.com,+1-424-529-6598,54.0,120699.17,Product,Austin,2023-04-29
14589,Jessica Martinez,jessica.martinez632@example.com,+1-483-843-7824,54.0,81400.19,Finance,San Francisco,2024-01-05
14590,Barbara Brown,barbara.brown912@example.com,+1-315-206-2569,53.0,40583.21,Product,New York,2021-02-15
14591,Charles Brown,charles.brown471@example.com,+1-976-455-9727,47.0,28371.77,Sales,Seattle,2021-02-24
14592,David Martin,david.martin260@example.com,+1-776-335-3617,57.0,96025.22,Product,Chicago,2023-11-22
14593,Elizabeth Garcia,elizabeth.garcia255@example.com,+1-383-548-4239,61.0,119111.62,Sales,Seattle,2021-08-23
14594,Thomas Davis,thomas.davis996@example.com,+1-622-304-5252,52.0,62331.65,Marketing,Austin,2020-05-17
14595,Barbara Taylor,barbara.taylor378@example.com,+1-328-374-1375,45.0,85721.32,HR,New York,2023-07-31
14596,Mary Smith,mary.smith87@example.com,+1-517-242-9095,44.0,74187.45,Product,Austin,2024-09-30
14597,Michael Lopez,michael.lopez496@example.com,+1-569-729-5488,60.0,45393.65,Product,San Francisco,2022-02-04
14598,Charles Johnson,charles.johnson15@example.com,+1-516-517-7160,47.0,99247.17,Sales,San Francisco,2020-12-31
14599,Elizabeth Gonzalez,elizabeth.gonzalez99@example.com,+1-349-683-9039,28.0,129915.96,Sales,Chicago,2021-01-08
14600,Michael Jackson,michael.jackson230@example.com,+1-421-650-7127,64.0,26485.45,HR,Boston,2020-06-05
14601,John Smith,john.smith987@example.com,+1-820-839-2777,62.0,27527.6,Finance,San Francisco,2021-06-06
14602,John Johnson,john.johnson877@example.com,+1-503-600-6759,51.0,36216.52,HR,Boston,2022-06-29
14603,Michael Brown,michael.brown906@example.com,+1-432-810-9316,30.0,94891.57,Product,Seattle,2020-05-20
14604,Linda Martin,linda.martin484@example.com,+1-726-966-5630,30.0,,Sales,Chicago,2022-02-22
14605,Richard Davis,richard.davis497@example.com,+1-440-274-3851,46.0,37357.01,Engineering,New York,2022-10-14
14606,Joseph Williams,joseph.williams636@example.com,+1-487-866-3707,35.0,100117.59,Engineering,New York,2024-05-14
14607,Charles Smith,charles.smith791@example.com,+1-593-964-6283,63.0,99866.17,Engineering,New York,2023-09-17
14608,Sarah Jones,sarah.jones36@example.com,+1-812-298-3130,43.0,92963.87,Finance,New York,2022-05-20
14609,Robert Hernandez,robert.hernandez841@example.com,+1-713-385-6734,54.0,42815.8,HR,Seattle,2022-10-08
14610,Joseph Martinez,joseph.martinez565@example.com,+1-405-891-1117,53.0,93150.42,Finance,Austin,2020-08-15
14611,Patricia Thomas,patricia.thomas264@example.com,+1-595-277-6987,40.0,14545.81,Finance,Austin,2023-10-24
14612,Charles Hernandez,charles.hernandez556@example.com,+1-726-755-1866,26.0,146590.63,Sales,Boston,2024-09-24
14613,Joseph Williams,joseph.williams33@example.com,+1-619-276-8354,35.0,62587.77,Product,Boston,2024-06-04
14614,Robert Martin,robert.martin539@example.com,+1-988-355-3000,29.0,59587.56,Sales,San Francisco,2020-12-22
14615,Jennifer Miller,jennifer.miller556@example.com,+1-241-824-8452,48.0,143479.35,Sales,San Francisco,2023-08-10
14616,Elizabeth Davis,elizabeth.davis306@example.com,+1-401-534-4944,49.0,139944.59,HR,New York,2022-10-04
14617,Robert Williams,robert.williams991@example.com,+1-489-663-5597,27.0,67054.97,Sales,Chicago,2024-09-17
14618,Thomas Lopez,thomas.lopez194@example.com,+1-820-151-7026,58.0,68759.37,Engineering,Seattle,2020-07-23
14619,Jessica Garcia,jessica.garcia498@example.com,+1-823-139-5825,,109511.69,HR,Austin,2021-11-22
14620,Elizabeth Smith,elizabeth.smith680@example.com,+1-338-500-7257,53.0,65865.16,Finance,Boston,2024-08-09
14621,Susan Martinez,susan.martinez912@example.com,+1-539-211-4737,43.0,143782.4,Engineering,Seattle,2022-05-30
14622,Elizabeth Thomas,elizabeth.thomas721@example.com,+1-566-212-7093,,30593.92,Finance,Chicago,2020-12-29
14623,Richard Moore,richard.moore45@example.com,+1-923-964-7202,,79815.26,Marketing,San Francisco,2020-11-24
14624,Patricia Moore,patricia.moore139@example.com,+1-561-975-7406,48.0,125162.66,Product,Chicago,2023-05-21
14625,Barbara Garcia,barbara.garcia856@example.com,+1-903-419-5963,45.0,92140.65,Sales,Chicago,2024-12-02
14626,Sarah Lopez,sarah.lopez627@example.com,+1-618-933-6529,41.0,21889.48,Finance,New York,2021-03-12
14627,Robert Davis,robert.davis446@example.com,+1-338-765-2571,63.0,78303.97,Engineering,New York,2021-01-24
14628,Jennifer Taylor,jennifer.taylor233@example.com,+1-452-259-4266,37.0,,Marketing,New York,2024-09-10
14629,Thomas Miller,thomas.miller338@example.com,+1-721-960-3947,42.0,79968.24,HR,New York,2020-04-30
14630,Elizabeth Gonzalez,elizabeth.gonzalez509@example.com,+1-849-244-5496,52.0,109318.06,Marketing,San Francisco,2021-04-27
14631,David Hernandez,david.hernandez722@example.com,+1-705-349-5534,53.0,14938.58,Product,New York,2021-10-17
14632,Jessica Jones,jessica.jones954@example.com,+1-348-941-3266,51.0,26296.31,Engineering,Boston,2023-10-29
14633,Robert Davis,robert.davis394@example.com,+1-640-197-8471,29.0,8160.49,Engineering,Austin,2020-07-26
14634,John Anderson,john.anderson870@example.com,+1-907-390-5554,55.0,131772.35,Product,Chicago,2022-04-18
14635,Charles Martinez,charles.martinez794@example.com,+1-615-214-7227,38.0,68067.87,Marketing,Chicago,2022-05-20
14636,Linda Thomas,linda.thomas474@example.com,+1-968-970-3265,51.0,31427.28,Sales,San Francisco,2023-08-14
14637,Joseph Martinez,joseph.martinez825@example.com,+1-951-279-8328,48.0,94704.38,Marketing,San Francisco,2021-01-18
14638,Linda Thomas,linda.thomas109@example.com,+1-456-729-8505,25.0,46400.76,HR,Austin,2021-02-07
14639,Sarah Moore,sarah.moore933@example.com,+1-704-265-9343,41.0,71732.72,Product,Boston,2022-02-03
14640,William Martin,william.martin523@example.com,+1-538-620-2726,61.0,149864.8,HR,Boston,2023-06-05
14641,Jessica Jackson,jessica.jackson670@example.com,+1-862-672-3045,51.0,113443.77,HR,San Francisco,2024-11-14
14642,Jessica Jackson,jessica.jackson74@example.com,+1-598-979-1411,63.0,,HR,Austin,2021-12-20
14643,Mary Gonzalez,mary.gonzalez160@example.com,+1-629-481-4371,46.0,16999.88,Sales,Austin,2024-01-15
14644,Mary Jackson,mary.jackson757@example.com,+1-898-304-8568,25.0,64697.68,Marketing,Austin,2023-08-26
14645,David Taylor,david.taylor575@example.com,+1-759-902-2561,29.0,110463.61,Finance,Seattle,2021-08-03
14646,William Wilson,william.wilson836@example.com,+1-736-126-9725,28.0,132418.48,,San Francisco,2020-11-06
14647,John Miller,john.miller604@example.com,+1-419-576-1519,64.0,57608.26,Finance,Austin,2023-06-30
14648,Susan Hernandez,susan.hernandez540@example.com,+1-647-151-3702,63.0,93417.92,Marketing,Boston,2022-06-14
14649,Michael Hernandez,michael.hernandez59@example.com,+1-539-735-4602,48.0,112473.36,Engineering,San Francisco,2021-07-14
14650,Thomas Garcia,thomas.garcia289@example.com,+1-797-492-4517,24.0,144781.52,Finance,Boston,2021-04-28
14651,Robert Lopez,robert.lopez728@example.com,+1-933-836-3229,59.0,36607.52,Sales,New York,2021-05-16
14652,Joseph Gonzalez,joseph.gonzalez763@example.com,+1-446-170-5007,,76168.54,Sales,Boston,2022-12-11
14653,Sarah Anderson,sarah.anderson16@example.com,+1-200-438-4773,51.0,82341.23,Finance,Chicago,2022-03-06
14654,John Johnson,john.johnson396@example.com,+1-368-256-5519,40.0,,HR,Seattle,2023-01-19
14655,David Smith,david.smith156@example.com,+1-801-547-6549,62.0,148504.93,Product,Seattle,2024-02-03
14656,Joseph Gonzalez,joseph.gonzalez610@example.com,+1-251-814-1208,36.0,,Product,San Francisco,2022-03-14
14657,Jessica Taylor,jessica.taylor310@example.com,+1-819-637-9548,32.0,12301.32,Finance,San Francisco,2021-05-15
14658,Elizabeth Anderson,elizabeth.anderson680@example.com,+1-538-519-5774,53.0,,Product,Seattle,2021-10-16
14659,James Garcia,james.garcia315@example.com,+1-316-339-6652,40.0,69087.05,Engineering,San Francisco,2022-04-28
14660,Jessica Jones,jessica.jones550@example.com,+1-595-882-9610,64.0,67796.47,Product,San Francisco,2020-06-14
14661,Barbara Lopez,barbara.lopez418@example.com,+1-645-753-1046,52.0,52403.74,Sales,Austin,2021-10-13
14662,Charles Jackson,charles.jackson663@example.com,+1-532-711-2131,22.0,63131.55,HR,New York,2021-04-11
14663,Michael Jones,michael.jones350@example.com,+1-357-759-1185,50.0,74833.4,Marketing,New York,2022-11-16
14664,Elizabeth Moore,elizabeth.moore107@example.com,+1-454-121-9402,29.0,30517.68,HR,Seattle,2022-12-12
14665,Jennifer Martin,jennifer.martin342@example.com,+1-412-635-7333,43.0,80924.51,HR,Seattle,2023-07-23
14666,Patricia Wilson,patricia.wilson714@example.com,+1-616-479-7193,64.0,136530.16,Finance,San Francisco,2023-12-14
14667,Patricia Brown,patricia.brown955@example.com,+1-624-965-3020,27.0,,Product,Austin,2022-02-28
14668,Sarah Garcia,sarah.garcia168@example.com,+1-294-338-1682,45.0,58824.13,Engineering,Seattle,2020-05-03
14669,Michael Thomas,michael.thomas137@example.com,+1-723-929-3772,25.0,83055.97,Sales,Seattle,2022-04-11
14670,Elizabeth Wilson,elizabeth.wilson448@example.com,+1-823-258-7013,28.0,67020.81,Finance,San Francisco,2020-12-03
14671,Thomas Brown,thomas.brown378@example.com,+1-826-203-4360,28.0,139340.79,Sales,Boston,2024-06-19
14672,Mary Jones,mary.jones620@example.com,+1-940-411-4669,22.0,85841.0,Sales,New York,2021-08-02
14673,Thomas Martinez,thomas.martinez762@example.com,+1-509-696-8727,62.0,123719.36,Engineering,Boston,2023-01-09
14674,Jessica Smith,jessica.smith383@example.com,+1-508-706-7776,57.0,137014.17,Marketing,San Francisco,2022-06-09
14675,Jennifer Martin,jennifer.martin781@example.com,+1-812-408-6958,38.0,143136.88,Engineering,Boston,2022-09-25
14676,William Jackson,william.jackson284@example.com,+1-807-955-9353,46.0,149034.69,Sales,Seattle,2022-05-11
14677,Charles Wilson,charles.wilson129@example.com,+1-992-848-7012,26.0,67953.74,HR,Boston,2024-07-17
14678,Patricia Davis,patricia.davis102@example.com,+1-272-237-7590,61.0,66435.68,Sales,New York,2022-11-03
14679,Sarah Taylor,sarah.taylor911@example.com,+1-360-995-1199,40.0,145350.12,Marketing,San Francisco,2024-09-20
14680,Charles Anderson,charles.anderson211@example.com,+1-809-688-4550,22.0,82967.96,Marketing,Boston,2024-02-03
14681,David Martin,david.martin734@example.com,+1-253-346-3628,28.0,124307.83,Finance,San Francisco,2023-06-01
14682,Patricia Jackson,patricia.jackson12@example.com,+1-387-436-2123,30.0,113423.6,Engineering,Seattle,2021-11-27
14683,Jessica Jackson,jessica.jackson58@example.com,+1-379-990-8024,37.0,139804.35,Finance,Seattle,2020-12-14
14684,James Garcia,james.garcia375@example.com,+1-580-225-8343,31.0,82252.81,Finance,Austin,2020-07-11
14685,Jennifer Miller,jennifer.miller467@example.com,+1-220-294-9219,23.0,22043.25,HR,New York,2023-12-24
14686,Richard Brown,richard.brown409@example.com,+1-555-551-1935,,140525.42,Marketing,Seattle,2024-01-17
14687,Patricia Johnson,patricia.johnson761@example.com,+1-448-392-6334,27.0,110971.58,Finance,New York,2020-06-04
14688,Barbara Wilson,barbara.wilson555@example.com,+1-448-985-4108,62.0,18621.42,Finance,San Francisco,2022-05-22
14689,Sarah Brown,sarah.brown440@example.com,+1-407-985-6538,,37593.34,Engineering,Boston,2023-03-09
14690,James Moore,james.moore992@example.com,+1-686-564-6246,63.0,131699.05,Product,Seattle,2022-10-07
14691,Elizabeth Wilson,elizabeth.wilson44@example.com,+1-580-871-7363,33.0,37032.77,Sales,Austin,2020-12-01
14692,Robert Martin,robert.martin204@example.com,+1-830-805-5537,61.0,78052.6,Marketing,Seattle,2022-08-16
14693,Thomas Jones,thomas.jones810@example.com,+1-563-246-9362,30.0,36091.19,HR,Seattle,2023-10-06
14694,Jessica Gonzalez,jessica.gonzalez752@example.com,+1-312-348-4520,52.0,45131.98,Sales,Chicago,2020-05-24
14695,Susan Rodriguez,susan.rodriguez919@example.com,+1-840-774-8633,22.0,135674.2,Finance,Austin,2024-02-18
14696,Susan Williams,susan.williams259@example.com,+1-822-546-7215,53.0,132172.89,,New York,2020-06-03
14697,Thomas Wilson,thomas.wilson807@example.com,+1-452-527-8087,59.0,97630.7,HR,Boston,2021-05-13
14698,Barbara Johnson,barbara.johnson313@example.com,+1-733-240-3136,64.0,6036.83,Engineering,New York,2024-11-06
14699,Linda Thomas,linda.thomas450@example.com,+1-644-476-4567,31.0,,Marketing,San Francisco,2023-11-08
14700,Michael Martin,michael.martin318@example.com,+1-558-892-5197,33.0,114709.34,HR,San Francisco,2023-08-03
14701,Jessica Davis,jessica.davis681@example.com,+1-314-307-1160,55.0,64130.26,Product,San Francisco,2022-06-27
14702,Thomas Williams,thomas.williams743@example.com,+1-422-414-9117,26.0,56757.62,Engineering,Seattle,2022-12-03
14703,Joseph Miller,joseph.miller943@example.com,+1-893-418-8097,35.0,46650.85,Finance,New York,2020-01-24
14704,Linda Smith,linda.smith736@example.com,+1-245-597-1104,63.0,40042.13,Finance,Chicago,2024-04-26
14705,William Gonzalez,william.gonzalez543@example.com,+1-751-472-1126,62.0,95431.91,Finance,Austin,2024-07-14
14706,David Jones,david.jones797@example.com,+1-575-502-1235,39.0,148382.79,Product,Boston,2023-04-14
14707,Michael Moore,michael.moore62@example.com,+1-528-366-4103,38.0,21696.99,,San Francisco,2020-10-04
14708,Mary Davis,mary.davis712@example.com,+1-344-652-1075,60.0,86076.74,Finance,Chicago,2024-09-23
14709,William Davis,william.davis208@example.com,+1-619-173-4494,51.0,124389.71,Sales,New York,2020-09-17
14710,Barbara Jackson,barbara.jackson92@example.com,+1-439-734-9634,54.0,84045.79,Finance,San Francisco,2022-04-03
14711,Linda Smith,linda.smith803@example.com,+1-472-632-8148,23.0,90441.21,,Seattle,2021-07-11
14712,James Gonzalez,james.gonzalez34@example.com,+1-876-263-1736,,105750.51,Marketing,Boston,2022-08-05
14713,Jessica Lopez,jessica.lopez759@example.com,+1-903-963-9577,38.0,116265.5,Engineering,Austin,2021-10-26
14714,Elizabeth Martin,elizabeth.martin407@example.com,+1-333-885-2993,56.0,120180.72,Sales,Boston,2024-02-07
14715,Richard Smith,richard.smith618@example.com,+1-984-565-1176,59.0,60561.85,Sales,San Francisco,2022-05-29
14716,James Hernandez,james.hernandez513@example.com,+1-330-922-6952,28.0,114761.77,Marketing,Seattle,2021-06-09
14717,Richard Johnson,richard.johnson765@example.com,+1-359-875-9974,55.0,,Sales,Boston,2020-01-26
14718,Joseph Lopez,joseph.lopez566@example.com,+1-424-888-8463,43.0,82831.23,Marketing,Seattle,2023-04-13
14719,Jennifer Johnson,jennifer.johnson139@example.com,+1-349-726-9357,63.0,47826.79,Sales,Austin,2021-01-02
14720,Joseph Lopez,joseph.lopez893@example.com,+1-455-720-3294,55.0,10999.13,Engineering,Chicago,2020-02-07
14721,Thomas Moore,thomas.moore693@example.com,+1-334-335-8179,62.0,36138.24,Sales,New York,2022-10-17
14722,Richard Gonzalez,richard.gonzalez444@example.com,+1-881-631-7900,44.0,52083.77,HR,Austin,2020-10-11
14723,Charles Lopez,charles.lopez994@example.com,+1-764-709-5921,45.0,8231.87,Sales,New York,2023-01-06
14724,William Miller,william.miller475@example.com,+1-631-373-4176,49.0,135284.41,Finance,New York,2023-04-02
14725,Charles Davis,charles.davis947@example.com,+1-353-386-1691,29.0,133724.09,Engineering,San Francisco,2024-08-30
14726,Joseph Wilson,joseph.wilson942@example.com,+1-900-501-8514,59.0,38018.83,Finance,Chicago,2023-02-04
14727,Barbara Jones,barbara.jones512@example.com,+1-765-414-7783,42.0,131823.66,HR,Chicago,2021-10-20
14728,James Davis,james.davis345@example.com,+1-380-540-1402,58.0,92397.46,HR,Boston,2020-08-10
14729,Robert Anderson,robert.anderson779@example.com,+1-925-688-7701,,36306.0,Marketing,Chicago,2021-07-25
14730,James Wilson,james.wilson222@example.com,+1-797-986-9885,58.0,127439.55,Marketing,New York,2023-05-13
14731,William Gonzalez,william.gonzalez351@example.com,+1-601-877-5078,33.0,141719.25,Product,Austin,2023-09-24
14732,David Brown,david.brown237@example.com,+1-644-697-1777,44.0,,HR,Seattle,2024-11-19
14733,Joseph Garcia,joseph.garcia784@example.com,+1-218-337-6006,43.0,,Marketing,Boston,2020-07-16
14734,Jennifer Martinez,jennifer.martinez454@example.com,+1-570-539-6988,59.0,121772.31,Marketing,Austin,2024-03-22
14735,John Anderson,john.anderson979@example.com,+1-764-319-6803,56.0,70747.31,Sales,Austin,2021-03-26
14736,Linda Miller,linda.miller223@example.com,+1-283-126-7963,26.0,127842.75,Engineering,Chicago,2023-07-23
14737,Patricia Jones,patricia.jones221@example.com,+1-380-867-1360,61.0,,HR,San Francisco,2020-11-25
14738,Richard Gonzalez,richard.gonzalez815@example.com,+1-670-456-5855,22.0,116040.61,Marketing,Boston,2020-04-09
14739,Jennifer Wilson,jennifer.wilson467@example.com,+1-415-711-8102,58.0,81005.97,Product,New York,2022-12-02
14740,Robert Johnson,robert.johnson836@example.com,+1-949-544-2854,47.0,41017.16,Product,New York,2020-11-07
14741,Patricia Martin,patricia.martin129@example.com,+1-532-947-1874,47.0,140653.39,HR,San Francisco,2023-08-13
14742,Jennifer Davis,jennifer.davis357@example.com,+1-636-571-1274,22.0,81453.78,Finance,Austin,2021-07-31
14743,Michael Rodriguez,michael.rodriguez501@example.com,+1-250-738-2184,59.0,,Engineering,New York,2023-04-19
14744,Sarah Williams,sarah.williams42@example.com,+1-949-692-3914,33.0,67967.36,HR,San Francisco,2024-07-19
14745,Robert Williams,robert.williams771@example.com,+1-794-847-7538,60.0,12276.08,Marketing,Chicago,2020-07-28
14746,Michael Anderson,michael.anderson595@example.com,+1-275-311-2976,62.0,139481.46,Product,Boston,2022-06-06
14747,David Moore,david.moore74@example.com,+1-615-697-3524,57.0,66102.66,Engineering,New York,2022-01-12
14748,Jessica Jones,jessica.jones878@example.com,+1-621-529-5449,36.0,124525.32,Marketing,New York,2023-12-07
14749,Jennifer Davis,jennifer.davis616@example.com,+1-876-542-9633,53.0,85692.05,,Austin,2024-04-07
14750,Thomas Brown,thomas.brown533@example.com,+1-945-850-5777,40.0,78578.71,Engineering,Chicago,2020-02-26
14751,Robert Brown,robert.brown23@example.com,+1-825-565-2023,48.0,41543.19,Marketing,Austin,2024-10-21
14752,Sarah Anderson,sarah.anderson78@example.com,+1-486-782-8774,30.0,112154.85,Finance,Boston,2024-10-24
14753,Susan Martinez,susan.martinez751@example.com,+1-752-261-9571,43.0,56632.22,Sales,Boston,2021-12-01
14754,Robert Martinez,robert.martinez972@example.com,+1-978-345-9603,26.0,,Finance,Chicago,2023-01-18
14755,Elizabeth Thomas,elizabeth.thomas820@example.com,+1-268-243-8244,29.0,116415.86,Finance,New York,2022-09-24
14756,James Anderson,james.anderson360@example.com,+1-444-686-1361,37.0,121335.42,HR,Boston,2022-10-03
14757,James Gonzalez,james.gonzalez558@example.com,+1-433-300-5709,,46650.91,HR,Austin,2022-04-18
14758,Charles Jackson,charles.jackson666@example.com,+1-388-284-1248,54.0,43758.47,Marketing,New York,2020-08-17
14759,Mary Martinez,mary.martinez309@example.com,+1-488-527-1310,31.0,128241.4,Finance,Austin,2020-12-07
14760,William Thomas,william.thomas904@example.com,+1-825-850-7995,31.0,12370.68,HR,New York,2020-12-30
14761,William Anderson,william.anderson138@example.com,+1-257-153-9324,39.0,65059.67,Engineering,Seattle,2022-12-30
14762,William Thomas,william.thomas672@example.com,+1-871-585-7225,54.0,42168.72,Engineering,San Francisco,2020-06-27
14763,Thomas Hernandez,thomas.hernandez678@example.com,+1-952-609-4883,54.0,66145.07,Finance,San Francisco,2022-02-08
14764,Sarah Thomas,sarah.thomas938@example.com,+1-284-872-4372,58.0,23492.36,Product,Chicago,2021-05-10
14765,John Jackson,john.jackson499@example.com,+1-265-796-9720,24.0,82941.09,HR,Boston,2022-12-10
14766,Joseph Miller,joseph.miller605@example.com,+1-248-540-7120,60.0,108915.37,Sales,Seattle,2020-01-16
14767,Thomas Wilson,thomas.wilson472@example.com,+1-569-406-8569,41.0,134573.29,Product,Seattle,2021-08-15
14768,Thomas Williams,thomas.williams785@example.com,+1-748-536-4287,46.0,133187.46,Sales,Boston,2023-02-16
14769,Mary Brown,mary.brown678@example.com,+1-376-448-6910,24.0,145402.73,Finance,Seattle,2022-07-04
14770,Sarah Thomas,sarah.thomas922@example.com,+1-393-111-8097,34.0,21629.04,Product,Seattle,2022-12-31
14771,Jessica Martin,jessica.martin309@example.com,+1-754-307-7617,43.0,121900.99,Product,Seattle,2021-07-25
14772,James Smith,james.smith82@example.com,+1-988-305-4739,39.0,52085.22,HR,Austin,2020-11-17
14773,Jennifer Anderson,jennifer.anderson450@example.com,+1-722-755-8923,42.0,44608.58,Product,Austin,2022-02-09
14774,Robert Miller,robert.miller925@example.com,+1-362-398-3652,24.0,95547.08,Sales,New York,2023-02-04
14775,Thomas Anderson,thomas.anderson677@example.com,+1-483-430-5331,51.0,,Engineering,New York,2021-12-16
14776,John Martin,john.martin813@example.com,+1-532-157-5595,48.0,62378.49,HR,San Francisco,2024-02-01
14777,Patricia Davis,patricia.davis219@example.com,+1-645-983-9746,60.0,82185.41,Marketing,San Francisco,2022-02-22
14778,Linda Jackson,linda.jackson462@example.com,+1-871-579-4318,,34511.89,Sales,Boston,2021-07-24
14779,Thomas Hernandez,thomas.hernandez847@example.com,+1-531-270-2498,38.0,30814.73,Finance,Seattle,2021-05-01
14780,Elizabeth Thomas,elizabeth.thomas969@example.com,+1-454-823-6399,56.0,70933.76,Sales,Chicago,2021-12-18
14781,William Martin,william.martin683@example.com,+1-915-843-6455,22.0,98424.09,,Boston,2020-10-17
14782,Barbara Williams,barbara.williams398@example.com,+1-908-982-6865,30.0,133356.09,Sales,Boston,2020-02-06
14783,Michael Wilson,michael.wilson135@example.com,+1-504-355-8664,30.0,148252.69,Sales,Boston,2024-10-06
14784,Jessica Brown,jessica.brown208@example.com,+1-963-499-4510,35.0,147129.91,Sales,San Francisco,2021-02-11
14785,Thomas Moore,thomas.moore195@example.com,+1-247-366-4217,37.0,95617.09,Sales,Austin,2023-12-21
14786,William Garcia,william.garcia941@example.com,+1-963-844-5152,47.0,66979.28,HR,Austin,2020-02-27
14787,Joseph Thomas,joseph.thomas743@example.com,+1-917-683-9056,49.0,62000.64,Engineering,Chicago,2022-11-29
14788,Patricia Lopez,patricia.lopez467@example.com,+1-523-790-9732,49.0,6739.66,Marketing,Austin,2022-01-28
14789,Sarah Moore,sarah.moore68@example.com,+1-439-475-6155,22.0,,HR,Seattle,2023-11-11
14790,Thomas Lopez,thomas.lopez957@example.com,+1-998-939-3992,41.0,94371.42,Sales,Chicago,2024-08-07
14791,Mary Martin,mary.martin744@example.com,+1-842-740-5923,54.0,79913.56,Engineering,Boston,2020-04-06
14792,James Thomas,james.thomas496@example.com,+1-522-308-7152,61.0,86262.54,,San Francisco,2024-02-07
14793,Joseph Johnson,joseph.johnson712@example.com,+1-407-825-6197,27.0,47400.68,HR,Seattle,2021-09-16
14794,Patricia Thomas,patricia.thomas634@example.com,+1-971-275-3657,41.0,140311.6,Marketing,Seattle,2023-12-08
14795,Jessica Williams,jessica.williams458@example.com,+1-990-974-8448,56.0,63292.37,Marketing,San Francisco,2024-07-04
14796,William Rodriguez,william.rodriguez872@example.com,+1-477-329-2517,62.0,68322.39,Finance,Seattle,2023-07-23
14797,Robert Lopez,robert.lopez166@example.com,+1-488-954-6475,,50576.58,Marketing,Seattle,2024-03-05
14798,Patricia Wilson,patricia.wilson154@example.com,+1-360-966-9480,53.0,78545.01,Product,Chicago,2020-06-29
14799,Mary Williams,mary.williams973@example.com,+1-976-462-4349,46.0,77875.13,Sales,New York,2020-03-19
14800,James Brown,james.brown986@example.com,+1-555-971-1080,58.0,14458.91,Sales,Chicago,2020-08-11
14801,Sarah Martin,sarah.martin37@example.com,+1-638-322-8127,32.0,120886.05,Product,New York,2023-02-06
14802,John Thomas,john.thomas756@example.com,+1-981-153-9565,64.0,52880.37,Engineering,San Francisco,2021-09-28
14803,Joseph Garcia,joseph.garcia638@example.com,+1-692-124-6060,50.0,19979.76,Sales,Austin,2021-04-22
14804,Sarah Jones,sarah.jones278@example.com,+1-390-394-5524,,137911.85,Marketing,New York,2024-06-03
14805,John Taylor,john.taylor132@example.com,+1-250-691-4834,41.0,14636.24,Sales,Seattle,2020-07-23
14806,James Thomas,james.thomas553@example.com,+1-715-801-3173,50.0,86231.88,Engineering,San Francisco,2020-10-31
14807,Sarah Taylor,sarah.taylor663@example.com,+1-263-272-7847,51.0,39693.5,Product,San Francisco,2020-02-20
14808,Charles Thomas,charles.thomas875@example.com,+1-783-461-1399,28.0,147525.59,HR,Boston,2024-07-16
14809,Jessica Smith,jessica.smith114@example.com,+1-469-163-2927,45.0,84801.07,Marketing,New York,2023-05-08
14810,Joseph Martinez,joseph.martinez914@example.com,+1-915-685-4432,40.0,85114.42,Engineering,San Francisco,2022-08-22
14811,Jessica Brown,jessica.brown657@example.com,+1-806-798-4815,35.0,113606.11,Sales,Boston,2022-09-09
14812,Sarah Johnson,sarah.johnson577@example.com,+1-760-638-5029,30.0,139383.52,HR,Boston,2024-10-21
14813,William Lopez,william.lopez549@example.com,+1-391-763-9079,43.0,53921.37,Sales,New York,2024-03-27
14814,John Lopez,john.lopez832@example.com,+1-262-342-3350,24.0,9978.49,Product,Chicago,2021-05-04
14815,Mary Moore,mary.moore749@example.com,+1-570-508-7404,49.0,46590.02,Product,Chicago,2020-07-28
14816,Sarah Martin,sarah.martin475@example.com,+1-641-713-6490,52.0,136637.1,Marketing,Austin,2022-07-13
14817,Elizabeth Taylor,elizabeth.taylor312@example.com,+1-680-328-7585,36.0,40568.19,Sales,New York,2021-08-14
14818,Susan Smith,susan.smith553@example.com,+1-380-717-5607,42.0,95067.55,Finance,Boston,2020-08-12
14819,Elizabeth Brown,elizabeth.brown813@example.com,+1-232-128-4037,29.0,124150.19,Engineering,Seattle,2021-01-05
14820,Jennifer Miller,jennifer.miller267@example.com,+1-638-701-9410,38.0,146825.92,Marketing,New York,2020-07-29
14821,Barbara Moore,barbara.moore882@example.com,+1-285-279-4064,37.0,117218.61,Engineering,Austin,2020-10-25
14822,Mary Brown,mary.brown12@example.com,+1-604-591-8874,30.0,121202.57,Marketing,San Francisco,2021-11-07
14823,William Wilson,william.wilson190@example.com,+1-771-855-5321,53.0,128733.5,Finance,Boston,2023-02-27
14824,David Brown,david.brown493@example.com,+1-982-456-4906,51.0,144180.8,Sales,New York,2022-10-21
14825,Richard Gonzalez,richard.gonzalez931@example.com,+1-316-555-5455,51.0,106107.8,Engineering,Austin,2023-12-13
14826,Michael Martin,michael.martin113@example.com,+1-639-963-3761,42.0,27772.28,Marketing,Austin,2023-07-08
14827,Linda Martinez,linda.martinez749@example.com,+1-473-873-5595,25.0,95689.97,Sales,New York,2022-12-12
14828,John Gonzalez,john.gonzalez349@example.com,+1-392-529-8824,62.0,7233.8,HR,Austin,2024-03-30
14829,Elizabeth Anderson,elizabeth.anderson399@example.com,+1-729-441-1724,45.0,14859.6,Engineering,Austin,2024-05-09
14830,James Jackson,james.jackson381@example.com,+1-364-496-8594,30.0,95538.44,Finance,Austin,2021-05-06
14831,Michael Jackson,michael.jackson949@example.com,+1-581-785-2439,26.0,21020.64,Product,San Francisco,2022-10-27
14832,Sarah Brown,sarah.brown723@example.com,+1-305-139-7690,45.0,147463.57,Product,New York,2020-12-09
14833,Robert Smith,robert.smith682@example.com,+1-281-364-2065,52.0,53763.39,Product,Seattle,2023-12-24
14834,David Johnson,david.johnson664@example.com,+1-250-222-5526,,,HR,Boston,2021-01-09
14835,Richard Jackson,richard.jackson500@example.com,+1-835-322-6336,58.0,83084.19,Sales,New York,2023-12-04
14836,William Jones,william.jones116@example.com,+1-868-324-1059,35.0,76688.01,Product,Chicago,2024-08-19
14837,Sarah Davis,sarah.davis274@example.com,+1-320-721-7507,34.0,40233.15,Product,San Francisco,2022-01-23
14838,Robert Davis,robert.davis541@example.com,+1-308-298-9184,39.0,9566.61,Engineering,New York,2021-07-07
14839,Susan Thomas,susan.thomas467@example.com,+1-251-372-1805,,102442.78,HR,Seattle,2023-12-25
14840,Jessica Garcia,jessica.garcia616@example.com,+1-464-421-3363,,119137.42,Finance,Chicago,2022-09-20
14841,James Rodriguez,james.rodriguez322@example.com,+1-383-759-6357,23.0,125130.56,Engineering,Boston,2022-11-08
14842,David Rodriguez,david.rodriguez728@example.com,+1-899-115-7580,27.0,115072.75,Product,San Francisco,2023-12-21
14843,Sarah Martinez,sarah.martinez281@example.com,+1-394-337-3973,44.0,76723.93,Marketing,New York,2020-08-02
14844,Barbara Davis,barbara.davis550@example.com,+1-943-244-1836,42.0,63712.42,Marketing,Austin,2023-04-28
14845,Jennifer Thomas,jennifer.thomas448@example.com,+1-521-707-7713,64.0,135804.31,Product,Seattle,2023-04-23
14846,Robert Taylor,robert.taylor803@example.com,+1-702-765-9180,64.0,116986.94,HR,Austin,2023-01-16
14847,James Garcia,james.garcia961@example.com,+1-685-384-9812,45.0,78854.22,Sales,Austin,2024-05-13
14848,Patricia Gonzalez,patricia.gonzalez298@example.com,+1-361-678-4411,24.0,65827.63,Marketing,New York,2020-03-25
14849,Sarah Williams,sarah.williams983@example.com,+1-847-915-8537,53.0,115250.63,Marketing,New York,2020-08-12
14850,Susan Rodriguez,susan.rodriguez383@example.com,+1-612-905-2441,22.0,22741.92,Marketing,Austin,2021-10-24
14851,Patricia Jones,patricia.jones237@example.com,+1-266-424-3385,55.0,17425.31,Product,San Francisco,2020-04-13
14852,Thomas Smith,thomas.smith573@example.com,+1-257-820-7692,64.0,121871.99,HR,Seattle,2020-10-21
14853,Barbara Taylor,barbara.taylor56@example.com,+1-562-432-5709,38.0,,HR,Seattle,2022-06-03
14854,Elizabeth Hernandez,elizabeth.hernandez129@example.com,+1-228-261-4745,52.0,82235.63,Marketing,Seattle,2024-10-25
14855,Linda Miller,linda.miller786@example.com,+1-992-247-6646,61.0,116460.97,Marketing,Boston,2023-11-30
14856,Sarah Davis,sarah.davis792@example.com,+1-788-480-5726,58.0,8167.68,Engineering,Austin,2024-01-31
14857,James Thomas,james.thomas869@example.com,+1-472-145-3638,35.0,112839.93,Engineering,Austin,2020-02-25
14858,Mary Davis,mary.davis772@example.com,+1-403-556-7681,59.0,146283.62,Marketing,Austin,2020-01-21
14859,Barbara Davis,barbara.davis16@example.com,+1-939-198-2490,23.0,84922.37,Engineering,San Francisco,2021-12-19
14860,Elizabeth Hernandez,elizabeth.hernandez511@example.com,+1-861-103-5555,42.0,98634.41,Engineering,Austin,2022-03-19
14861,Jessica Miller,jessica.miller895@example.com,+1-624-969-3677,41.0,,Marketing,New York,2022-02-01
14862,William Johnson,william.johnson719@example.com,+1-614-764-5204,27.0,41841.44,Sales,Chicago,2021-10-18
14863,Elizabeth Moore,elizabeth.moore110@example.com,+1-244-507-2974,53.0,26384.15,Finance,San Francisco,2022-06-08
14864,Patricia Taylor,patricia.taylor611@example.com,+1-804-627-1734,45.0,79534.95,Engineering,San Francisco,2022-05-31
14865,James Martinez,james.martinez632@example.com,+1-670-457-9649,54.0,,Finance,Boston,2024-04-19
14866,Jennifer Rodriguez,jennifer.rodriguez985@example.com,+1-723-552-2977,24.0,64791.26,Engineering,New York,2024-08-03
14867,John Smith,john.smith736@example.com,+1-597-516-5950,48.0,138482.59,HR,Boston,2023-01-10
14868,Jennifer Anderson,jennifer.anderson595@example.com,+1-613-143-6201,32.0,64929.95,Engineering,Boston,2021-08-21
14869,Elizabeth Thomas,elizabeth.thomas358@example.com,+1-937-147-1740,52.0,43110.52,Sales,Boston,2024-09-23
14870,Joseph Thomas,joseph.thomas922@example.com,+1-432-189-5880,28.0,139595.52,Engineering,Boston,2022-10-30
14871,Robert Thomas,robert.thomas672@example.com,+1-290-744-5791,58.0,124918.96,HR,Chicago,2020-09-19
14872,Barbara Jones,barbara.jones912@example.com,+1-728-986-3367,40.0,32838.51,Finance,New York,2023-10-20
14873,Linda Johnson,linda.johnson821@example.com,+1-503-426-2141,27.0,73971.61,Finance,San Francisco,2022-10-15
14874,Susan Williams,susan.williams767@example.com,+1-937-448-7889,41.0,6150.39,HR,Seattle,2021-06-09
14875,Joseph Brown,joseph.brown792@example.com,+1-832-195-8144,39.0,39954.21,Sales,Seattle,2022-05-06
14876,Charles Miller,charles.miller405@example.com,+1-998-208-2902,39.0,74618.3,HR,San Francisco,2023-06-08
14877,John Smith,john.smith796@example.com,+1-422-663-5651,43.0,30597.94,HR,Chicago,2022-09-06
14878,Susan Wilson,susan.wilson229@example.com,+1-825-177-9469,58.0,143547.93,Sales,New York,2023-01-30
14879,Charles Rodriguez,charles.rodriguez938@example.com,+1-249-895-7545,31.0,74379.71,Engineering,Austin,2021-09-17
14880,Linda Anderson,linda.anderson508@example.com,+1-582-576-4774,63.0,83625.46,Engineering,Austin,2022-07-20
14881,Robert Jackson,robert.jackson779@example.com,+1-670-651-6123,32.0,107497.24,HR,San Francisco,2022-11-03
14882,John Anderson,john.anderson542@example.com,+1-516-869-1504,31.0,120658.95,Marketing,Chicago,2021-03-08
14883,Joseph Davis,joseph.davis91@example.com,+1-604-223-5359,40.0,79535.5,Marketing,Seattle,2022-09-22
14884,James Rodriguez,james.rodriguez224@example.com,+1-884-675-6661,63.0,26834.06,Engineering,Seattle,2021-10-01
14885,Richard Johnson,richard.johnson881@example.com,+1-395-515-3472,55.0,75837.99,Finance,Seattle,2021-01-05
14886,Richard Miller,richard.miller709@example.com,+1-455-280-3727,32.0,46036.14,Engineering,San Francisco,2020-05-02
14887,Jessica Taylor,jessica.taylor265@example.com,+1-537-603-1212,24.0,39249.92,HR,Boston,2020-07-17
14888,Jessica Gonzalez,jessica.gonzalez805@example.com,+1-957-289-2838,38.0,80254.48,Finance,New York,2023-01-11
14889,James Hernandez,james.hernandez815@example.com,+1-646-239-3882,61.0,77354.76,Engineering,Boston,2020-04-08
14890,Barbara Smith,barbara.smith899@example.com,+1-755-951-8407,46.0,100194.79,Finance,New York,2021-11-15
14891,Michael Davis,michael.davis474@example.com,+1-633-429-9212,,127676.33,Engineering,New York,2022-12-24
14892,David Taylor,david.taylor222@example.com,+1-245-545-3229,25.0,41421.1,Product,New York,2022-08-06
14893,Patricia Johnson,patricia.johnson957@example.com,+1-589-953-6066,,59895.08,Finance,Seattle,2023-01-28
14894,David Hernandez,david.hernandez982@example.com,+1-852-683-1780,56.0,53385.1,Finance,San Francisco,2020-06-02
14895,Linda Martin,linda.martin356@example.com,+1-541-880-2462,28.0,25606.84,Engineering,San Francisco,2022-06-26
14896,Thomas Gonzalez,thomas.gonzalez209@example.com,+1-492-379-4651,37.0,148447.18,Marketing,San Francisco,2022-09-19
14897,Patricia Brown,patricia.brown150@example.com,+1-887-287-5813,63.0,114587.12,Product,Austin,2022-11-03
14898,Elizabeth Smith,elizabeth.smith519@example.com,+1-387-849-4568,29.0,136343.18,Marketing,New York,2020-10-17
14899,Linda Jackson,linda.jackson319@example.com,+1-750-209-9997,30.0,,Finance,Boston,2021-07-30
14900,Linda Jackson,linda.jackson416@example.com,+1-491-283-9802,51.0,67217.07,HR,Chicago,2023-03-09
14901,Elizabeth Jackson,elizabeth.jackson141@example.com,+1-870-525-3682,39.0,112754.1,HR,Seattle,2022-01-24
14902,Elizabeth Rodriguez,elizabeth.rodriguez760@example.com,+1-665-159-1678,63.0,14486.68,Finance,Chicago,2022-04-08
14903,Barbara Rodriguez,barbara.rodriguez447@example.com,+1-781-790-7685,,100959.9,Product,Seattle,2023-05-21
14904,Elizabeth Thomas,elizabeth.thomas859@example.com,+1-459-887-8929,34.0,59640.91,Product,Seattle,2023-09-14
14905,Barbara Jackson,barbara.jackson127@example.com,+1-984-225-5227,54.0,97404.48,Engineering,San Francisco,2020-03-24
14906,James Davis,james.davis410@example.com,+1-890-236-6639,62.0,111644.02,Product,Boston,2023-11-17
14907,Sarah Williams,sarah.williams509@example.com,+1-259-188-7499,60.0,135596.79,Product,Chicago,2020-01-18
14908,Jessica Garcia,jessica.garcia579@example.com,+1-446-272-6447,46.0,110645.77,Engineering,New York,2024-02-08
14909,Linda Moore,linda.moore223@example.com,+1-392-688-4094,60.0,138284.9,Finance,San Francisco,2024-08-30
14910,Elizabeth Davis,elizabeth.davis357@example.com,+1-273-210-9043,55.0,136292.54,Sales,San Francisco,2021-10-12
14911,Thomas Taylor,thomas.taylor596@example.com,+1-254-733-9327,44.0,5522.45,Product,New York,2023-11-01
14912,Barbara Martin,barbara.martin471@example.com,+1-360-413-5979,24.0,105836.01,Marketing,New York,2021-07-22
14913,Sarah Thomas,sarah.thomas835@example.com,+1-787-714-8193,48.0,10895.25,Sales,Austin,2024-06-09
14914,Elizabeth Jones,elizabeth.jones186@example.com,+1-852-483-4928,63.0,83668.42,Engineering,Chicago,2022-07-07
14915,Elizabeth Brown,elizabeth.brown937@example.com,+1-473-397-4073,54.0,142556.09,Marketing,Seattle,2021-11-27
14916,Thomas Williams,thomas.williams809@example.com,+1-488-291-5361,,84099.16,Product,Boston,2021-11-11
14917,Mary Martinez,mary.martinez87@example.com,+1-703-773-3746,43.0,140760.29,HR,Austin,2022-11-18
14918,Robert Brown,robert.brown471@example.com,+1-964-553-5112,45.0,18021.55,HR,New York,2020-06-05
14919,Elizabeth Anderson,elizabeth.anderson914@example.com,+1-599-112-5533,,59992.64,HR,Seattle,2021-01-08
14920,John Davis,john.davis848@example.com,+1-305-706-9135,44.0,102601.64,Engineering,San Francisco,2022-02-18
14921,Richard Taylor,richard.taylor458@example.com,+1-831-200-2392,48.0,44883.02,Finance,New York,2020-07-20
14922,Patricia Moore,patricia.moore56@example.com,+1-534-516-5629,45.0,63680.96,Marketing,San Francisco,2020-12-11
14923,Thomas Rodriguez,thomas.rodriguez666@example.com,+1-256-625-8175,44.0,32253.64,Marketing,Chicago,2022-06-27
14924,Charles Garcia,charles.garcia235@example.com,+1-585-567-6260,35.0,51728.55,Sales,Chicago,2023-09-29
14925,Patricia Garcia,patricia.garcia135@example.com,+1-582-287-8054,45.0,50969.62,Finance,Chicago,2023-01-30
14926,John Lopez,john.lopez64@example.com,+1-701-857-1885,41.0,,Finance,Chicago,2024-09-18
14927,Jennifer Jones,jennifer.jones287@example.com,+1-520-183-7231,41.0,129221.59,Finance,San Francisco,2021-06-19
14928,James Martin,james.martin487@example.com,+1-382-297-2982,34.0,95928.1,Engineering,San Francisco,2021-12-21
14929,Robert Wilson,robert.wilson273@example.com,+1-690-828-9718,58.0,130432.41,Finance,Austin,2020-01-09
14930,Susan Johnson,susan.johnson655@example.com,+1-627-616-9151,40.0,21440.71,,Seattle,2021-01-10
14931,Elizabeth Jones,elizabeth.jones345@example.com,+1-528-836-4760,22.0,60795.5,Sales,San Francisco,2023-10-13
14932,Jennifer Williams,jennifer.williams121@example.com,+1-345-887-9195,35.0,118426.64,Sales,Austin,2020-02-18
14933,Elizabeth Rodriguez,elizabeth.rodriguez99@example.com,+1-348-100-8685,39.0,66196.72,Marketing,Chicago,2020-08-19
14934,Thomas Brown,thomas.brown355@example.com,+1-979-310-8250,50.0,103292.44,HR,San Francisco,2022-04-06
14935,William Davis,william.davis989@example.com,+1-799-855-1922,,128504.02,Product,Chicago,2023-02-09
14936,David Garcia,david.garcia393@example.com,+1-615-936-6758,46.0,62240.83,Sales,Chicago,2024-03-11
14937,William Jackson,william.jackson361@example.com,+1-411-838-2208,52.0,74621.01,Engineering,Chicago,2022-06-23
14938,Sarah Martin,sarah.martin721@example.com,+1-856-316-8628,34.0,47596.76,Engineering,Chicago,2020-10-24
14939,William Gonzalez,william.gonzalez950@example.com,+1-868-261-7137,26.0,19705.7,Sales,Chicago,2024-11-06
14940,Sarah Johnson,sarah.johnson293@example.com,+1-689-444-4347,27.0,43011.67,Marketing,Seattle,2024-11-26
14941,Elizabeth Moore,elizabeth.moore786@example.com,+1-955-602-5350,34.0,68784.7,,Austin,2023-07-22
14942,Susan Rodriguez,susan.rodriguez154@example.com,+1-542-318-9388,40.0,44811.26,Engineering,Seattle,2021-11-26
14943,Elizabeth Williams,elizabeth.williams56@example.com,+1-357-850-8947,36.0,119503.34,Sales,Austin,2022-05-11
14944,Susan Hernandez,susan.hernandez232@example.com,+1-766-385-2603,46.0,71424.81,Sales,Boston,2020-09-25
14945,Mary Jackson,mary.jackson789@example.com,+1-715-188-9345,,70350.49,Product,San Francisco,2021-02-21
14946,Richard Jones,richard.jones444@example.com,+1-553-364-7250,57.0,58193.91,Finance,Boston,2023-03-07
14947,Patricia Moore,patricia.moore259@example.com,+1-583-567-8661,24.0,101808.98,HR,Boston,2020-02-24
14948,Jennifer Thomas,jennifer.thomas971@example.com,+1-921-336-3265,41.0,16016.14,Finance,Boston,2023-09-03
14949,William Martin,william.martin51@example.com,+1-217-913-9623,49.0,35097.52,HR,Boston,2022-07-25
14950,Jessica Jones,jessica.jones709@example.com,+1-784-910-4965,,29161.33,Finance,Austin,2022-08-14
14951,Patricia Smith,patricia.smith931@example.com,+1-272-680-5008,57.0,31604.87,Sales,Seattle,2024-07-02
14952,William Brown,william.brown213@example.com,+1-618-183-2936,43.0,61258.53,Finance,Boston,2020-02-27
14953,Elizabeth Rodriguez,elizabeth.rodriguez759@example.com,+1-717-886-7229,41.0,139209.85,Marketing,Austin,2023-03-04
14954,Patricia Johnson,patricia.johnson906@example.com,+1-462-123-6003,29.0,114811.98,HR,Boston,2020-07-17
14955,Joseph Johnson,joseph.johnson785@example.com,+1-856-610-1700,34.0,85230.59,HR,Seattle,2020-04-16
14956,Susan Gonzalez,susan.gonzalez397@example.com,+1-457-213-8705,51.0,106005.57,HR,New York,2022-06-11
14957,Joseph Johnson,joseph.johnson858@example.com,+1-334-159-3383,,124795.96,Product,Boston,2021-10-28
14958,John Smith,john.smith410@example.com,+1-666-974-3222,55.0,28815.43,Marketing,Chicago,2021-02-09
14959,Susan Anderson,susan.anderson941@example.com,+1-384-815-2064,64.0,135981.61,Engineering,Austin,2024-02-17
14960,Robert Johnson,robert.johnson55@example.com,+1-530-225-8993,60.0,107040.31,Sales,San Francisco,2023-04-16
14961,Barbara Martinez,barbara.martinez718@example.com,+1-649-577-8317,34.0,,Product,Chicago,2022-07-11
14962,Jennifer Miller,jennifer.miller685@example.com,+1-555-366-1289,58.0,114534.61,Finance,Seattle,2020-06-18
14963,Thomas Jones,thomas.jones677@example.com,+1-832-991-7341,62.0,21768.85,HR,San Francisco,2023-05-04
14964,Charles Wilson,charles.wilson877@example.com,+1-777-400-3374,49.0,35501.77,Finance,San Francisco,2023-07-24
14965,Sarah Miller,sarah.miller720@example.com,+1-295-195-9062,43.0,78677.46,Product,Austin,2022-07-11
14966,Thomas Williams,thomas.williams664@example.com,+1-652-391-8161,54.0,71106.48,Engineering,Austin,2020-10-27
14967,Richard Jones,richard.jones355@example.com,+1-861-593-6216,45.0,,Marketing,San Francisco,2020-03-26
14968,Richard Garcia,richard.garcia972@example.com,+1-580-878-4306,31.0,13431.69,HR,San Francisco,2024-09-03
14969,Michael Jones,michael.jones508@example.com,+1-797-604-5645,36.0,42607.38,Marketing,San Francisco,2021-12-14
14970,Sarah Jones,sarah.jones980@example.com,+1-976-616-1650,60.0,137873.36,HR,Boston,2020-05-27
14971,John Rodriguez,john.rodriguez122@example.com,+1-367-632-9419,58.0,98908.99,Product,San Francisco,2023-04-20
14972,Patricia Lopez,patricia.lopez588@example.com,+1-459-370-8204,30.0,131144.31,Marketing,Boston,2021-08-16
14973,Sarah Garcia,sarah.garcia675@example.com,+1-759-665-7002,62.0,98546.69,Engineering,Chicago,2021-04-06
14974,Joseph Martinez,joseph.martinez29@example.com,+1-215-746-8900,52.0,15717.82,Finance,San Francisco,2023-01-06
14975,David Jones,david.jones665@example.com,+1-655-176-5409,53.0,108724.04,Sales,San Francisco,2023-05-09
14976,Mary Moore,mary.moore557@example.com,+1-799-730-7625,63.0,63633.6,Marketing,Seattle,2024-10-03
14977,Linda Jackson,linda.jackson226@example.com,+1-683-638-7782,55.0,22369.05,HR,Seattle,2021-07-13
14978,Joseph Garcia,joseph.garcia615@example.com,+1-383-318-9079,,133017.13,HR,Austin,2022-02-20
14979,Joseph Johnson,joseph.johnson726@example.com,+1-856-191-5019,31.0,,Engineering,San Francisco,2022-04-12
14980,Susan Rodriguez,susan.rodriguez941@example.com,+1-208-241-6961,43.0,46256.24,Marketing,Seattle,2023-01-22
14981,David Martin,david.martin861@example.com,+1-424-268-4627,,32379.58,Product,Boston,2022-08-16
14982,David Garcia,david.garcia798@example.com,+1-332-461-7492,56.0,47997.95,HR,Chicago,2022-10-02
14983,Linda Martinez,linda.martinez225@example.com,+1-316-337-8423,37.0,63399.58,Engineering,Seattle,2020-08-21
14984,Barbara Lopez,barbara.lopez418@example.com,+1-834-386-1217,40.0,23003.84,HR,New York,2022-11-07
14985,Jennifer Williams,jennifer.williams608@example.com,+1-791-414-6153,55.0,57322.07,HR,Austin,2021-06-03
14986,Sarah Wilson,sarah.wilson99@example.com,+1-897-412-9371,58.0,62350.85,Engineering,San Francisco,2020-08-13
14987,Sarah Moore,sarah.moore972@example.com,+1-741-694-7622,37.0,125690.79,Engineering,Boston,2023-03-29
14988,Robert Wilson,robert.wilson178@example.com,+1-252-356-6691,51.0,126065.17,HR,New York,2021-09-19
14989,Jennifer Rodriguez,jennifer.rodriguez59@example.com,+1-841-105-7218,47.0,136873.5,Product,Seattle,2022-04-30
14990,Sarah Gonzalez,sarah.gonzalez765@example.com,+1-798-711-2245,43.0,95118.03,Product,San Francisco,2022-12-26
14991,Robert Rodriguez,robert.rodriguez646@example.com,+1-918-792-1786,55.0,23052.0,Product,Chicago,2024-07-16
14992,Linda Johnson,linda.johnson294@example.com,+1-609-506-6155,30.0,57046.62,HR,Austin,2020-01-07
14993,Linda Johnson,linda.johnson729@example.com,+1-840-809-4346,54.0,134361.22,HR,Boston,2023-02-01
14994,Jennifer Anderson,jennifer.anderson118@example.com,+1-629-520-7489,52.0,81890.31,Product,New York,2023-10-23
14995,Jennifer Taylor,jennifer.taylor686@example.com,+1-790-351-7086,35.0,78172.27,Product,San Francisco,2020-07-09
14996,Thomas Moore,thomas.moore70@example.com,+1-281-177-4779,28.0,142503.0,HR,San Francisco,2024-07-30
14997,Elizabeth Taylor,elizabeth.taylor343@example.com,+1-426-291-1320,43.0,143962.61,Engineering,Boston,2021-09-24
14998,Michael Miller,michael.miller521@example.com,+1-600-594-6202,36.0,88831.23,HR,Chicago,2022-11-15
14999,Elizabeth Jones,elizabeth.jones781@example.com,+1-792-439-3221,32.0,71099.95,Product,Boston,2024-04-02
